date,City,No. Stations,Air Quality,Index Value,Prominent Pollutant,year,month,day,day_of_week,aqi_lag_1,aqi_lag_3,aqi_lag_7,aqi_rolling_3,aqi_rolling_7
2015-05-01,Delhi,,Poor,221,O3,2015,5,1,4,,,,,
2015-05-02,Delhi,,Poor,238,"O3, PM2.5",2015,5,2,5,221.0,,,,
2015-05-03,Delhi,,Poor,259,"O3, PM10",2015,5,3,6,238.0,,,239.33333333333334,
2015-05-04,Delhi,,Poor,289,"O3, PM10",2015,5,4,0,259.0,221.0,,262.0,
2015-05-05,Delhi,,Very poor,311,"O3, PM10, PM2.5",2015,5,5,1,289.0,238.0,,286.3333333333333,
2015-05-06,Delhi,,Very Poor,305,"PM10, PM2.5",2015,5,6,2,311.0,259.0,,301.6666666666667,
2015-05-07,Delhi,,Poor,254,"PM10, PM2.5",2015,5,7,3,305.0,289.0,,290.0,268.14285714285717
2015-05-08,Delhi,,Poor,229,"PM10, PM2.5",2015,5,8,4,254.0,311.0,221.0,262.6666666666667,269.2857142857143
2015-05-09,Delhi,,Poor,234,"PM10, PM2.5",2015,5,9,5,229.0,305.0,238.0,239.0,268.7142857142857
2015-05-10,Delhi,,Poor,290,"O3, PM10, PM2.5",2015,5,10,6,234.0,254.0,259.0,251.0,273.14285714285717
2015-05-11,Delhi,,Poor,262,"O3, PM10",2015,5,11,0,290.0,229.0,289.0,262.0,269.2857142857143
2015-05-12,Delhi,,Poor,228,"O3, PM10, PM2.5",2015,5,12,1,262.0,234.0,311.0,260.0,257.42857142857144
2015-05-13,Delhi,,Moderate,183,"CO, PM2.5",2015,5,13,2,228.0,290.0,305.0,224.33333333333334,240.0
2015-05-15,Delhi,7.0,Poor,208,PM2.5,2015,5,15,4,183.0,262.0,254.0,206.33333333333334,233.42857142857142
2015-05-16,Delhi,5.0,Poor,288,"O3, PM10",2015,5,16,5,208.0,228.0,229.0,226.33333333333334,241.85714285714286
2015-05-17,Delhi,5.0,Poor,261,"O3, PM2.5",2015,5,17,6,288.0,183.0,234.0,252.33333333333334,245.71428571428572
2015-05-18,Delhi,6.0,Poor,269,"O3, PM10",2015,5,18,0,261.0,208.0,290.0,272.6666666666667,242.71428571428572
2015-05-19,Delhi,5.0,Poor,227,"PM10, PM2.5",2015,5,19,1,269.0,288.0,262.0,252.33333333333334,237.71428571428572
2015-05-20,Delhi,5.0,Poor,212,"O3, PM10",2015,5,20,2,227.0,261.0,228.0,236.0,235.42857142857142
2015-05-21,Delhi,5.0,Moderate,147,"O3, PM10, PM2.5",2015,5,21,3,212.0,269.0,183.0,195.33333333333334,230.28571428571428
2015-05-22,Delhi,6.0,Moderate,192,"O3, PM2.5",2015,5,22,4,147.0,227.0,208.0,183.66666666666666,228.0
2015-05-23,Delhi,5.0,Moderate,188,"PM10, PM2.5",2015,5,23,5,192.0,212.0,288.0,175.66666666666666,213.71428571428572
2015-05-24,Delhi,5.0,Moderate,193,"O3, PM2.5",2015,5,24,6,188.0,147.0,261.0,191.0,204.0
2015-05-25,Delhi,5.0,Poor,214,"PM10, PM2.5",2015,5,25,0,193.0,192.0,269.0,198.33333333333334,196.14285714285714
2015-05-26,Delhi,5.0,Very poor,305,"PM10, PM2.5",2015,5,26,1,214.0,188.0,227.0,237.33333333333334,207.28571428571428
2015-05-27,Delhi,5.0,Very Poor,323,"O3, PM10",2015,5,27,2,305.0,193.0,212.0,280.6666666666667,223.14285714285714
2015-05-28,Delhi,4.0,Very poor,335,"PM10, PM2.5",2015,5,28,3,323.0,214.0,147.0,321.0,250.0
2015-05-29,Delhi,5.0,Very poor,314,"PM10, PM2.5",2015,5,29,4,335.0,305.0,192.0,324.0,267.42857142857144
2015-05-30,Delhi,4.0,Poor,217,"PM10, PM2.5",2015,5,30,5,314.0,323.0,188.0,288.6666666666667,271.57142857142856
2015-05-31,Delhi,1.0,Satisfactory,74,O3,2015,5,31,6,217.0,335.0,193.0,201.66666666666666,254.57142857142858
2015-06-01,Delhi,5.0,Moderate,200,"O3, PM10, PM2.5",2015,6,1,0,74.0,314.0,214.0,163.66666666666666,252.57142857142858
2015-06-02,Delhi,5.0,Poor,253,"O3, PM10",2015,6,2,1,200.0,217.0,305.0,175.66666666666666,245.14285714285714
2015-06-03,Delhi,6.0,Moderate,152,"PM10, PM2.5",2015,6,3,2,253.0,74.0,323.0,201.66666666666666,220.71428571428572
2015-06-04,Delhi,6.0,Moderate,195,"O3, PM2.5",2015,6,4,3,152.0,200.0,335.0,200.0,200.71428571428572
2015-06-06,Delhi,2.0,Satisfactory,95,PM2.5,2015,6,6,5,195.0,253.0,314.0,147.33333333333334,169.42857142857142
2015-06-07,Delhi,4.0,Moderate,188,"O3, PM2.5",2015,6,7,6,95.0,152.0,217.0,159.33333333333334,165.28571428571428
2015-06-08,Delhi,3.0,Very poor,310,"O3, PM10",2015,6,8,0,188.0,195.0,74.0,197.66666666666666,199.0
2015-06-10,Delhi,6.0,Moderate,151,"O3, PM10, PM2.5",2015,6,10,2,310.0,95.0,200.0,216.33333333333334,192.0
2015-06-11,Delhi,2.0,Moderate,148,PM2.5,2015,6,11,3,151.0,188.0,253.0,203.0,177.0
2015-06-13,Delhi,5.0,Poor,208,PM2.5,2015,6,13,5,148.0,310.0,152.0,169.0,185.0
2015-06-14,Delhi,5.0,Moderate,123,"O3, PM10, PM2.5",2015,6,14,6,208.0,151.0,195.0,159.66666666666666,174.71428571428572
2015-06-15,Delhi,6.0,Poor,251,"O3, PM2.5",2015,6,15,0,123.0,148.0,95.0,194.0,197.0
2015-06-16,Delhi,6.0,Poor,280,"O3, PM10, PM2.5",2015,6,16,1,251.0,208.0,188.0,218.0,210.14285714285714
2015-06-17,Delhi,7.0,Poor,281,"O3, PM10, PM2.5",2015,6,17,2,280.0,123.0,310.0,270.6666666666667,206.0
2015-06-18,Delhi,6.0,Poor,286,"O3, PM10, PM2.5",2015,6,18,3,281.0,251.0,151.0,282.3333333333333,225.28571428571428
2015-06-19,Delhi,6.0,Poor,262,"O3, PM10, PM2.5",2015,6,19,4,286.0,280.0,148.0,276.3333333333333,241.57142857142858
2015-06-20,Delhi,1.0,Moderate,159,O3,2015,6,20,5,262.0,281.0,208.0,235.66666666666666,234.57142857142858
2015-06-21,Delhi,2.0,Satisfactory,88,PM2.5,2015,6,21,6,159.0,286.0,123.0,169.66666666666666,229.57142857142858
2015-06-22,Delhi,6.0,Moderate,146,"PM10, PM2.5",2015,6,22,0,88.0,262.0,251.0,131.0,214.57142857142858
2015-06-23,Delhi,6.0,Moderate,171,PM2.5,2015,6,23,1,146.0,159.0,280.0,135.0,199.0
2015-06-24,Delhi,4.0,Poor,234,"O3, PM2.5",2015,6,24,2,171.0,88.0,281.0,183.66666666666666,192.28571428571428
2015-06-25,Delhi,3.0,Satisfactory,96,O3,2015,6,25,3,234.0,146.0,286.0,167.0,165.14285714285714
2015-06-26,Delhi,7.0,Moderate,167,"PM10, PM2.5",2015,6,26,4,96.0,171.0,262.0,165.66666666666666,151.57142857142858
2015-06-27,Delhi,6.0,Moderate,172,"PM10, PM2.5",2015,6,27,5,167.0,234.0,159.0,145.0,153.42857142857142
2015-06-28,Delhi,6.0,Moderate,182,"PM10, PM2.5",2015,6,28,6,172.0,96.0,88.0,173.66666666666666,166.85714285714286
2015-07-01,Delhi,6.0,Moderate,153,"O3, PM10, PM2.5",2015,7,1,2,182.0,167.0,146.0,169.0,167.85714285714286
2015-07-02,Delhi,6.0,Poor,219,"O3, PM10, PM2.5",2015,7,2,3,153.0,172.0,171.0,184.66666666666666,174.71428571428572
2015-07-03,Delhi,6.0,Moderate,179,"O3, PM10, PM2.5",2015,7,3,4,219.0,182.0,234.0,183.66666666666666,166.85714285714286
2015-07-04,Delhi,1.0,Moderate,176,PM2.5,2015,7,4,5,179.0,153.0,96.0,191.33333333333334,178.28571428571428
2015-07-05,Delhi,3.0,Very Poor,303,PM2.5,2015,7,5,6,176.0,219.0,167.0,219.33333333333334,197.71428571428572
2015-07-06,Delhi,7.0,Poor,225,"PM10, PM2.5",2015,7,6,0,303.0,179.0,172.0,234.66666666666666,205.28571428571428
2015-07-07,Delhi,7.0,Moderate,145,"PM10, PM2.5",2015,7,7,1,225.0,176.0,182.0,224.33333333333334,200.0
2015-07-08,Delhi,6.0,Moderate,160,"PM10, PM2.5",2015,7,8,2,145.0,303.0,153.0,176.66666666666666,201.0
2015-07-09,Delhi,6.0,Moderate,153,"O3, PM10, PM2.5",2015,7,9,3,160.0,225.0,219.0,152.66666666666666,191.57142857142858
2015-07-10,Delhi,5.0,Moderate,112,"CO, PM10, PM2.5",2015,7,10,4,153.0,145.0,179.0,141.66666666666666,182.0
2015-07-11,Delhi,4.0,Satisfactory,56,"CO, NO2, PM2.5",2015,7,11,5,112.0,160.0,176.0,107.0,164.85714285714286
2015-07-12,Delhi,3.0,Satisfactory,67,"CO, PM2.5",2015,7,12,6,56.0,153.0,303.0,78.33333333333333,131.14285714285714
2015-07-13,Delhi,3.0,Satisfactory,63,"CO, O3, PM10",2015,7,13,0,67.0,112.0,225.0,62.0,108.0
2015-07-14,Delhi,4.0,Satisfactory,82,PM2.5,2015,7,14,1,63.0,56.0,145.0,70.66666666666667,99.0
2015-07-15,Delhi,5.0,Moderate,195,"PM10, PM2.5",2015,7,15,2,82.0,67.0,160.0,113.33333333333333,104.0
2015-07-16,Delhi,4.0,Poor,247,PM10,2015,7,16,3,195.0,63.0,153.0,174.66666666666666,117.42857142857143
2015-07-17,Delhi,5.0,Moderate,180,"PM10, PM2.5",2015,7,17,4,247.0,82.0,112.0,207.33333333333334,127.14285714285714
2015-07-18,Delhi,4.0,Moderate,187,PM10,2015,7,18,5,180.0,195.0,56.0,204.66666666666666,145.85714285714286
2015-07-19,Delhi,6.0,Moderate,151,"NO2, PM10, PM2.5",2015,7,19,6,187.0,247.0,67.0,172.66666666666666,157.85714285714286
2015-07-20,Delhi,4.0,Moderate,155,"NO2, O3, PM2.5",2015,7,20,0,151.0,180.0,63.0,164.33333333333334,171.0
2015-07-21,Delhi,5.0,Moderate,132,"NO2, PM10, PM2.5",2015,7,21,1,155.0,187.0,82.0,146.0,178.14285714285714
2015-07-22,Delhi,5.0,Moderate,124,"NO2, PM10",2015,7,22,2,132.0,151.0,195.0,137.0,168.0
2015-07-23,Delhi,4.0,Moderate,178,"CO, PM10",2015,7,23,3,124.0,155.0,247.0,144.66666666666666,158.14285714285714
2015-07-24,Delhi,5.0,Satisfactory,99,PM10,2015,7,24,4,178.0,132.0,180.0,133.66666666666666,146.57142857142858
2015-07-25,Delhi,5.0,Moderate,104,PM10,2015,7,25,5,99.0,124.0,187.0,127.0,134.71428571428572
2015-07-26,Delhi,3.0,Satisfactory,82,"PM10, PM2.5",2015,7,26,6,104.0,178.0,151.0,95.0,124.85714285714286
2015-07-27,Delhi,4.0,Satisfactory,53,CO,2015,7,27,0,82.0,99.0,155.0,79.66666666666667,110.28571428571429
2015-07-28,Delhi,4.0,Satisfactory,70,NO2,2015,7,28,1,53.0,104.0,132.0,68.33333333333333,101.42857142857143
2015-07-29,Delhi,6.0,Satisfactory,73,PM10,2015,7,29,2,70.0,82.0,124.0,65.33333333333333,94.14285714285714
2015-07-30,Delhi,3.0,Satisfactory,60,PM2.5,2015,7,30,3,73.0,53.0,178.0,67.66666666666667,77.28571428571429
2015-07-31,Delhi,5.0,Satisfactory,99,"CO, PM10",2015,7,31,4,60.0,70.0,99.0,77.33333333333333,77.28571428571429
2015-08-01,Delhi,5.0,Moderate,130,"PM10, PM2.5",2015,8,1,5,99.0,73.0,104.0,96.33333333333333,81.0
2015-08-02,Delhi,5.0,Moderate,122,"PM10, PM2.5",2015,8,2,6,130.0,60.0,82.0,117.0,86.71428571428571
2015-08-03,Delhi,6.0,Moderate,128,"PM10, PM2.5",2015,8,3,0,122.0,99.0,53.0,126.66666666666667,97.42857142857143
2015-08-04,Delhi,4.0,Moderate,153,"PM10, PM2.5",2015,8,4,1,128.0,130.0,70.0,134.33333333333334,109.28571428571429
2015-08-05,Delhi,5.0,Moderate,134,"PM10, PM2.5",2015,8,5,2,153.0,122.0,73.0,138.33333333333334,118.0
2015-08-06,Delhi,5.0,Moderate,149,"PM10, PM2.5",2015,8,6,3,134.0,128.0,60.0,145.33333333333334,130.71428571428572
2015-08-07,Delhi,5.0,Moderate,148,"O3, PM2.5",2015,8,7,4,149.0,153.0,99.0,143.66666666666666,137.71428571428572
2015-08-08,Delhi,5.0,Moderate,155,"PM10, PM2.5",2015,8,8,5,148.0,134.0,130.0,150.66666666666666,141.28571428571428
2015-08-09,Delhi,4.0,Moderate,167,"PM10, PM2.5",2015,8,9,6,155.0,149.0,122.0,156.66666666666666,147.71428571428572
2015-08-10,Delhi,4.0,Moderate,142,PM2.5,2015,8,10,0,167.0,148.0,128.0,154.66666666666666,149.71428571428572
2015-08-11,Delhi,4.0,Poor,246,"O3, PM2.5",2015,8,11,1,142.0,155.0,153.0,185.0,163.0
2015-08-12,Delhi,4.0,Moderate,101,"PM10, PM2.5",2015,8,12,2,246.0,167.0,134.0,163.0,158.28571428571428
2015-08-13,Delhi,4.0,Moderate,179,"O3, PM2.5",2015,8,13,3,101.0,142.0,149.0,175.33333333333334,162.57142857142858
2015-08-14,Delhi,5.0,Moderate,175,"PM10, PM2.5",2015,8,14,4,179.0,246.0,148.0,151.66666666666666,166.42857142857142
2015-08-15,Delhi,5.0,Moderate,130,"PM10, PM2.5",2015,8,15,5,175.0,101.0,155.0,161.33333333333334,162.85714285714286
2015-08-16,Delhi,5.0,Satisfactory,96,PM2.5,2015,8,16,6,130.0,179.0,167.0,133.66666666666666,152.71428571428572
2015-08-17,Delhi,5.0,Moderate,105,"PM10, PM2.5",2015,8,17,0,96.0,175.0,142.0,110.33333333333333,147.42857142857142
2015-08-18,Delhi,6.0,Moderate,147,"PM10, PM2.5",2015,8,18,1,105.0,130.0,246.0,116.0,133.28571428571428
2015-08-19,Delhi,5.0,Satisfactory,62,"NO2, PM10",2015,8,19,2,147.0,96.0,101.0,104.66666666666667,127.71428571428571
2015-08-20,Delhi,5.0,Moderate,144,"PM10, PM2.5",2015,8,20,3,62.0,105.0,179.0,117.66666666666667,122.71428571428571
2015-08-21,Delhi,5.0,Moderate,174,"PM10, PM2.5",2015,8,21,4,144.0,147.0,175.0,126.66666666666667,122.57142857142857
2015-08-22,Delhi,5.0,Moderate,128,"PM10, PM2.5",2015,8,22,5,174.0,62.0,130.0,148.66666666666666,122.28571428571429
2015-08-23,Delhi,3.0,Moderate,106,"PM10, PM2.5",2015,8,23,6,128.0,144.0,96.0,136.0,123.71428571428571
2015-08-24,Delhi,4.0,Satisfactory,99,"PM10, PM2.5",2015,8,24,0,106.0,174.0,105.0,111.0,122.85714285714286
2015-08-25,Delhi,6.0,Moderate,143,"PM10, PM2.5",2015,8,25,1,99.0,128.0,147.0,116.0,122.28571428571429
2015-08-26,Delhi,4.0,Moderate,190,"PM10, PM2.5",2015,8,26,2,143.0,106.0,62.0,144.0,140.57142857142858
2015-08-27,Delhi,6.0,Moderate,173,"PM10, PM2.5",2015,8,27,3,190.0,99.0,144.0,168.66666666666666,144.71428571428572
2015-08-29,Delhi,4.0,Poor,212,"PM10, PM2.5",2015,8,29,5,173.0,143.0,174.0,191.66666666666666,150.14285714285714
2015-08-30,Delhi,4.0,Moderate,185,"PM10, PM2.5",2015,8,30,6,212.0,190.0,128.0,190.0,158.28571428571428
2015-08-31,Delhi,4.0,Moderate,190,"PM10, PM2.5",2015,8,31,0,185.0,173.0,106.0,195.66666666666666,170.28571428571428
2015-09-01,Delhi,2.0,Satisfactory,99,PM2.5,2015,9,1,1,190.0,212.0,99.0,158.0,170.28571428571428
2015-09-02,Delhi,5.0,Poor,250,"PM10, PM2.5",2015,9,2,2,99.0,185.0,143.0,179.66666666666666,185.57142857142858
2015-09-03,Delhi,4.0,Poor,246,"PM10, PM2.5",2015,9,3,3,250.0,190.0,190.0,198.33333333333334,193.57142857142858
2015-09-04,Delhi,3.0,Poor,296,"PM10, PM2.5",2015,9,4,4,246.0,99.0,173.0,264.0,211.14285714285714
2015-09-05,Delhi,1.0,Moderate,152,O3,2015,9,5,5,296.0,250.0,212.0,231.33333333333334,202.57142857142858
2015-09-06,Delhi,2.0,Moderate,175,"O3, PM2.5",2015,9,6,6,152.0,246.0,185.0,207.66666666666666,201.14285714285714
2015-09-07,Delhi,4.0,Moderate,171,"O3, PM10",2015,9,7,0,175.0,296.0,190.0,166.0,198.42857142857142
2015-09-08,Delhi,6.0,Moderate,189,"O3, PM2.5",2015,9,8,1,171.0,152.0,99.0,178.33333333333334,211.28571428571428
2015-09-09,Delhi,4.0,Poor,222,"O3, PM10",2015,9,9,2,189.0,175.0,250.0,194.0,207.28571428571428
2015-09-10,Delhi,5.0,Moderate,200,"O3, PM10",2015,9,10,3,222.0,171.0,246.0,203.66666666666666,200.71428571428572
2015-09-11,Delhi,6.0,Poor,222,"O3, PM10",2015,9,11,4,200.0,189.0,296.0,214.66666666666666,190.14285714285714
2015-09-12,Delhi,4.0,Poor,217,"O3, PM10",2015,9,12,5,222.0,222.0,152.0,213.0,199.42857142857142
2015-09-13,Delhi,1.0,Poor,218,PM2.5,2015,9,13,6,217.0,200.0,175.0,219.0,205.57142857142858
2015-09-14,Delhi,6.0,Very Poor,302,"O3, PM2.5",2015,9,14,0,218.0,222.0,171.0,245.66666666666666,224.28571428571428
2015-09-15,Delhi,5.0,Poor,274,"O3, PM2.5",2015,9,15,1,302.0,217.0,189.0,264.6666666666667,236.42857142857142
2015-09-16,Delhi,5.0,Poor,248,"O3, PM2.5",2015,9,16,2,274.0,218.0,222.0,274.6666666666667,240.14285714285714
2015-09-17,Delhi,6.0,Poor,293,"O3, PM2.5",2015,9,17,3,248.0,302.0,200.0,271.6666666666667,253.42857142857142
2015-09-18,Delhi,5.0,Moderate,166,"PM10, PM2.5",2015,9,18,4,293.0,274.0,222.0,235.66666666666666,245.42857142857142
2015-09-19,Delhi,5.0,Moderate,133,"CO, PM2.5",2015,9,19,5,166.0,248.0,217.0,197.33333333333334,233.42857142857142
2015-09-20,Delhi,2.0,Moderate,110,PM2.5,2015,9,20,6,133.0,293.0,218.0,136.33333333333334,218.0
2015-09-21,Delhi,6.0,Moderate,144,"O3, PM2.5",2015,9,21,0,110.0,166.0,302.0,129.0,195.42857142857142
2015-09-22,Delhi,6.0,Satisfactory,97,"NO2, PM2.5",2015,9,22,1,144.0,133.0,274.0,117.0,170.14285714285714
2015-09-23,Delhi,6.0,Satisfactory,98,"O3, PM2.5",2015,9,23,2,97.0,110.0,248.0,113.0,148.71428571428572
2015-09-24,Delhi,1.0,Satisfactory,85,O3,2015,9,24,3,98.0,144.0,293.0,93.33333333333333,119.0
2015-09-25,Delhi,6.0,Moderate,189,"PM10, PM2.5",2015,9,25,4,85.0,97.0,166.0,124.0,122.28571428571429
2015-09-26,Delhi,6.0,Moderate,193,"O3, PM2.5",2015,9,26,5,189.0,98.0,133.0,155.66666666666666,130.85714285714286
2015-09-27,Delhi,5.0,Poor,227,"PM10, PM2.5",2015,9,27,6,193.0,85.0,110.0,203.0,147.57142857142858
2015-09-28,Delhi,2.0,Poor,206,PM2.5,2015,9,28,0,227.0,189.0,144.0,208.66666666666666,156.42857142857142
2015-09-29,Delhi,6.0,Poor,237,"O3, PM2.5",2015,9,29,1,206.0,193.0,97.0,223.33333333333334,176.42857142857142
2015-09-30,Delhi,6.0,Moderate,175,"NO2, O3",2015,9,30,2,237.0,227.0,98.0,206.0,187.42857142857142
2015-10-01,Delhi,4.0,Poor,251,"PM10, PM2.5",2015,10,1,3,175.0,206.0,85.0,221.0,211.14285714285714
2015-10-02,Delhi,4.0,Poor,282,"PM10, PM2.5",2015,10,2,4,251.0,237.0,189.0,236.0,224.42857142857142
2015-10-03,Delhi,1.0,Moderate,194,O3,2015,10,3,5,282.0,175.0,193.0,242.33333333333334,224.57142857142858
2015-10-04,Delhi,1.0,Poor,201,PM2.5,2015,10,4,6,194.0,251.0,227.0,225.66666666666666,220.85714285714286
2015-10-05,Delhi,1.0,Poor,211,PM2.5,2015,10,5,0,201.0,282.0,206.0,202.0,221.57142857142858
2015-10-06,Delhi,4.0,Poor,276,"O3, PM2.5",2015,10,6,1,211.0,194.0,237.0,229.33333333333334,227.14285714285714
2015-10-07,Delhi,4.0,Poor,267,"PM10, PM2.5",2015,10,7,2,276.0,201.0,175.0,251.33333333333334,240.28571428571428
2015-10-08,Delhi,3.0,Very Poor,337,"PM10, PM2.5",2015,10,8,3,267.0,211.0,251.0,293.3333333333333,252.57142857142858
2015-10-09,Delhi,5.0,Poor,254,"PM10, PM2.5",2015,10,9,4,337.0,276.0,282.0,286.0,248.57142857142858
2015-10-10,Delhi,1.0,Satisfactory,81,PM2.5,2015,10,10,5,254.0,267.0,194.0,224.0,232.42857142857142
2015-10-11,Delhi,3.0,Poor,221,"PM10, PM2.5",2015,10,11,6,81.0,337.0,201.0,185.33333333333334,235.28571428571428
2015-10-12,Delhi,5.0,Poor,224,"PM10, PM2.5",2015,10,12,0,221.0,254.0,211.0,175.33333333333334,237.14285714285714
2015-10-13,Delhi,5.0,Poor,236,"PM10, PM2.5",2015,10,13,1,224.0,81.0,276.0,227.0,231.42857142857142
2015-10-14,Delhi,5.0,Poor,207,"O3, PM2.5",2015,10,14,2,236.0,221.0,267.0,222.33333333333334,222.85714285714286
2015-10-15,Delhi,5.0,Poor,272,"O3, PM10",2015,10,15,3,207.0,224.0,337.0,238.33333333333334,213.57142857142858
2015-10-16,Delhi,5.0,Very Poor,310,"O3, PM2.5",2015,10,16,4,272.0,236.0,254.0,263.0,221.57142857142858
2015-10-17,Delhi,1.0,Moderate,168,PM2.5,2015,10,17,5,310.0,207.0,81.0,250.0,234.0
2015-10-18,Delhi,1.0,Very Poor,304,O3,2015,10,18,6,168.0,272.0,221.0,260.6666666666667,245.85714285714286
2015-10-19,Delhi,4.0,Very Poor,323,"PM10, PM2.5",2015,10,19,0,304.0,310.0,224.0,265.0,260.0
2015-10-20,Delhi,3.0,Very Poor,331,"PM10, PM2.5",2015,10,20,1,323.0,168.0,236.0,319.3333333333333,273.57142857142856
2015-10-21,Delhi,5.0,Very Poor,318,"O3, PM2.5",2015,10,21,2,331.0,304.0,207.0,324.0,289.42857142857144
2015-10-23,Delhi,5.0,Poor,292,"PM10, PM2.5",2015,10,23,4,318.0,323.0,272.0,313.6666666666667,292.2857142857143
2015-10-24,Delhi,2.0,Very Poor,376,"O3, PM10",2015,10,24,5,292.0,331.0,310.0,328.6666666666667,301.7142857142857
2015-10-25,Delhi,3.0,Very Poor,310,"O3, PM10",2015,10,25,6,376.0,318.0,168.0,326.0,322.0
2015-10-26,Delhi,5.0,Poor,211,"O3, PM2.5",2015,10,26,0,310.0,292.0,304.0,299.0,308.7142857142857
2015-10-27,Delhi,4.0,Poor,270,"PM10, PM2.5",2015,10,27,1,211.0,376.0,323.0,263.6666666666667,301.14285714285717
2015-10-28,Delhi,4.0,Poor,267,"PM10, PM2.5",2015,10,28,2,270.0,310.0,331.0,249.33333333333334,292.0
2015-10-29,Delhi,6.0,Poor,254,"O3, PM2.5",2015,10,29,3,267.0,211.0,318.0,263.6666666666667,282.85714285714283
2015-10-31,Delhi,2.0,Very Poor,394,PM2.5,2015,10,31,5,254.0,270.0,292.0,305.0,297.42857142857144
2015-11-01,Delhi,2.0,Severe,405,PM2.5,2015,11,1,6,394.0,267.0,376.0,351.0,301.57142857142856
2015-11-02,Delhi,6.0,Very Poor,377,"PM10, PM2.5",2015,11,2,0,405.0,254.0,310.0,392.0,311.14285714285717
2015-11-03,Delhi,6.0,Very Poor,373,"PM10, PM2.5",2015,11,3,1,377.0,394.0,211.0,385.0,334.2857142857143
2015-11-04,Delhi,6.0,Severe,421,PM2.5,2015,11,4,2,373.0,405.0,270.0,390.3333333333333,355.85714285714283
2015-11-05,Delhi,6.0,Very Poor,323,PM2.5,2015,11,5,3,421.0,377.0,267.0,372.3333333333333,363.85714285714283
2015-11-06,Delhi,6.0,Poor,272,"PM10, PM2.5",2015,11,6,4,323.0,373.0,254.0,338.6666666666667,366.42857142857144
2015-11-07,Delhi,6.0,Severe,435,"PM10, PM2.5",2015,11,7,5,272.0,421.0,394.0,343.3333333333333,372.2857142857143
2015-11-08,Delhi,4.0,Very Poor,389,PM2.5,2015,11,8,6,435.0,323.0,405.0,365.3333333333333,370.0
2015-11-09,Delhi,6.0,Very Poor,323,"PM10, PM2.5",2015,11,9,0,389.0,272.0,377.0,382.3333333333333,362.2857142857143
2015-11-10,Delhi,5.0,Very Poor,353,"PM10, PM2.5",2015,11,10,1,323.0,435.0,373.0,355.0,359.42857142857144
2015-11-11,Delhi,7.0,Very Poor,343,"PM10, PM2.5",2015,11,11,2,353.0,389.0,421.0,339.6666666666667,348.2857142857143
2015-11-12,Delhi,7.0,Very Poor,360,"PM10, PM2.5",2015,11,12,3,343.0,323.0,323.0,352.0,353.57142857142856
2015-11-13,Delhi,6.0,Very Poor,388,PM2.5,2015,11,13,4,360.0,353.0,272.0,363.6666666666667,370.14285714285717
2015-11-14,Delhi,6.0,Very Poor,377,"PM10, PM2.5",2015,11,14,5,388.0,343.0,435.0,375.0,361.85714285714283
2015-11-15,Delhi,6.0,Very Poor,356,"PM10, PM2.5",2015,11,15,6,377.0,360.0,389.0,373.6666666666667,357.14285714285717
2015-11-16,Delhi,5.0,Very Poor,337,"PM10, PM2.5",2015,11,16,0,356.0,388.0,323.0,356.6666666666667,359.14285714285717
2015-11-17,Delhi,6.0,Poor,263,"PM10, PM2.5",2015,11,17,1,337.0,377.0,353.0,318.6666666666667,346.2857142857143
2015-11-18,Delhi,6.0,Very Poor,322,"PM10, PM2.5",2015,11,18,2,263.0,356.0,343.0,307.3333333333333,343.2857142857143
2015-11-19,Delhi,7.0,Very Poor,371,"PM10, PM2.5",2015,11,19,3,322.0,337.0,360.0,318.6666666666667,344.85714285714283
2015-11-21,Delhi,6.0,Severe,402,"PM10, PM2.5",2015,11,21,5,371.0,263.0,388.0,365.0,346.85714285714283
2015-11-22,Delhi,5.0,Severe,410,"PM10, PM2.5",2015,11,22,6,402.0,322.0,377.0,394.3333333333333,351.57142857142856
2015-11-23,Delhi,5.0,Severe,420,"PM10, PM2.5",2015,11,23,0,410.0,371.0,356.0,410.6666666666667,360.7142857142857
2015-11-24,Delhi,3.0,Very Poor,348,PM2.5,2015,11,24,1,420.0,402.0,337.0,392.6666666666667,362.2857142857143
2015-11-25,Delhi,6.0,Very Poor,314,"PM10, PM2.5",2015,11,25,2,348.0,410.0,263.0,360.6666666666667,369.57142857142856
2015-11-26,Delhi,7.0,Very Poor,331,"PM10, PM2.5",2015,11,26,3,314.0,420.0,322.0,331.0,370.85714285714283
2015-11-27,Delhi,6.0,Very Poor,317,"PM10, PM2.5",2015,11,27,4,331.0,348.0,371.0,320.6666666666667,363.14285714285717
2015-11-28,Delhi,7.0,Very Poor,342,"PM10, PM2.5",2015,11,28,5,317.0,314.0,402.0,330.0,354.57142857142856
2015-11-29,Delhi,1.0,Very Poor,303,PM2.5,2015,11,29,6,342.0,331.0,410.0,320.6666666666667,339.2857142857143
2015-11-30,Delhi,6.0,Severe,408,"PM10, PM2.5",2015,11,30,0,303.0,317.0,420.0,351.0,337.57142857142856
2015-12-01,Delhi,7.0,Very Poor,356,"PM10, PM2.5",2015,12,1,1,408.0,342.0,348.0,355.6666666666667,338.7142857142857
2015-12-02,Delhi,7.0,Very Poor,332,"PM10, PM2.5",2015,12,2,2,356.0,303.0,314.0,365.3333333333333,341.2857142857143
2015-12-03,Delhi,7.0,Very Poor,331,"PM10, PM2.5",2015,12,3,3,332.0,408.0,331.0,339.6666666666667,341.2857142857143
2015-12-04,Delhi,7.0,Very Poor,321,"PM10, PM2.5",2015,12,4,4,331.0,356.0,317.0,328.0,341.85714285714283
2015-12-05,Delhi,6.0,Very Poor,364,"PM10, PM2.5",2015,12,5,5,321.0,332.0,342.0,338.6666666666667,345.0
2015-12-06,Delhi,1.0,Poor,271,PM2.5,2015,12,6,6,364.0,331.0,303.0,318.6666666666667,340.42857142857144
2015-12-07,Delhi,5.0,Very Poor,390,"PM10, PM2.5",2015,12,7,0,271.0,321.0,408.0,341.6666666666667,337.85714285714283
2015-12-08,Delhi,6.0,Very Poor,383,"PM10, PM2.5",2015,12,8,1,390.0,364.0,356.0,348.0,341.7142857142857
2015-12-09,Delhi,7.0,Very Poor,382,"PM10, PM2.5",2015,12,9,2,383.0,271.0,332.0,385.0,348.85714285714283
2015-12-10,Delhi,7.0,Very Poor,350,"PM10, PM2.5",2015,12,10,3,382.0,390.0,331.0,371.6666666666667,351.57142857142856
2015-12-11,Delhi,6.0,Very Poor,352,"PM10, PM2.5",2015,12,11,4,350.0,383.0,321.0,361.3333333333333,356.0
2015-12-12,Delhi,7.0,Very Poor,323,"PM10, PM2.5",2015,12,12,5,352.0,382.0,364.0,341.6666666666667,350.14285714285717
2015-12-13,Delhi,6.0,Poor,281,"PM10, PM2.5",2015,12,13,6,323.0,350.0,271.0,318.6666666666667,351.57142857142856
2015-12-14,Delhi,2.0,Poor,206,PM2.5,2015,12,14,0,281.0,352.0,390.0,270.0,325.2857142857143
2015-12-15,Delhi,3.0,Poor,208,PM2.5,2015,12,15,1,206.0,323.0,383.0,231.66666666666666,300.2857142857143
2015-12-16,Delhi,3.0,Poor,254,PM2.5,2015,12,16,2,208.0,281.0,382.0,222.66666666666666,282.0
2015-12-17,Delhi,3.0,Poor,300,PM2.5,2015,12,17,3,254.0,206.0,350.0,254.0,274.85714285714283
2015-12-18,Delhi,3.0,Poor,293,PM2.5,2015,12,18,4,300.0,208.0,352.0,282.3333333333333,266.42857142857144
2015-12-19,Delhi,3.0,Poor,257,PM2.5,2015,12,19,5,293.0,254.0,323.0,283.3333333333333,257.0
2015-12-20,Delhi,1.0,Very Poor,330,PM2.5,2015,12,20,6,257.0,300.0,281.0,293.3333333333333,264.0
2015-12-21,Delhi,3.0,Poor,281,PM2.5,2015,12,21,0,330.0,293.0,206.0,289.3333333333333,274.7142857142857
2015-12-22,Delhi,3.0,Very Poor,316,PM2.5,2015,12,22,1,281.0,257.0,208.0,309.0,290.14285714285717
2015-12-23,Delhi,6.0,Very Poor,374,"PM10, PM2.5",2015,12,23,2,316.0,330.0,254.0,323.6666666666667,307.2857142857143
2015-12-24,Delhi,3.0,Moderate,178,PM2.5,2015,12,24,3,374.0,281.0,300.0,289.3333333333333,289.85714285714283
2015-12-25,Delhi,6.0,Moderate,166,"O3, PM2.5",2015,12,25,4,178.0,316.0,293.0,239.33333333333334,271.7142857142857
2015-12-26,Delhi,3.0,Moderate,140,PM2.5,2015,12,26,5,166.0,374.0,257.0,161.33333333333334,255.0
2015-12-27,Delhi,4.0,Very Poor,327,PM2.5,2015,12,27,6,140.0,178.0,330.0,211.0,254.57142857142858
2015-12-28,Delhi,7.0,Poor,271,"PM10, PM2.5",2015,12,28,0,327.0,166.0,281.0,246.0,253.14285714285714
2015-12-29,Delhi,7.0,Poor,269,"PM10, PM2.5",2015,12,29,1,271.0,140.0,316.0,289.0,246.42857142857142
2015-12-30,Delhi,6.0,Very Poor,330,"PM10, PM2.5",2015,12,30,2,269.0,327.0,374.0,290.0,240.14285714285714
2015-12-31,Delhi,6.0,Very Poor,386,"PM10, PM2.5",2015,12,31,3,330.0,271.0,178.0,328.3333333333333,269.85714285714283
2016-01-01,Delhi,7.0,Very Poor,391,"PM10, PM2.5",2016,1,1,4,386.0,269.0,166.0,369.0,302.0
2016-01-02,Delhi,7.0,Very Poor,384,"PM10, PM2.5",2016,1,2,5,391.0,330.0,140.0,387.0,336.85714285714283
2016-01-03,Delhi,7.0,Very Poor,381,"PM10, PM2.5",2016,1,3,6,384.0,386.0,327.0,385.3333333333333,344.57142857142856
2016-01-04,Delhi,5.0,Severe,429,"PM10, PM2.5",2016,1,4,0,381.0,391.0,271.0,398.0,367.14285714285717
2016-01-05,Delhi,5.0,Severe,434,"PM10, PM2.5",2016,1,5,1,429.0,384.0,269.0,414.6666666666667,390.7142857142857
2016-01-06,Delhi,3.0,Very Poor,356,PM2.5,2016,1,6,2,434.0,381.0,330.0,406.3333333333333,394.42857142857144
2016-01-07,Delhi,6.0,Severe,402,"PM10, PM2.5",2016,1,7,3,356.0,429.0,386.0,397.3333333333333,396.7142857142857
2016-01-08,Delhi,5.0,Very Poor,399,PM2.5,2016,1,8,4,402.0,434.0,391.0,385.6666666666667,397.85714285714283
2016-01-09,Delhi,5.0,Very Poor,337,"PM10, PM2.5",2016,1,9,5,399.0,356.0,384.0,379.3333333333333,391.14285714285717
2016-01-10,Delhi,5.0,Very Poor,312,"PM10, PM2.5",2016,1,10,6,337.0,402.0,381.0,349.3333333333333,381.2857142857143
2016-01-11,Delhi,6.0,Very Poor,348,"PM10, PM2.5",2016,1,11,0,312.0,399.0,429.0,332.3333333333333,369.7142857142857
2016-01-12,Delhi,5.0,Very Poor,339,"PM10, PM2.5",2016,1,12,1,348.0,337.0,434.0,333.0,356.14285714285717
2016-01-13,Delhi,6.0,Very Poor,332,PM2.5,2016,1,13,2,339.0,312.0,356.0,339.6666666666667,352.7142857142857
2016-01-14,Delhi,6.0,Very Poor,345,PM2.5,2016,1,14,3,332.0,348.0,402.0,338.6666666666667,344.57142857142856
2016-01-15,Delhi,6.0,Poor,292,PM2.5,2016,1,15,4,345.0,339.0,399.0,323.0,329.2857142857143
2016-01-16,Delhi,6.0,Poor,285,PM2.5,2016,1,16,5,292.0,332.0,337.0,307.3333333333333,321.85714285714283
2016-01-17,Delhi,6.0,Very Poor,305,PM2.5,2016,1,17,6,285.0,345.0,312.0,294.0,320.85714285714283
2016-01-18,Delhi,6.0,Very Poor,344,"PM10, PM2.5",2016,1,18,0,305.0,292.0,348.0,311.3333333333333,320.2857142857143
2016-01-19,Delhi,6.0,Very Poor,346,"PM10, PM2.5",2016,1,19,1,344.0,285.0,339.0,331.6666666666667,321.2857142857143
2016-01-20,Delhi,6.0,Very Poor,397,"PM10, PM2.5",2016,1,20,2,346.0,305.0,332.0,362.3333333333333,330.57142857142856
2016-01-21,Delhi,4.0,Very Poor,356,PM2.5,2016,1,21,3,397.0,344.0,345.0,366.3333333333333,332.14285714285717
2016-01-22,Delhi,2.0,Very Poor,334,PM2.5,2016,1,22,4,356.0,346.0,292.0,362.3333333333333,338.14285714285717
2016-01-23,Delhi,4.0,Very Poor,398,PM2.5,2016,1,23,5,334.0,397.0,285.0,362.6666666666667,354.2857142857143
2016-01-24,Delhi,4.0,Severe,430,PM2.5,2016,1,24,6,398.0,356.0,305.0,387.3333333333333,372.14285714285717
2016-01-25,Delhi,5.0,Very Poor,380,PM2.5,2016,1,25,0,430.0,334.0,344.0,402.6666666666667,377.2857142857143
2016-01-26,Delhi,4.0,Severe,417,PM2.5,2016,1,26,1,380.0,398.0,346.0,409.0,387.42857142857144
2016-01-27,Delhi,6.0,Very Poor,379,"PM10, PM2.5",2016,1,27,2,417.0,430.0,397.0,392.0,384.85714285714283
2016-01-28,Delhi,3.0,Very Poor,384,"PM10, PM2.5",2016,1,28,3,379.0,380.0,356.0,393.3333333333333,388.85714285714283
2016-01-29,Delhi,4.0,Very Poor,399,"PM10, PM2.5",2016,1,29,4,384.0,417.0,334.0,387.3333333333333,398.14285714285717
2016-01-30,Delhi,4.0,Severe,417,PM2.5,2016,1,30,5,399.0,379.0,398.0,400.0,400.85714285714283
2016-01-31,Delhi,1.0,Severe,407,PM2.5,2016,1,31,6,417.0,384.0,430.0,407.6666666666667,397.57142857142856
2016-02-01,Delhi,4.0,Poor,270,PM2.5,2016,2,1,0,407.0,399.0,380.0,364.6666666666667,381.85714285714283
2016-02-02,Delhi,4.0,Poor,268,"PM10, PM2.5",2016,2,2,1,270.0,417.0,417.0,315.0,360.57142857142856
2016-02-03,Delhi,4.0,Poor,284,"PM10, PM2.5",2016,2,3,2,268.0,407.0,379.0,274.0,347.0
2016-02-04,Delhi,2.0,Poor,274,"PM10, PM2.5",2016,2,4,3,284.0,270.0,384.0,275.3333333333333,331.2857142857143
2016-02-05,Delhi,4.0,Very Poor,337,"PM10, PM2.5",2016,2,5,4,274.0,268.0,399.0,298.3333333333333,322.42857142857144
2016-02-06,Delhi,4.0,Very Poor,362,"PM10, PM2.5",2016,2,6,5,337.0,284.0,417.0,324.3333333333333,314.57142857142856
2016-02-07,Delhi,4.0,Very Poor,337,PM2.5,2016,2,7,6,362.0,274.0,407.0,345.3333333333333,304.57142857142856
2016-02-08,Delhi,4.0,Very Poor,301,PM2.5,2016,2,8,0,337.0,337.0,270.0,333.3333333333333,309.0
2016-02-09,Delhi,4.0,Very Poor,313,PM2.5,2016,2,9,1,301.0,362.0,268.0,317.0,315.42857142857144
2016-02-10,Delhi,5.0,Very Poor,362,PM2.5,2016,2,10,2,313.0,337.0,284.0,325.3333333333333,326.57142857142856
2016-02-11,Delhi,5.0,Very Poor,313,PM2.5,2016,2,11,3,362.0,301.0,274.0,329.3333333333333,332.14285714285717
2016-02-12,Delhi,4.0,Very Poor,361,"CO, PM10",2016,2,12,4,313.0,313.0,337.0,345.3333333333333,335.57142857142856
2016-02-13,Delhi,3.0,Very Poor,306,PM10,2016,2,13,5,361.0,362.0,362.0,326.6666666666667,327.57142857142856
2016-02-14,Delhi,3.0,Poor,230,"O3, PM2.5",2016,2,14,6,306.0,313.0,337.0,299.0,312.2857142857143
2016-02-15,Delhi,3.0,Poor,245,"O3, PM2.5",2016,2,15,0,230.0,361.0,301.0,260.3333333333333,304.2857142857143
2016-02-16,Delhi,4.0,Poor,269,"O3, PM2.5",2016,2,16,1,245.0,306.0,313.0,248.0,298.0
2016-02-17,Delhi,3.0,Poor,265,"O3, PM10",2016,2,17,2,269.0,230.0,362.0,259.6666666666667,284.14285714285717
2016-02-18,Delhi,3.0,Poor,285,PM2.5,2016,2,18,3,265.0,245.0,313.0,273.0,280.14285714285717
2016-02-19,Delhi,5.0,Very Poor,372,PM2.5,2016,2,19,4,285.0,269.0,361.0,307.3333333333333,281.7142857142857
2016-02-20,Delhi,5.0,Very Poor,322,PM2.5,2016,2,20,5,372.0,265.0,306.0,326.3333333333333,284.0
2016-02-21,Delhi,3.0,Moderate,186,"PM10, PM2.5",2016,2,21,6,322.0,285.0,230.0,293.3333333333333,277.7142857142857
2016-02-22,Delhi,3.0,Poor,230,"O3, PM2.5",2016,2,22,0,186.0,372.0,245.0,246.0,275.57142857142856
2016-02-23,Delhi,4.0,Poor,217,"O3, PM2.5",2016,2,23,1,230.0,322.0,269.0,211.0,268.14285714285717
2016-02-24,Delhi,3.0,Very Poor,305,"PM10, PM2.5",2016,2,24,2,217.0,186.0,265.0,250.66666666666666,273.85714285714283
2016-02-25,Delhi,5.0,Poor,285,"PM10, PM2.5",2016,2,25,3,305.0,230.0,285.0,269.0,273.85714285714283
2016-02-26,Delhi,4.0,Poor,277,"O3, PM2.5",2016,2,26,4,285.0,217.0,372.0,289.0,260.2857142857143
2016-02-27,Delhi,4.0,Very Poor,317,"PM10, PM2.5",2016,2,27,5,277.0,305.0,322.0,293.0,259.57142857142856
2016-02-28,Delhi,4.0,Very Poor,306,"O3, PM2.5",2016,2,28,6,317.0,285.0,186.0,300.0,276.7142857142857
2016-02-29,Delhi,4.0,Very Poor,301,"O3, PM2.5",2016,2,29,0,306.0,277.0,230.0,308.0,286.85714285714283
2016-03-01,Delhi,3.0,Very Poor,352,PM2.5,2016,3,1,1,301.0,317.0,217.0,319.6666666666667,306.14285714285717
2016-03-02,Delhi,3.0,Very Poor,334,PM2.5,2016,3,2,2,352.0,306.0,305.0,329.0,310.2857142857143
2016-03-03,Delhi,3.0,Very Poor,315,"O3, PM2.5",2016,3,3,3,334.0,301.0,285.0,333.6666666666667,314.57142857142856
2016-03-04,Delhi,3.0,Poor,280,"O3, PM2.5",2016,3,4,4,315.0,352.0,277.0,309.6666666666667,315.0
2016-03-05,Delhi,3.0,Moderate,155,PM10,2016,3,5,5,280.0,334.0,317.0,250.0,291.85714285714283
2016-03-06,Delhi,3.0,Poor,209,"O3, PM2.5",2016,3,6,6,155.0,315.0,306.0,214.66666666666666,278.0
2016-03-07,Delhi,2.0,Poor,236,"O3, PM10",2016,3,7,0,209.0,280.0,301.0,200.0,268.7142857142857
2016-03-08,Delhi,4.0,Moderate,189,"O3, PM2.5",2016,3,8,1,236.0,155.0,352.0,211.33333333333334,245.42857142857142
2016-03-10,Delhi,4.0,Poor,222,"PM10, PM2.5",2016,3,10,3,189.0,209.0,334.0,215.66666666666666,229.42857142857142
2016-03-12,Delhi,1.0,Moderate,108,PM2.5,2016,3,12,5,222.0,236.0,315.0,173.0,199.85714285714286
2016-03-15,Delhi,4.0,Poor,220,"O3, PM2.5",2016,3,15,1,108.0,189.0,280.0,183.33333333333334,191.28571428571428
2016-03-16,Delhi,2.0,Poor,228,PM2.5,2016,3,16,2,220.0,222.0,155.0,185.33333333333334,201.71428571428572
2016-03-17,Delhi,4.0,Poor,225,"O3, PM2.5",2016,3,17,3,228.0,108.0,209.0,224.33333333333334,204.0
2016-03-18,Delhi,5.0,Moderate,197,"O3, PM2.5",2016,3,18,4,225.0,220.0,236.0,216.66666666666666,198.42857142857142
2016-03-19,Delhi,4.0,Poor,250,"PM10, PM2.5",2016,3,19,5,197.0,228.0,189.0,224.0,207.14285714285714
2016-03-20,Delhi,3.0,Poor,264,"O3, PM2.5",2016,3,20,6,250.0,225.0,222.0,237.0,213.14285714285714
2016-03-21,Delhi,5.0,Moderate,189,"PM10, PM2.5",2016,3,21,0,264.0,197.0,108.0,234.33333333333334,224.71428571428572
2016-03-22,Delhi,5.0,Poor,206,"PM10, PM2.5",2016,3,22,1,189.0,250.0,220.0,219.66666666666666,222.71428571428572
2016-03-23,Delhi,2.0,Poor,212,"O3, PM2.5",2016,3,23,2,206.0,264.0,228.0,202.33333333333334,220.42857142857142
2016-03-24,Delhi,2.0,Very Poor,308,O3,2016,3,24,3,212.0,189.0,225.0,242.0,232.28571428571428
2016-03-25,Delhi,2.0,Poor,300,O3,2016,3,25,4,308.0,206.0,197.0,273.3333333333333,247.0
2016-03-26,Delhi,2.0,Moderate,179,"PM10, PM2.5",2016,3,26,5,300.0,212.0,250.0,262.3333333333333,236.85714285714286
2016-03-27,Delhi,2.0,Moderate,179,"O3, PM10",2016,3,27,6,179.0,308.0,264.0,219.33333333333334,224.71428571428572
2016-03-28,Delhi,4.0,Poor,251,"O3, PM2.5",2016,3,28,0,179.0,300.0,189.0,203.0,233.57142857142858
2016-03-29,Delhi,2.0,Poor,285,O3,2016,3,29,1,251.0,179.0,206.0,238.33333333333334,244.85714285714286
2016-03-30,Delhi,2.0,Poor,260,PM2.5,2016,3,30,2,285.0,179.0,212.0,265.3333333333333,251.71428571428572
2016-03-31,Delhi,5.0,Poor,269,"PM10, PM2.5",2016,3,31,3,260.0,251.0,308.0,271.3333333333333,246.14285714285714
2016-04-01,Delhi,5.0,Poor,269,"PM10, PM2.5",2016,4,1,4,269.0,285.0,300.0,266.0,241.71428571428572
2016-04-02,Delhi,1.0,Poor,270,PM2.5,2016,4,2,5,269.0,260.0,179.0,269.3333333333333,254.71428571428572
2016-04-03,Delhi,1.0,Very Poor,314,O3,2016,4,3,6,270.0,269.0,179.0,284.3333333333333,274.0
2016-04-04,Delhi,2.0,Poor,287,PM2.5,2016,4,4,0,314.0,269.0,251.0,290.3333333333333,279.14285714285717
2016-04-05,Delhi,2.0,Poor,251,PM2.5,2016,4,5,1,287.0,270.0,285.0,284.0,274.2857142857143
2016-04-06,Delhi,2.0,Poor,241,PM2.5,2016,4,6,2,251.0,314.0,260.0,259.6666666666667,271.57142857142856
2016-04-07,Delhi,3.0,Poor,280,"PM10, PM2.5",2016,4,7,3,241.0,287.0,269.0,257.3333333333333,273.14285714285717
2016-04-08,Delhi,3.0,Poor,206,"PM10, PM2.5",2016,4,8,4,280.0,251.0,269.0,242.33333333333334,264.14285714285717
2016-04-09,Delhi,3.0,Poor,296,PM2.5,2016,4,9,5,206.0,241.0,270.0,260.6666666666667,267.85714285714283
2016-04-10,Delhi,3.0,Poor,253,"O3, PM2.5",2016,4,10,6,296.0,280.0,314.0,251.66666666666666,259.14285714285717
2016-04-11,Delhi,4.0,Poor,256,"PM10, PM2.5",2016,4,11,0,253.0,206.0,287.0,268.3333333333333,254.71428571428572
2016-04-12,Delhi,6.0,Poor,213,"PM10, PM2.5",2016,4,12,1,256.0,296.0,251.0,240.66666666666666,249.28571428571428
2016-04-13,Delhi,5.0,Poor,240,"PM10, PM2.5",2016,4,13,2,213.0,253.0,241.0,236.33333333333334,249.14285714285714
2016-04-14,Delhi,6.0,Poor,209,"PM10, PM2.5",2016,4,14,3,240.0,256.0,280.0,220.66666666666666,239.0
2016-04-15,Delhi,5.0,Poor,291,"PM10, PM2.5",2016,4,15,4,209.0,213.0,206.0,246.66666666666666,251.14285714285714
2016-04-16,Delhi,3.0,Poor,269,PM2.5,2016,4,16,5,291.0,240.0,296.0,256.3333333333333,247.28571428571428
2016-04-17,Delhi,1.0,Poor,233,PM2.5,2016,4,17,6,269.0,209.0,253.0,264.3333333333333,244.42857142857142
2016-04-18,Delhi,7.0,Poor,255,"PM10, PM2.5",2016,4,18,0,233.0,291.0,256.0,252.33333333333334,244.28571428571428
2016-04-19,Delhi,7.0,Poor,291,"PM10, PM2.5",2016,4,19,1,255.0,269.0,213.0,259.6666666666667,255.42857142857142
2016-04-20,Delhi,7.0,Poor,293,"PM10, PM2.5",2016,4,20,2,291.0,233.0,240.0,279.6666666666667,263.0
2016-04-21,Delhi,7.0,Poor,270,"PM10, PM2.5",2016,4,21,3,293.0,255.0,209.0,284.6666666666667,271.7142857142857
2016-04-22,Delhi,5.0,Poor,272,"PM10, PM2.5",2016,4,22,4,270.0,291.0,291.0,278.3333333333333,269.0
2016-04-23,Delhi,2.0,Poor,262,"O3, PM2.5",2016,4,23,5,272.0,293.0,269.0,268.0,268.0
2016-04-24,Delhi,5.0,Poor,270,"PM10, PM2.5",2016,4,24,6,262.0,270.0,233.0,268.0,273.2857142857143
2016-04-25,Delhi,5.0,Poor,265,"O3, PM2.5",2016,4,25,0,270.0,272.0,255.0,265.6666666666667,274.7142857142857
2016-04-26,Delhi,2.0,Poor,276,O3,2016,4,26,1,265.0,262.0,291.0,270.3333333333333,272.57142857142856
2016-04-27,Delhi,6.0,Very Poor,321,"PM10, PM2.5",2016,4,27,2,276.0,270.0,293.0,287.3333333333333,276.57142857142856
2016-04-28,Delhi,7.0,Very Poor,332,"PM10, PM2.5",2016,4,28,3,321.0,265.0,270.0,309.6666666666667,285.42857142857144
2016-04-29,Delhi,7.0,Very Poor,314,"O3, PM2.5",2016,4,29,4,332.0,276.0,272.0,322.3333333333333,291.42857142857144
2016-04-30,Delhi,1.0,Very Poor,316,PM2.5,2016,4,30,5,314.0,321.0,262.0,320.6666666666667,299.14285714285717
2016-05-01,Delhi,3.0,Poor,275,PM2.5,2016,5,1,6,316.0,332.0,270.0,301.6666666666667,299.85714285714283
2016-05-02,Delhi,3.0,Poor,260,PM2.5,2016,5,2,0,275.0,314.0,265.0,283.6666666666667,299.14285714285717
2016-05-03,Delhi,3.0,Poor,268,PM2.5,2016,5,3,1,260.0,316.0,276.0,267.6666666666667,298.0
2016-05-04,Delhi,6.0,Poor,300,"PM10, PM2.5",2016,5,4,2,268.0,275.0,321.0,276.0,295.0
2016-05-05,Delhi,5.0,Poor,241,"O3, PM2.5",2016,5,5,3,300.0,260.0,332.0,269.6666666666667,282.0
2016-05-06,Delhi,5.0,Moderate,192,"PM10, PM2.5",2016,5,6,4,241.0,268.0,314.0,244.33333333333334,264.57142857142856
2016-05-07,Delhi,7.0,Poor,261,"O3, PM2.5",2016,5,7,5,192.0,300.0,316.0,231.33333333333334,256.7142857142857
2016-05-08,Delhi,7.0,Poor,256,"O3, PM2.5",2016,5,8,6,261.0,241.0,275.0,236.33333333333334,254.0
2016-05-09,Delhi,4.0,Poor,203,"O3, PM10",2016,5,9,0,256.0,192.0,260.0,240.0,245.85714285714286
2016-05-10,Delhi,1.0,Moderate,186,O3,2016,5,10,1,203.0,261.0,268.0,215.0,234.14285714285714
2016-05-11,Delhi,5.0,Moderate,164,"PM10, PM2.5",2016,5,11,2,186.0,256.0,300.0,184.33333333333334,214.71428571428572
2016-05-12,Delhi,5.0,Poor,202,"O3, PM10",2016,5,12,3,164.0,203.0,241.0,184.0,209.14285714285714
2016-05-13,Delhi,6.0,Poor,258,"O3, PM2.5",2016,5,13,4,202.0,186.0,192.0,208.0,218.57142857142858
2016-05-14,Delhi,5.0,Very Poor,322,"O3, PM2.5",2016,5,14,5,258.0,164.0,261.0,260.6666666666667,227.28571428571428
2016-05-15,Delhi,2.0,Very Poor,306,"O3, PM2.5",2016,5,15,6,322.0,202.0,256.0,295.3333333333333,234.42857142857142
2016-05-16,Delhi,5.0,Poor,273,"O3, PM2.5",2016,5,16,0,306.0,258.0,203.0,300.3333333333333,244.42857142857142
2016-05-17,Delhi,5.0,Poor,277,"O3, PM2.5",2016,5,17,1,273.0,322.0,186.0,285.3333333333333,257.42857142857144
2016-05-18,Delhi,4.0,Poor,276,"O3, PM2.5",2016,5,18,2,277.0,306.0,164.0,275.3333333333333,273.42857142857144
2016-05-19,Delhi,4.0,Poor,245,"PM10, PM2.5",2016,5,19,3,276.0,273.0,202.0,266.0,279.57142857142856
2016-05-20,Delhi,4.0,Moderate,191,"PM10, PM2.5",2016,5,20,4,245.0,277.0,258.0,237.33333333333334,270.0
2016-05-21,Delhi,5.0,Poor,256,"PM10, PM2.5",2016,5,21,5,191.0,276.0,322.0,230.66666666666666,260.57142857142856
2016-05-22,Delhi,4.0,Moderate,129,"NO2, PM10",2016,5,22,6,256.0,245.0,306.0,192.0,235.28571428571428
2016-05-23,Delhi,3.0,Poor,225,"PM10, PM2.5",2016,5,23,0,129.0,191.0,273.0,203.33333333333334,228.42857142857142
2016-05-24,Delhi,4.0,Moderate,130,"PM10, PM2.5",2016,5,24,1,225.0,256.0,277.0,161.33333333333334,207.42857142857142
2016-05-25,Delhi,4.0,Poor,251,"PM10, PM2.5",2016,5,25,2,130.0,129.0,276.0,202.0,203.85714285714286
2016-05-26,Delhi,4.0,Poor,255,"PM10, PM2.5",2016,5,26,3,251.0,225.0,245.0,212.0,205.28571428571428
2016-05-27,Delhi,5.0,Very Poor,314,"O3, PM2.5",2016,5,27,4,255.0,130.0,191.0,273.3333333333333,222.85714285714286
2016-05-28,Delhi,5.0,Very Poor,361,"PM10, PM2.5",2016,5,28,5,314.0,251.0,256.0,310.0,237.85714285714286
2016-05-29,Delhi,1.0,Very Poor,333,PM2.5,2016,5,29,6,361.0,255.0,129.0,336.0,267.0
2016-05-30,Delhi,4.0,Moderate,186,"PM10, PM2.5",2016,5,30,0,333.0,314.0,225.0,293.3333333333333,261.42857142857144
2016-05-31,Delhi,6.0,Poor,232,"PM10, PM2.5",2016,5,31,1,186.0,361.0,130.0,250.33333333333334,276.0
2016-06-01,Delhi,6.0,Poor,229,"PM10, PM2.5",2016,6,1,2,232.0,333.0,251.0,215.66666666666666,272.85714285714283
2016-06-02,Delhi,6.0,Poor,258,"PM10, PM2.5",2016,6,2,3,229.0,186.0,255.0,239.66666666666666,273.2857142857143
2016-06-03,Delhi,6.0,Very Poor,301,"PM10, PM2.5",2016,6,3,4,258.0,232.0,314.0,262.6666666666667,271.42857142857144
2016-06-04,Delhi,5.0,Poor,287,"PM10, PM2.5",2016,6,4,5,301.0,229.0,361.0,282.0,260.85714285714283
2016-06-05,Delhi,5.0,Poor,239,"PM10, PM2.5",2016,6,5,6,287.0,258.0,333.0,275.6666666666667,247.42857142857142
2016-06-07,Delhi,6.0,Poor,218,"PM10, PM2.5",2016,6,7,1,239.0,301.0,186.0,248.0,252.0
2016-06-08,Delhi,6.0,Moderate,197,"O3, PM2.5",2016,6,8,2,218.0,287.0,232.0,218.0,247.0
2016-06-09,Delhi,4.0,Moderate,200,"PM10, PM2.5",2016,6,9,3,197.0,239.0,229.0,205.0,242.85714285714286
2016-06-10,Delhi,5.0,Poor,232,"PM10, PM2.5",2016,6,10,4,200.0,218.0,258.0,209.66666666666666,239.14285714285714
2016-06-11,Delhi,6.0,Poor,233,"PM10, PM2.5",2016,6,11,5,232.0,197.0,301.0,221.66666666666666,229.42857142857142
2016-06-12,Delhi,6.0,Poor,234,"PM10, PM2.5",2016,6,12,6,233.0,200.0,287.0,233.0,221.85714285714286
2016-06-13,Delhi,6.0,Poor,289,"PM10, PM2.5",2016,6,13,0,234.0,232.0,239.0,252.0,229.0
2016-06-14,Delhi,5.0,Moderate,191,"PM10, PM2.5",2016,6,14,1,289.0,233.0,218.0,238.0,225.14285714285714
2016-06-15,Delhi,4.0,Very Poor,315,"PM10, PM2.5",2016,6,15,2,191.0,234.0,197.0,265.0,242.0
2016-06-16,Delhi,7.0,Moderate,200,"PM10, PM2.5",2016,6,16,3,315.0,289.0,200.0,235.33333333333334,242.0
2016-06-17,Delhi,7.0,Moderate,168,"O3, PM2.5",2016,6,17,4,200.0,191.0,232.0,227.66666666666666,232.85714285714286
2016-06-18,Delhi,7.0,Moderate,197,"PM10, PM2.5",2016,6,18,5,168.0,315.0,233.0,188.33333333333334,227.71428571428572
2016-06-19,Delhi,7.0,Moderate,185,"PM10, PM2.5",2016,6,19,6,197.0,200.0,234.0,183.33333333333334,220.71428571428572
2016-06-20,Delhi,5.0,Moderate,140,"PM10, PM2.5",2016,6,20,0,185.0,168.0,289.0,174.0,199.42857142857142
2016-06-21,Delhi,5.0,Moderate,148,"PM10, PM2.5",2016,6,21,1,140.0,197.0,191.0,157.66666666666666,193.28571428571428
2016-06-22,Delhi,6.0,Moderate,154,"PM10, PM2.5",2016,6,22,2,148.0,185.0,315.0,147.33333333333334,170.28571428571428
2016-06-23,Delhi,7.0,Poor,203,"PM10, PM2.5",2016,6,23,3,154.0,140.0,200.0,168.33333333333334,170.71428571428572
2016-06-24,Delhi,5.0,Poor,249,"PM10, PM2.5",2016,6,24,4,203.0,148.0,168.0,202.0,182.28571428571428
2016-06-25,Delhi,4.0,Poor,243,PM10,2016,6,25,5,249.0,154.0,197.0,231.66666666666666,188.85714285714286
2016-06-26,Delhi,3.0,Moderate,119,PM10,2016,6,26,6,243.0,203.0,185.0,203.66666666666666,179.42857142857142
2016-06-27,Delhi,3.0,Moderate,124,PM10,2016,6,27,0,119.0,249.0,140.0,162.0,177.14285714285714
2016-06-28,Delhi,6.0,Moderate,164,"O3, PM2.5",2016,6,28,1,124.0,243.0,148.0,135.66666666666666,179.42857142857142
2016-06-29,Delhi,6.0,Moderate,145,"PM10, PM2.5",2016,6,29,2,164.0,119.0,154.0,144.33333333333334,178.14285714285714
2016-06-30,Delhi,7.0,Moderate,179,"O3, PM2.5",2016,6,30,3,145.0,124.0,203.0,162.66666666666666,174.71428571428572
2016-07-01,Delhi,5.0,Moderate,144,"PM10, PM2.5",2016,7,1,4,179.0,164.0,249.0,156.0,159.71428571428572
2016-07-02,Delhi,6.0,Moderate,167,"CO, PM2.5",2016,7,2,5,144.0,145.0,243.0,163.33333333333334,148.85714285714286
2016-07-03,Delhi,7.0,Moderate,149,"O3, PM2.5",2016,7,3,6,167.0,179.0,119.0,153.33333333333334,153.14285714285714
2016-07-05,Delhi,6.0,Moderate,171,"PM10, PM2.5",2016,7,5,1,149.0,144.0,124.0,162.33333333333334,159.85714285714286
2016-07-06,Delhi,5.0,Poor,210,"PM10, PM2.5",2016,7,6,2,171.0,167.0,164.0,176.66666666666666,166.42857142857142
2016-07-07,Delhi,6.0,Moderate,185,"PM10, PM2.5",2016,7,7,3,210.0,149.0,145.0,188.66666666666666,172.14285714285714
2016-07-08,Delhi,5.0,Poor,234,"PM10, PM2.5",2016,7,8,4,185.0,171.0,179.0,209.66666666666666,180.0
2016-07-09,Delhi,5.0,Moderate,113,"O3, PM2.5",2016,7,9,5,234.0,210.0,144.0,177.33333333333334,175.57142857142858
2016-07-10,Delhi,6.0,Moderate,130,"PM10, PM2.5",2016,7,10,6,113.0,185.0,167.0,159.0,170.28571428571428
2016-07-11,Delhi,6.0,Moderate,165,"O3, PM2.5",2016,7,11,0,130.0,234.0,149.0,136.0,172.57142857142858
2016-07-12,Delhi,5.0,Satisfactory,88,"PM10, PM2.5",2016,7,12,1,165.0,113.0,171.0,127.66666666666667,160.71428571428572
2016-07-13,Delhi,1.0,Moderate,158,PM2.5,2016,7,13,2,88.0,130.0,210.0,137.0,153.28571428571428
2016-07-14,Delhi,3.0,Poor,244,"O3, PM2.5",2016,7,14,3,158.0,165.0,185.0,163.33333333333334,161.71428571428572
2016-07-15,Delhi,4.0,Moderate,111,"PM10, PM2.5",2016,7,15,4,244.0,88.0,234.0,171.0,144.14285714285714
2016-07-16,Delhi,5.0,Satisfactory,94,"O3, PM10",2016,7,16,5,111.0,158.0,113.0,149.66666666666666,141.42857142857142
2016-07-17,Delhi,2.0,Poor,211,PM2.5,2016,7,17,6,94.0,244.0,130.0,138.66666666666666,153.0
2016-07-18,Delhi,5.0,Satisfactory,92,"CO, PM2.5",2016,7,18,0,211.0,111.0,165.0,132.33333333333334,142.57142857142858
2016-07-19,Delhi,5.0,Moderate,175,"O3, PM2.5",2016,7,19,1,92.0,94.0,88.0,159.33333333333334,155.0
2016-07-20,Delhi,7.0,Moderate,192,"PM10, PM2.5",2016,7,20,2,175.0,211.0,158.0,153.0,159.85714285714286
2016-07-26,Delhi,5.0,Moderate,138,"PM10, PM2.5",2016,7,26,1,192.0,92.0,244.0,168.33333333333334,144.71428571428572
2016-07-27,Delhi,3.0,Satisfactory,72,"CO, PM10",2016,7,27,2,138.0,175.0,111.0,134.0,139.14285714285714
2016-07-28,Delhi,4.0,Satisfactory,100,"PM10, PM2.5",2016,7,28,3,72.0,192.0,94.0,103.33333333333333,140.0
2016-07-29,Delhi,4.0,Moderate,105,PM2.5,2016,7,29,4,100.0,138.0,211.0,92.33333333333333,124.85714285714286
2016-07-30,Delhi,5.0,Moderate,103,"O3, PM2.5",2016,7,30,5,105.0,72.0,92.0,102.66666666666667,126.42857142857143
2016-07-31,Delhi,5.0,Satisfactory,90,"PM10, PM2.5",2016,7,31,6,103.0,100.0,175.0,99.33333333333333,114.28571428571429
2016-08-01,Delhi,5.0,Moderate,105,"PM10, PM2.5",2016,8,1,0,90.0,105.0,192.0,99.33333333333333,101.85714285714286
2016-08-02,Delhi,5.0,Satisfactory,80,"PM10, PM2.5",2016,8,2,1,105.0,103.0,138.0,91.66666666666667,93.57142857142857
2016-08-03,Delhi,4.0,Moderate,116,"PM10, PM2.5",2016,8,3,2,80.0,90.0,72.0,100.33333333333333,99.85714285714286
2016-08-05,Delhi,4.0,Satisfactory,94,"PM10, PM2.5",2016,8,5,4,116.0,105.0,100.0,96.66666666666667,99.0
2016-08-06,Delhi,5.0,Satisfactory,94,"PM10, PM2.5",2016,8,6,5,94.0,80.0,105.0,101.33333333333333,97.42857142857143
2016-08-07,Delhi,6.0,Moderate,102,"PM10, PM2.5",2016,8,7,6,94.0,116.0,103.0,96.66666666666667,97.28571428571429
2016-08-08,Delhi,6.0,Satisfactory,98,"PM10, PM2.5",2016,8,8,0,102.0,94.0,90.0,98.0,98.42857142857143
2016-08-09,Delhi,6.0,Satisfactory,92,"PM10, PM2.5",2016,8,9,1,98.0,94.0,105.0,97.33333333333333,96.57142857142857
2016-08-10,Delhi,6.0,Satisfactory,86,"CO, PM2.5",2016,8,10,2,92.0,102.0,80.0,92.0,97.42857142857143
2016-08-11,Delhi,6.0,Satisfactory,83,"CO, PM2.5",2016,8,11,3,86.0,98.0,116.0,87.0,92.71428571428571
2016-08-12,Delhi,4.0,Moderate,105,"CO, PM2.5",2016,8,12,4,83.0,92.0,94.0,91.33333333333333,94.28571428571429
2016-08-13,Delhi,6.0,Moderate,113,"PM10, PM2.5",2016,8,13,5,105.0,86.0,94.0,100.33333333333333,97.0
2016-08-14,Delhi,5.0,Moderate,122,"CO, PM2.5",2016,8,14,6,113.0,83.0,102.0,113.33333333333333,99.85714285714286
2016-08-15,Delhi,5.0,Moderate,140,"PM10, PM2.5",2016,8,15,0,122.0,105.0,98.0,125.0,105.85714285714286
2016-08-16,Delhi,2.0,Moderate,105,PM2.5,2016,8,16,1,140.0,113.0,92.0,122.33333333333333,107.71428571428571
2016-08-17,Delhi,6.0,Moderate,171,"PM10, PM2.5",2016,8,17,2,105.0,122.0,86.0,138.66666666666666,119.85714285714286
2016-08-18,Delhi,6.0,Moderate,157,"PM10, PM2.5",2016,8,18,3,171.0,140.0,83.0,144.33333333333334,130.42857142857142
2016-08-19,Delhi,5.0,Moderate,175,"PM10, PM2.5",2016,8,19,4,157.0,105.0,105.0,167.66666666666666,140.42857142857142
2016-08-20,Delhi,5.0,Moderate,126,"PM10, PM2.5",2016,8,20,5,175.0,171.0,113.0,152.66666666666666,142.28571428571428
2016-08-21,Delhi,6.0,Satisfactory,90,"PM10, PM2.5",2016,8,21,6,126.0,157.0,122.0,130.33333333333334,137.71428571428572
2016-08-22,Delhi,6.0,Satisfactory,81,"PM10, PM2.5",2016,8,22,0,90.0,175.0,140.0,99.0,129.28571428571428
2016-08-23,Delhi,6.0,Satisfactory,94,"PM10, PM2.5",2016,8,23,1,81.0,126.0,105.0,88.33333333333333,127.71428571428571
2016-08-24,Delhi,5.0,Satisfactory,81,"PM10, PM2.5",2016,8,24,2,94.0,90.0,171.0,85.33333333333333,114.85714285714286
2016-08-25,Delhi,3.0,Satisfactory,65,PM2.5,2016,8,25,3,81.0,81.0,157.0,80.0,101.71428571428571
2016-08-26,Delhi,6.0,Satisfactory,95,"O3, PM2.5",2016,8,26,4,65.0,94.0,175.0,80.33333333333333,90.28571428571429
2016-08-27,Delhi,3.0,Satisfactory,75,"CO, PM2.5",2016,8,27,5,95.0,81.0,126.0,78.33333333333333,83.0
2016-08-28,Delhi,2.0,Satisfactory,92,PM2.5,2016,8,28,6,75.0,65.0,90.0,87.33333333333333,83.28571428571429
2016-08-29,Delhi,4.0,Moderate,141,"PM10, PM2.5",2016,8,29,0,92.0,95.0,81.0,102.66666666666667,91.85714285714286
2016-08-30,Delhi,5.0,Satisfactory,79,"PM10, PM2.5",2016,8,30,1,141.0,75.0,94.0,104.0,89.71428571428571
2016-08-31,Delhi,5.0,Satisfactory,78,"CO, PM2.5",2016,8,31,2,79.0,92.0,81.0,99.33333333333333,89.28571428571429
2016-09-01,Delhi,4.0,Satisfactory,69,"CO, PM2.5",2016,9,1,3,78.0,141.0,65.0,75.33333333333333,89.85714285714286
2016-09-02,Delhi,4.0,Moderate,159,"PM10, PM2.5",2016,9,2,4,69.0,79.0,95.0,102.0,99.0
2016-09-03,Delhi,4.0,Poor,232,"PM10, PM2.5",2016,9,3,5,159.0,78.0,75.0,153.33333333333334,121.42857142857143
2016-09-04,Delhi,5.0,Moderate,175,"PM10, PM2.5",2016,9,4,6,232.0,69.0,92.0,188.66666666666666,133.28571428571428
2016-09-05,Delhi,5.0,Moderate,158,"O3, PM2.5",2016,9,5,0,175.0,159.0,141.0,188.33333333333334,135.71428571428572
2016-09-06,Delhi,4.0,Moderate,168,"PM10, PM2.5",2016,9,6,1,158.0,232.0,79.0,167.0,148.42857142857142
2016-09-07,Delhi,5.0,Moderate,156,"PM10, PM2.5",2016,9,7,2,168.0,175.0,78.0,160.66666666666666,159.57142857142858
2016-09-08,Delhi,5.0,Moderate,164,"PM10, PM2.5",2016,9,8,3,156.0,158.0,69.0,162.66666666666666,173.14285714285714
2016-09-09,Delhi,5.0,Poor,214,"PM10, PM2.5",2016,9,9,4,164.0,168.0,159.0,178.0,181.0
2016-09-10,Delhi,6.0,Moderate,151,"PM10, PM2.5",2016,9,10,5,214.0,156.0,232.0,176.33333333333334,169.42857142857142
2016-09-11,Delhi,6.0,Moderate,130,"PM10, PM2.5",2016,9,11,6,151.0,164.0,175.0,165.0,163.0
2016-09-12,Delhi,6.0,Moderate,136,"PM10, PM2.5",2016,9,12,0,130.0,214.0,158.0,139.0,159.85714285714286
2016-09-13,Delhi,4.0,Moderate,176,"PM10, PM2.5",2016,9,13,1,136.0,151.0,168.0,147.33333333333334,161.0
2016-09-14,Delhi,4.0,Moderate,103,"PM10, PM2.5",2016,9,14,2,176.0,130.0,156.0,138.33333333333334,153.42857142857142
2016-09-15,Delhi,5.0,Moderate,181,"PM10, PM2.5",2016,9,15,3,103.0,136.0,164.0,153.33333333333334,155.85714285714286
2016-09-16,Delhi,6.0,Moderate,166,"PM10, PM2.5",2016,9,16,4,181.0,176.0,214.0,150.0,149.0
2016-09-17,Delhi,5.0,Moderate,176,"PM10, PM2.5",2016,9,17,5,166.0,103.0,151.0,174.33333333333334,152.57142857142858
2016-09-18,Delhi,6.0,Moderate,183,"PM10, PM2.5",2016,9,18,6,176.0,181.0,130.0,175.0,160.14285714285714
2016-09-19,Delhi,6.0,Moderate,193,"O3, PM2.5",2016,9,19,0,183.0,166.0,136.0,184.0,168.28571428571428
2016-09-20,Delhi,4.0,Poor,213,"O3, PM2.5",2016,9,20,1,193.0,176.0,176.0,196.33333333333334,173.57142857142858
2016-09-21,Delhi,5.0,Poor,210,"PM10, PM2.5",2016,9,21,2,213.0,183.0,103.0,205.33333333333334,188.85714285714286
2016-09-22,Delhi,4.0,Moderate,127,"CO, PM10",2016,9,22,3,210.0,193.0,181.0,183.33333333333334,181.14285714285714
2016-09-23,Delhi,4.0,Moderate,108,"PM10, PM2.5",2016,9,23,4,127.0,213.0,166.0,148.33333333333334,172.85714285714286
2016-09-24,Delhi,5.0,Moderate,120,"NO2, PM2.5",2016,9,24,5,108.0,210.0,176.0,118.33333333333333,164.85714285714286
2016-09-25,Delhi,6.0,Moderate,118,"O3, PM2.5",2016,9,25,6,120.0,127.0,183.0,115.33333333333333,155.57142857142858
2016-09-26,Delhi,6.0,Moderate,155,"PM10, PM2.5",2016,9,26,0,118.0,108.0,193.0,131.0,150.14285714285714
2016-09-27,Delhi,6.0,Moderate,174,"PM10, PM2.5",2016,9,27,1,155.0,120.0,213.0,149.0,144.57142857142858
2016-09-28,Delhi,3.0,Moderate,188,PM2.5,2016,9,28,2,174.0,118.0,210.0,172.33333333333334,141.42857142857142
2016-09-29,Delhi,6.0,Poor,230,"PM10, PM2.5",2016,9,29,3,188.0,155.0,127.0,197.33333333333334,156.14285714285714
2016-09-30,Delhi,4.0,Moderate,160,"O3, PM2.5",2016,9,30,4,230.0,174.0,108.0,192.66666666666666,163.57142857142858
2016-10-01,Delhi,7.0,Poor,246,"PM10, PM2.5",2016,10,1,5,160.0,188.0,120.0,212.0,181.57142857142858
2016-10-02,Delhi,7.0,Moderate,182,"PM10, PM2.5",2016,10,2,6,246.0,230.0,118.0,196.0,190.71428571428572
2016-10-03,Delhi,7.0,Moderate,199,"PM10, PM2.5",2016,10,3,0,182.0,160.0,155.0,209.0,197.0
2016-10-04,Delhi,6.0,Poor,293,"PM10, PM2.5",2016,10,4,1,199.0,246.0,174.0,224.66666666666666,214.0
2016-10-05,Delhi,5.0,Moderate,126,PM2.5,2016,10,5,2,293.0,182.0,188.0,206.0,205.14285714285714
2016-10-06,Delhi,7.0,Poor,216,"PM10, PM2.5",2016,10,6,3,126.0,199.0,230.0,211.66666666666666,203.14285714285714
2016-10-07,Delhi,6.0,Poor,252,"PM10, PM2.5",2016,10,7,4,216.0,293.0,160.0,198.0,216.28571428571428
2016-10-08,Delhi,2.0,Poor,252,PM2.5,2016,10,8,5,252.0,126.0,246.0,240.0,217.14285714285714
2016-10-09,Delhi,1.0,Poor,234,PM2.5,2016,10,9,6,252.0,216.0,182.0,246.0,224.57142857142858
2016-10-10,Delhi,2.0,Moderate,192,PM2.5,2016,10,10,0,234.0,252.0,199.0,226.0,223.57142857142858
2016-10-11,Delhi,6.0,Poor,283,"PM10, PM2.5",2016,10,11,1,192.0,252.0,293.0,236.33333333333334,222.14285714285714
2016-10-12,Delhi,6.0,Poor,223,"O3, PM2.5",2016,10,12,2,283.0,234.0,126.0,232.66666666666666,236.0
2016-10-13,Delhi,6.0,Poor,214,"PM10, PM2.5",2016,10,13,3,223.0,192.0,216.0,240.0,235.71428571428572
2016-10-14,Delhi,6.0,Poor,225,"PM10, PM2.5",2016,10,14,4,214.0,283.0,252.0,220.66666666666666,231.85714285714286
2016-10-15,Delhi,7.0,Poor,276,"PM10, PM2.5",2016,10,15,5,225.0,223.0,252.0,238.33333333333334,235.28571428571428
2016-10-16,Delhi,7.0,Poor,262,"PM10, PM2.5",2016,10,16,6,276.0,214.0,234.0,254.33333333333334,239.28571428571428
2016-10-17,Delhi,2.0,Poor,251,PM2.5,2016,10,17,0,262.0,225.0,192.0,263.0,247.71428571428572
2016-10-18,Delhi,7.0,Poor,285,"PM10, PM2.5",2016,10,18,1,251.0,276.0,283.0,266.0,248.0
2016-10-19,Delhi,7.0,Poor,246,"NO2, PM2.5",2016,10,19,2,285.0,262.0,223.0,260.6666666666667,251.28571428571428
2016-10-20,Delhi,7.0,Poor,262,"PM10, PM2.5",2016,10,20,3,246.0,251.0,214.0,264.3333333333333,258.14285714285717
2016-10-21,Delhi,5.0,Poor,264,"PM10, PM2.5",2016,10,21,4,262.0,285.0,225.0,257.3333333333333,263.7142857142857
2016-10-22,Delhi,6.0,Poor,259,"PM10, PM2.5",2016,10,22,5,264.0,246.0,276.0,261.6666666666667,261.2857142857143
2016-10-23,Delhi,7.0,Very Poor,318,"PM10, PM2.5",2016,10,23,6,259.0,262.0,262.0,280.3333333333333,269.2857142857143
2016-10-24,Delhi,7.0,Very Poor,306,"PM10, PM2.5",2016,10,24,0,318.0,264.0,251.0,294.3333333333333,277.14285714285717
2016-10-25,Delhi,7.0,Poor,210,"PM10, PM2.5",2016,10,25,1,306.0,259.0,285.0,278.0,266.42857142857144
2016-10-26,Delhi,7.0,Poor,291,"PM10, PM2.5",2016,10,26,2,210.0,318.0,246.0,269.0,272.85714285714283
2016-10-27,Delhi,7.0,Very Poor,355,"O3, PM2.5",2016,10,27,3,291.0,306.0,262.0,285.3333333333333,286.14285714285717
2016-10-28,Delhi,7.0,Very Poor,397,"PM10, PM2.5",2016,10,28,4,355.0,210.0,264.0,347.6666666666667,305.14285714285717
2016-10-29,Delhi,7.0,Severe,404,"PM10, PM2.5",2016,10,29,5,397.0,291.0,259.0,385.3333333333333,325.85714285714283
2016-10-30,Delhi,7.0,Severe,431,PM2.5,2016,10,30,6,404.0,355.0,318.0,410.6666666666667,342.0
2016-10-31,Delhi,7.0,Severe,445,"PM10, PM2.5",2016,10,31,0,431.0,397.0,306.0,426.6666666666667,361.85714285714283
2016-11-01,Delhi,6.0,Very Poor,389,"PM10, PM2.5",2016,11,1,1,445.0,404.0,210.0,421.6666666666667,387.42857142857144
2016-11-02,Delhi,6.0,Severe,432,"PM10, PM2.5",2016,11,2,2,389.0,431.0,291.0,422.0,407.57142857142856
2016-11-03,Delhi,7.0,Severe,432,"PM10, PM2.5",2016,11,3,3,432.0,445.0,355.0,417.6666666666667,418.57142857142856
2016-11-04,Delhi,7.0,Very Poor,372,"PM10, PM2.5",2016,11,4,4,432.0,389.0,397.0,412.0,415.0
2016-11-05,Delhi,6.0,Severe,485,"PM10, PM2.5",2016,11,5,5,372.0,432.0,404.0,429.6666666666667,426.57142857142856
2016-11-06,Delhi,5.0,Severe,497,"PM10, PM2.5",2016,11,6,6,485.0,432.0,431.0,451.3333333333333,436.0
2016-11-07,Delhi,6.0,Severe,423,"NO2, PM2.5",2016,11,7,0,497.0,372.0,445.0,468.3333333333333,432.85714285714283
2016-11-08,Delhi,5.0,Severe,432,"PM10, PM2.5",2016,11,8,1,423.0,485.0,389.0,450.6666666666667,439.0
2016-11-09,Delhi,6.0,Severe,424,"PM10, PM2.5",2016,11,9,2,432.0,497.0,432.0,426.3333333333333,437.85714285714283
2016-11-10,Delhi,7.0,Severe,408,"PM10, PM2.5",2016,11,10,3,424.0,423.0,432.0,421.3333333333333,434.42857142857144
2016-11-11,Delhi,7.0,Severe,420,"PM10, PM2.5",2016,11,11,4,408.0,432.0,372.0,417.3333333333333,441.2857142857143
2016-11-12,Delhi,6.0,Very Poor,387,"PM10, PM2.5",2016,11,12,5,420.0,424.0,485.0,405.0,427.2857142857143
2016-11-13,Delhi,6.0,Very Poor,349,"PM10, PM2.5",2016,11,13,6,387.0,408.0,497.0,385.3333333333333,406.14285714285717
2016-11-14,Delhi,2.0,Very Poor,311,PM2.5,2016,11,14,0,349.0,420.0,423.0,349.0,390.14285714285717
2016-11-15,Delhi,6.0,Very Poor,372,"PM10, PM2.5",2016,11,15,1,311.0,387.0,432.0,344.0,381.57142857142856
2016-11-16,Delhi,2.0,Very Poor,332,PM2.5,2016,11,16,2,372.0,349.0,424.0,338.3333333333333,368.42857142857144
2016-11-17,Delhi,5.0,Very Poor,374,"PM10, PM2.5",2016,11,17,3,332.0,311.0,408.0,359.3333333333333,363.57142857142856
2016-11-18,Delhi,8.0,Very Poor,358,"PM10, PM2.5",2016,11,18,4,374.0,372.0,420.0,354.6666666666667,354.7142857142857
2016-11-19,Delhi,8.0,Very Poor,360,"PM10, PM2.5",2016,11,19,5,358.0,332.0,387.0,364.0,350.85714285714283
2016-11-20,Delhi,8.0,Very Poor,380,"PM10, PM2.5",2016,11,20,6,360.0,374.0,349.0,366.0,355.2857142857143
2016-11-21,Delhi,7.0,Very Poor,379,"PM10, PM2.5",2016,11,21,0,380.0,358.0,311.0,373.0,365.0
2016-11-22,Delhi,8.0,Very Poor,332,"PM10, PM2.5",2016,11,22,1,379.0,360.0,372.0,363.6666666666667,359.2857142857143
2016-11-23,Delhi,9.0,Very Poor,321,"PM10, PM2.5",2016,11,23,2,332.0,380.0,332.0,344.0,357.7142857142857
2016-11-24,Delhi,9.0,Very Poor,395,"PM10, PM2.5",2016,11,24,3,321.0,379.0,374.0,349.3333333333333,360.7142857142857
2016-11-25,Delhi,9.0,Very Poor,307,"PM10, PM2.5",2016,11,25,4,395.0,332.0,358.0,341.0,353.42857142857144
2016-11-26,Delhi,7.0,Poor,253,"PM10, PM2.5",2016,11,26,5,307.0,321.0,360.0,318.3333333333333,338.14285714285717
2016-11-27,Delhi,8.0,Poor,291,"PM10, PM2.5",2016,11,27,6,253.0,395.0,380.0,283.6666666666667,325.42857142857144
2016-11-28,Delhi,8.0,Poor,229,"PM10, PM2.5",2016,11,28,0,291.0,307.0,379.0,257.6666666666667,304.0
2016-11-29,Delhi,8.0,Very Poor,368,"PM10, PM2.5",2016,11,29,1,229.0,253.0,332.0,296.0,309.14285714285717
2016-11-30,Delhi,9.0,Severe,410,"PM10, PM2.5",2016,11,30,2,368.0,291.0,321.0,335.6666666666667,321.85714285714283
2016-12-01,Delhi,9.0,Severe,403,"PM10, PM2.5",2016,12,1,3,410.0,229.0,395.0,393.6666666666667,323.0
2016-12-02,Delhi,7.0,Very Poor,378,"PM10, PM2.5",2016,12,2,4,403.0,368.0,307.0,397.0,333.14285714285717
2016-12-03,Delhi,6.0,Very Poor,363,PM2.5,2016,12,3,5,378.0,410.0,253.0,381.3333333333333,348.85714285714283
2016-12-04,Delhi,8.0,Very Poor,337,"NO2, PM2.5",2016,12,4,6,363.0,403.0,291.0,359.3333333333333,355.42857142857144
2016-12-05,Delhi,8.0,Very Poor,366,PM2.5,2016,12,5,0,337.0,378.0,229.0,355.3333333333333,375.0
2016-12-06,Delhi,8.0,Very Poor,389,"PM10, PM2.5",2016,12,6,1,366.0,363.0,368.0,364.0,378.0
2016-12-07,Delhi,5.0,Severe,407,PM2.5,2016,12,7,2,389.0,337.0,410.0,387.3333333333333,377.57142857142856
2016-12-08,Delhi,8.0,Very Poor,399,PM2.5,2016,12,8,3,407.0,366.0,403.0,398.3333333333333,377.0
2016-12-09,Delhi,9.0,Severe,402,"PM10, PM2.5",2016,12,9,4,399.0,389.0,378.0,402.6666666666667,380.42857142857144
2016-12-10,Delhi,9.0,Very Poor,380,PM2.5,2016,12,10,5,402.0,407.0,363.0,393.6666666666667,382.85714285714283
2016-12-11,Delhi,9.0,Very Poor,361,PM2.5,2016,12,11,6,380.0,399.0,337.0,381.0,386.2857142857143
2016-12-12,Delhi,10.0,Very Poor,364,"PM10, PM2.5",2016,12,12,0,361.0,402.0,366.0,368.3333333333333,386.0
2016-12-13,Delhi,10.0,Very Poor,340,"PM10, PM2.5",2016,12,13,1,364.0,380.0,389.0,355.0,379.0
2016-12-14,Delhi,10.0,Very Poor,308,"PM10, PM2.5",2016,12,14,2,340.0,361.0,407.0,337.3333333333333,364.85714285714283
2016-12-15,Delhi,10.0,Very Poor,311,"PM10, PM2.5",2016,12,15,3,308.0,364.0,399.0,319.6666666666667,352.2857142857143
2016-12-16,Delhi,10.0,Very Poor,343,"PM10, PM2.5",2016,12,16,4,311.0,340.0,402.0,320.6666666666667,343.85714285714283
2016-12-17,Delhi,10.0,Very Poor,368,"PM10, PM2.5",2016,12,17,5,343.0,308.0,380.0,340.6666666666667,342.14285714285717
2016-12-18,Delhi,10.0,Very Poor,369,"PM10, PM2.5",2016,12,18,6,368.0,311.0,361.0,360.0,343.2857142857143
2016-12-19,Delhi,10.0,Very Poor,394,"PM10, PM2.5",2016,12,19,0,369.0,343.0,364.0,377.0,347.57142857142856
2016-12-20,Delhi,6.0,Very Poor,340,PM2.5,2016,12,20,1,394.0,368.0,340.0,367.6666666666667,347.57142857142856
2016-12-21,Delhi,5.0,Poor,295,PM2.5,2016,12,21,2,340.0,369.0,308.0,343.0,345.7142857142857
2016-12-22,Delhi,10.0,Very Poor,322,"PM10, PM2.5",2016,12,22,3,295.0,394.0,311.0,319.0,347.2857142857143
2016-12-23,Delhi,10.0,Severe,415,"PM10, PM2.5",2016,12,23,4,322.0,340.0,343.0,344.0,357.57142857142856
2016-12-24,Delhi,8.0,Severe,427,"PM10, PM2.5",2016,12,24,5,415.0,295.0,368.0,388.0,366.0
2016-12-25,Delhi,10.0,Very Poor,373,"PM10, PM2.5",2016,12,25,6,427.0,322.0,369.0,405.0,366.57142857142856
2016-12-26,Delhi,10.0,Very Poor,314,"PM10, PM2.5",2016,12,26,0,373.0,415.0,394.0,371.3333333333333,355.14285714285717
2016-12-27,Delhi,8.0,Very Poor,329,"PM10, PM2.5",2016,12,27,1,314.0,427.0,340.0,338.6666666666667,353.57142857142856
2016-12-28,Delhi,8.0,Very Poor,385,"PM10, PM2.5",2016,12,28,2,329.0,373.0,295.0,342.6666666666667,366.42857142857144
2016-12-29,Delhi,9.0,Severe,402,"PM10, PM2.5",2016,12,29,3,385.0,314.0,322.0,372.0,377.85714285714283
2016-12-30,Delhi,7.0,Very Poor,345,"CO, PM2.5",2016,12,30,4,402.0,329.0,415.0,377.3333333333333,367.85714285714283
2016-12-31,Delhi,7.0,Very Poor,372,"PM10, PM2.5",2016,12,31,5,345.0,385.0,427.0,373.0,360.0
2017-01-01,Delhi,8.0,Very Poor,344,"PM10, PM2.5",2017,1,1,6,372.0,402.0,373.0,353.6666666666667,355.85714285714283
2017-01-02,Delhi,8.0,Very Poor,344,"PM10, PM2.5",2017,1,2,0,344.0,345.0,314.0,353.3333333333333,360.14285714285717
2017-01-03,Delhi,9.0,Very Poor,331,"PM10, PM2.5",2017,1,3,1,344.0,372.0,329.0,339.6666666666667,360.42857142857144
2017-01-04,Delhi,9.0,Very Poor,366,"PM10, PM2.5",2017,1,4,2,331.0,344.0,385.0,347.0,357.7142857142857
2017-01-05,Delhi,9.0,Very Poor,305,"PM10, PM2.5",2017,1,5,3,366.0,344.0,402.0,334.0,343.85714285714283
2017-01-06,Delhi,9.0,Very Poor,354,PM2.5,2017,1,6,4,305.0,331.0,345.0,341.6666666666667,345.14285714285717
2017-01-07,Delhi,8.0,Poor,282,PM2.5,2017,1,7,5,354.0,366.0,372.0,313.6666666666667,332.2857142857143
2017-01-08,Delhi,9.0,Poor,274,"PM10, PM2.5",2017,1,8,6,282.0,305.0,344.0,303.3333333333333,322.2857142857143
2017-01-09,Delhi,9.0,Very Poor,314,"PM10, PM2.5",2017,1,9,0,274.0,354.0,344.0,290.0,318.0
2017-01-10,Delhi,9.0,Poor,257,"PM10, PM2.5",2017,1,10,1,314.0,282.0,331.0,281.6666666666667,307.42857142857144
2017-01-11,Delhi,9.0,Poor,293,"PM10, PM2.5",2017,1,11,2,257.0,274.0,366.0,288.0,297.0
2017-01-12,Delhi,10.0,Very Poor,331,"PM10, PM2.5",2017,1,12,3,293.0,314.0,305.0,293.6666666666667,300.7142857142857
2017-01-13,Delhi,9.0,Very Poor,336,"PM10, PM2.5",2017,1,13,4,331.0,257.0,354.0,320.0,298.14285714285717
2017-01-14,Delhi,6.0,Very Poor,385,PM2.5,2017,1,14,5,336.0,293.0,282.0,350.6666666666667,312.85714285714283
2017-01-15,Delhi,5.0,Very Poor,317,PM2.5,2017,1,15,6,385.0,331.0,274.0,346.0,319.0
2017-01-16,Delhi,10.0,Very Poor,360,"PM10, PM2.5",2017,1,16,0,317.0,336.0,314.0,354.0,325.57142857142856
2017-01-17,Delhi,10.0,Poor,252,PM2.5,2017,1,17,1,360.0,385.0,257.0,309.6666666666667,324.85714285714283
2017-01-18,Delhi,10.0,Very Poor,326,PM2.5,2017,1,18,2,252.0,317.0,293.0,312.6666666666667,329.57142857142856
2017-01-19,Delhi,10.0,Very Poor,302,PM2.5,2017,1,19,3,326.0,360.0,331.0,293.3333333333333,325.42857142857144
2017-01-20,Delhi,10.0,Poor,229,PM2.5,2017,1,20,4,302.0,252.0,336.0,285.6666666666667,310.14285714285717
2017-01-21,Delhi,6.0,Poor,286,PM2.5,2017,1,21,5,229.0,326.0,385.0,272.3333333333333,296.0
2017-01-22,Delhi,6.0,Very Poor,365,PM2.5,2017,1,22,6,286.0,302.0,317.0,293.3333333333333,302.85714285714283
2017-01-23,Delhi,5.0,Very Poor,308,PM2.5,2017,1,23,0,365.0,229.0,360.0,319.6666666666667,295.42857142857144
2017-01-24,Delhi,8.0,Very Poor,331,"PM10, PM2.5",2017,1,24,1,308.0,286.0,252.0,334.6666666666667,306.7142857142857
2017-01-25,Delhi,9.0,Very Poor,375,"PM10, PM2.5",2017,1,25,2,331.0,365.0,326.0,338.0,313.7142857142857
2017-01-26,Delhi,10.0,Very Poor,317,PM2.5,2017,1,26,3,375.0,308.0,302.0,341.0,315.85714285714283
2017-01-27,Delhi,6.0,Moderate,110,"PM10, PM2.5",2017,1,27,4,317.0,331.0,229.0,267.3333333333333,298.85714285714283
2017-01-28,Delhi,6.0,Moderate,188,"PM10, PM2.5",2017,1,28,5,110.0,375.0,286.0,205.0,284.85714285714283
2017-01-29,Delhi,9.0,Poor,215,PM2.5,2017,1,29,6,188.0,317.0,365.0,171.0,263.42857142857144
2017-01-30,Delhi,10.0,Poor,294,"PM10, PM2.5",2017,1,30,0,215.0,110.0,308.0,232.33333333333334,261.42857142857144
2017-01-31,Delhi,9.0,Very Poor,341,PM2.5,2017,1,31,1,294.0,188.0,331.0,283.3333333333333,262.85714285714283
2017-02-01,Delhi,9.0,Poor,273,PM2.5,2017,2,1,2,341.0,215.0,375.0,302.6666666666667,248.28571428571428
2017-02-02,Delhi,10.0,Very Poor,338,"PM10, PM2.5",2017,2,2,3,273.0,294.0,317.0,317.3333333333333,251.28571428571428
2017-02-03,Delhi,10.0,Very Poor,330,"PM10, PM2.5",2017,2,3,4,338.0,341.0,110.0,313.6666666666667,282.7142857142857
2017-02-04,Delhi,10.0,Very Poor,344,"PM10, PM2.5",2017,2,4,5,330.0,273.0,188.0,337.3333333333333,305.0
2017-02-05,Delhi,9.0,Poor,298,PM2.5,2017,2,5,6,344.0,338.0,215.0,324.0,316.85714285714283
2017-02-06,Delhi,8.0,Very Poor,349,"PM10, PM2.5",2017,2,6,0,298.0,330.0,294.0,330.3333333333333,324.7142857142857
2017-02-07,Delhi,10.0,Moderate,162,"PM10, PM2.5",2017,2,7,1,349.0,344.0,341.0,269.6666666666667,299.14285714285717
2017-02-08,Delhi,10.0,Poor,268,"PM10, PM2.5",2017,2,8,2,162.0,298.0,273.0,259.6666666666667,298.42857142857144
2017-02-09,Delhi,10.0,Poor,276,"PM10, PM2.5",2017,2,9,3,268.0,349.0,338.0,235.33333333333334,289.57142857142856
2017-02-10,Delhi,10.0,Poor,245,"PM10, PM2.5",2017,2,10,4,276.0,162.0,330.0,263.0,277.42857142857144
2017-02-11,Delhi,8.0,Poor,251,"PM10, PM2.5",2017,2,11,5,245.0,268.0,344.0,257.3333333333333,264.14285714285717
2017-02-12,Delhi,6.0,Poor,275,PM2.5,2017,2,12,6,251.0,276.0,298.0,257.0,260.85714285714283
2017-02-13,Delhi,10.0,Poor,275,"PM10, PM2.5",2017,2,13,0,275.0,245.0,349.0,267.0,250.28571428571428
2017-02-14,Delhi,9.0,Poor,300,"PM10, PM2.5",2017,2,14,1,275.0,251.0,162.0,283.3333333333333,270.0
2017-02-15,Delhi,9.0,Poor,297,"PM10, PM2.5",2017,2,15,2,300.0,275.0,268.0,290.6666666666667,274.14285714285717
2017-02-16,Delhi,10.0,Poor,288,"PM10, PM2.5",2017,2,16,3,297.0,275.0,276.0,295.0,275.85714285714283
2017-02-17,Delhi,8.0,Poor,280,"PM10, PM2.5",2017,2,17,4,288.0,300.0,245.0,288.3333333333333,280.85714285714283
2017-02-18,Delhi,9.0,Poor,245,"PM10, PM2.5",2017,2,18,5,280.0,297.0,251.0,271.0,280.0
2017-02-19,Delhi,9.0,Poor,257,"PM10, PM2.5",2017,2,19,6,245.0,288.0,275.0,260.6666666666667,277.42857142857144
2017-02-20,Delhi,5.0,Poor,260,PM2.5,2017,2,20,0,257.0,280.0,275.0,254.0,275.2857142857143
2017-02-21,Delhi,10.0,Poor,259,"PM10, PM2.5",2017,2,21,1,260.0,245.0,300.0,258.6666666666667,269.42857142857144
2017-02-22,Delhi,8.0,Poor,245,"PM10, PM2.5",2017,2,22,2,259.0,257.0,297.0,254.66666666666666,262.0
2017-02-23,Delhi,4.0,Moderate,182,PM2.5,2017,2,23,3,245.0,260.0,288.0,228.66666666666666,246.85714285714286
2017-02-24,Delhi,6.0,Poor,205,PM2.5,2017,2,24,4,182.0,259.0,280.0,210.66666666666666,236.14285714285714
2017-02-25,Delhi,6.0,Poor,207,PM2.5,2017,2,25,5,205.0,245.0,245.0,198.0,230.71428571428572
2017-02-26,Delhi,6.0,Poor,256,PM2.5,2017,2,26,6,207.0,182.0,257.0,222.66666666666666,230.57142857142858
2017-02-27,Delhi,10.0,Poor,233,"NO2, PM2.5",2017,2,27,0,256.0,205.0,260.0,232.0,226.71428571428572
2017-02-28,Delhi,7.0,Poor,278,"O3, PM2.5",2017,2,28,1,233.0,207.0,259.0,255.66666666666666,229.42857142857142
2017-03-01,Delhi,9.0,Poor,292,"PM10, PM2.5",2017,3,1,2,278.0,256.0,245.0,267.6666666666667,236.14285714285714
2017-03-02,Delhi,9.0,Poor,259,"PM10, PM2.5",2017,3,2,3,292.0,233.0,182.0,276.3333333333333,247.14285714285714
2017-03-03,Delhi,10.0,Moderate,150,"PM10, PM2.5",2017,3,3,4,259.0,278.0,205.0,233.66666666666666,239.28571428571428
2017-03-04,Delhi,10.0,Moderate,179,"PM10, PM2.5",2017,3,4,5,150.0,292.0,207.0,196.0,235.28571428571428
2017-03-05,Delhi,8.0,Poor,203,"PM10, PM2.5",2017,3,5,6,179.0,259.0,256.0,177.33333333333334,227.71428571428572
2017-03-06,Delhi,8.0,Moderate,200,"PM10, PM2.5",2017,3,6,0,203.0,150.0,233.0,194.0,223.0
2017-03-07,Delhi,9.0,Poor,228,"PM10, PM2.5",2017,3,7,1,200.0,179.0,278.0,210.33333333333334,215.85714285714286
2017-03-08,Delhi,9.0,Poor,203,"PM10, PM2.5",2017,3,8,2,228.0,203.0,292.0,210.33333333333334,203.14285714285714
2017-03-09,Delhi,8.0,Moderate,162,"PM10, PM2.5",2017,3,9,3,203.0,200.0,259.0,197.66666666666666,189.28571428571428
2017-03-10,Delhi,9.0,Moderate,125,"NO2, PM2.5",2017,3,10,4,162.0,228.0,150.0,163.33333333333334,185.71428571428572
2017-03-11,Delhi,6.0,Moderate,117,"NO2, O3",2017,3,11,5,125.0,203.0,179.0,134.66666666666666,176.85714285714286
2017-03-12,Delhi,6.0,Moderate,129,"NO2, PM2.5",2017,3,12,6,117.0,162.0,203.0,123.66666666666667,166.28571428571428
2017-03-13,Delhi,7.0,Moderate,180,"PM10, PM2.5",2017,3,13,0,129.0,125.0,200.0,142.0,163.42857142857142
2017-03-14,Delhi,7.0,Moderate,191,"PM10, PM2.5",2017,3,14,1,180.0,117.0,228.0,166.66666666666666,158.14285714285714
2017-03-15,Delhi,3.0,Poor,227,PM2.5,2017,3,15,2,191.0,129.0,203.0,199.33333333333334,161.57142857142858
2017-03-16,Delhi,7.0,Poor,239,"PM10, PM2.5",2017,3,16,3,227.0,180.0,162.0,219.0,172.57142857142858
2017-03-17,Delhi,7.0,Poor,251,"PM10, PM2.5",2017,3,17,4,239.0,191.0,125.0,239.0,190.57142857142858
2017-03-18,Delhi,8.0,Poor,202,"PM10, PM2.5",2017,3,18,5,251.0,227.0,117.0,230.66666666666666,202.71428571428572
2017-03-19,Delhi,7.0,Poor,265,"PM10, PM2.5",2017,3,19,6,202.0,239.0,129.0,239.33333333333334,222.14285714285714
2017-03-20,Delhi,7.0,Poor,271,"PM10, PM2.5",2017,3,20,0,265.0,251.0,180.0,246.0,235.14285714285714
2017-03-21,Delhi,7.0,Poor,272,"PM10, PM2.5",2017,3,21,1,271.0,202.0,191.0,269.3333333333333,246.71428571428572
2017-03-22,Delhi,7.0,Poor,258,"PM10, PM2.5",2017,3,22,2,272.0,265.0,227.0,267.0,251.14285714285714
2017-03-23,Delhi,7.0,Poor,273,"PM10, PM2.5",2017,3,23,3,258.0,271.0,239.0,267.6666666666667,256.0
2017-03-24,Delhi,8.0,Poor,256,"PM10, PM2.5",2017,3,24,4,273.0,272.0,251.0,262.3333333333333,256.7142857142857
2017-03-25,Delhi,8.0,Poor,210,"PM10, PM2.5",2017,3,25,5,256.0,258.0,202.0,246.33333333333334,257.85714285714283
2017-03-26,Delhi,9.0,Moderate,189,"PM10, PM2.5",2017,3,26,6,210.0,273.0,265.0,218.33333333333334,247.0
2017-03-27,Delhi,8.0,Moderate,186,"PM10, PM2.5",2017,3,27,0,189.0,256.0,271.0,195.0,234.85714285714286
2017-03-28,Delhi,7.0,Poor,228,"PM10, PM2.5",2017,3,28,1,186.0,210.0,272.0,201.0,228.57142857142858
2017-03-29,Delhi,7.0,Poor,264,"PM10, PM2.5",2017,3,29,2,228.0,189.0,258.0,226.0,229.42857142857142
2017-03-30,Delhi,3.0,Moderate,153,PM2.5,2017,3,30,3,264.0,186.0,273.0,215.0,212.28571428571428
2017-03-31,Delhi,6.0,Moderate,179,"PM10, PM2.5",2017,3,31,4,153.0,228.0,256.0,198.66666666666666,201.28571428571428
2017-04-01,Delhi,7.0,Poor,240,"PM10, PM2.5",2017,4,1,5,179.0,264.0,210.0,190.66666666666666,205.57142857142858
2017-04-02,Delhi,7.0,Moderate,187,"PM10, PM2.5",2017,4,2,6,240.0,153.0,189.0,202.0,205.28571428571428
2017-04-03,Delhi,8.0,Moderate,162,"PM10, PM2.5",2017,4,3,0,187.0,179.0,186.0,196.33333333333334,201.85714285714286
2017-04-04,Delhi,7.0,Moderate,191,"PM10, PM2.5",2017,4,4,1,162.0,240.0,228.0,180.0,196.57142857142858
2017-04-05,Delhi,6.0,Moderate,139,"PM10, PM2.5",2017,4,5,2,191.0,187.0,264.0,164.0,178.71428571428572
2017-04-06,Delhi,6.0,Moderate,132,"PM10, PM2.5",2017,4,6,3,139.0,162.0,153.0,154.0,175.71428571428572
2017-04-07,Delhi,6.0,Very Poor,383,"PM10, PM2.5",2017,4,7,4,132.0,191.0,179.0,218.0,204.85714285714286
2017-04-08,Delhi,7.0,Poor,295,"PM10, PM2.5",2017,4,8,5,383.0,139.0,240.0,270.0,212.71428571428572
2017-04-09,Delhi,8.0,Moderate,155,"PM10, PM2.5",2017,4,9,6,295.0,132.0,187.0,277.6666666666667,208.14285714285714
2017-04-10,Delhi,8.0,Moderate,164,"PM10, PM2.5",2017,4,10,0,155.0,383.0,162.0,204.66666666666666,208.42857142857142
2017-04-11,Delhi,8.0,Moderate,182,"PM10, PM2.5",2017,4,11,1,164.0,295.0,191.0,167.0,207.14285714285714
2017-04-12,Delhi,5.0,Moderate,187,"O3, PM2.5",2017,4,12,2,182.0,155.0,139.0,177.66666666666666,214.0
2017-04-13,Delhi,4.0,Poor,285,PM2.5,2017,4,13,3,187.0,164.0,132.0,218.0,235.85714285714286
2017-04-14,Delhi,10.0,Very Poor,304,"PM10, PM2.5",2017,4,14,4,285.0,182.0,383.0,258.6666666666667,224.57142857142858
2017-04-15,Delhi,10.0,Very Poor,322,"PM10, PM2.5",2017,4,15,5,304.0,187.0,295.0,303.6666666666667,228.42857142857142
2017-04-16,Delhi,8.0,Very Poor,310,"PM10, PM2.5",2017,4,16,6,322.0,285.0,155.0,312.0,250.57142857142858
2017-04-17,Delhi,3.0,Poor,249,PM2.5,2017,4,17,0,310.0,304.0,164.0,293.6666666666667,262.7142857142857
2017-04-18,Delhi,7.0,Very Poor,313,"PM10, PM2.5",2017,4,18,1,249.0,322.0,182.0,290.6666666666667,281.42857142857144
2017-04-19,Delhi,9.0,Poor,277,"PM10, PM2.5",2017,4,19,2,313.0,310.0,187.0,279.6666666666667,294.2857142857143
2017-04-20,Delhi,8.0,Poor,238,"PM10, PM2.5",2017,4,20,3,277.0,249.0,285.0,276.0,287.57142857142856
2017-04-21,Delhi,9.0,Poor,253,"PM10, PM2.5",2017,4,21,4,238.0,313.0,304.0,256.0,280.2857142857143
2017-04-22,Delhi,6.0,Poor,245,"PM10, PM2.5",2017,4,22,5,253.0,277.0,322.0,245.33333333333334,269.2857142857143
2017-04-23,Delhi,6.0,Moderate,190,"PM10, PM2.5",2017,4,23,6,245.0,238.0,310.0,229.33333333333334,252.14285714285714
2017-04-24,Delhi,7.0,Moderate,179,"PM10, PM2.5",2017,4,24,0,190.0,253.0,249.0,204.66666666666666,242.14285714285714
2017-04-25,Delhi,8.0,Poor,207,"O3, PM2.5",2017,4,25,1,179.0,245.0,313.0,192.0,227.0
2017-04-26,Delhi,7.0,Moderate,170,"PM10, PM2.5",2017,4,26,2,207.0,190.0,277.0,185.33333333333334,211.71428571428572
2017-04-27,Delhi,9.0,Moderate,185,"PM10, PM2.5",2017,4,27,3,170.0,179.0,238.0,187.33333333333334,204.14285714285714
2017-04-28,Delhi,8.0,Poor,217,"PM10, PM2.5",2017,4,28,4,185.0,207.0,253.0,190.66666666666666,199.0
2017-04-29,Delhi,8.0,Poor,231,"PM10, PM2.5",2017,4,29,5,217.0,170.0,245.0,211.0,197.0
2017-04-30,Delhi,8.0,Poor,205,"PM10, PM2.5",2017,4,30,6,231.0,185.0,190.0,217.66666666666666,199.14285714285714
2017-05-01,Delhi,7.0,Moderate,179,"PM10, PM2.5",2017,5,1,0,205.0,217.0,179.0,205.0,199.14285714285714
2017-05-02,Delhi,7.0,Poor,269,"PM10, PM2.5",2017,5,2,1,179.0,231.0,207.0,217.66666666666666,208.0
2017-05-03,Delhi,5.0,Poor,295,PM2.5,2017,5,3,2,269.0,205.0,170.0,247.66666666666666,225.85714285714286
2017-05-04,Delhi,8.0,Poor,243,"PM10, PM2.5",2017,5,4,3,295.0,179.0,185.0,269.0,234.14285714285714
2017-05-05,Delhi,7.0,Very Poor,325,"PM10, PM2.5",2017,5,5,4,243.0,269.0,217.0,287.6666666666667,249.57142857142858
2017-05-06,Delhi,7.0,Very Poor,301,"PM10, PM2.5",2017,5,6,5,325.0,295.0,231.0,289.6666666666667,259.57142857142856
2017-05-07,Delhi,5.0,Very Poor,319,"PM10, PM2.5",2017,5,7,6,301.0,243.0,205.0,315.0,275.85714285714283
2017-05-08,Delhi,6.0,Very Poor,302,"PM10, PM2.5",2017,5,8,0,319.0,325.0,179.0,307.3333333333333,293.42857142857144
2017-05-09,Delhi,8.0,Poor,277,"PM10, PM2.5",2017,5,9,1,302.0,301.0,269.0,299.3333333333333,294.57142857142856
2017-05-10,Delhi,8.0,Moderate,191,"PM10, PM2.5",2017,5,10,2,277.0,319.0,295.0,256.6666666666667,279.7142857142857
2017-05-11,Delhi,7.0,Poor,235,"PM10, PM2.5",2017,5,11,3,191.0,302.0,243.0,234.33333333333334,278.57142857142856
2017-05-12,Delhi,7.0,Very Poor,368,"PM10, PM2.5",2017,5,12,4,235.0,277.0,325.0,264.6666666666667,284.7142857142857
2017-05-13,Delhi,7.0,Very Poor,334,"PM10, PM2.5",2017,5,13,5,368.0,191.0,301.0,312.3333333333333,289.42857142857144
2017-05-14,Delhi,7.0,Poor,293,"PM10, PM2.5",2017,5,14,6,334.0,235.0,319.0,331.6666666666667,285.7142857142857
2017-05-15,Delhi,8.0,Poor,258,"PM10, PM2.5",2017,5,15,0,293.0,368.0,302.0,295.0,279.42857142857144
2017-05-16,Delhi,7.0,Poor,283,"PM10, PM2.5",2017,5,16,1,258.0,334.0,277.0,278.0,280.2857142857143
2017-05-17,Delhi,6.0,Moderate,187,"PM10, PM2.5",2017,5,17,2,283.0,293.0,191.0,242.66666666666666,279.7142857142857
2017-05-18,Delhi,5.0,Poor,235,PM2.5,2017,5,18,3,187.0,258.0,235.0,235.0,279.7142857142857
2017-05-19,Delhi,7.0,Poor,258,"O3, PM2.5",2017,5,19,4,235.0,283.0,368.0,226.66666666666666,264.0
2017-05-20,Delhi,7.0,Poor,253,"PM10, PM2.5",2017,5,20,5,258.0,187.0,334.0,248.66666666666666,252.42857142857142
2017-05-21,Delhi,8.0,Very Poor,343,"PM10, PM2.5",2017,5,21,6,253.0,235.0,293.0,284.6666666666667,259.57142857142856
2017-05-22,Delhi,6.0,Poor,247,"PM10, PM2.5",2017,5,22,0,343.0,258.0,258.0,281.0,258.0
2017-05-23,Delhi,7.0,Poor,223,"PM10, PM2.5",2017,5,23,1,247.0,253.0,283.0,271.0,249.42857142857142
2017-05-24,Delhi,8.0,Poor,223,"PM10, PM2.5",2017,5,24,2,223.0,343.0,187.0,231.0,254.57142857142858
2017-05-25,Delhi,7.0,Poor,215,"PM10, PM2.5",2017,5,25,3,223.0,247.0,235.0,220.33333333333334,251.71428571428572
2017-05-26,Delhi,9.0,Poor,259,"PM10, PM2.5",2017,5,26,4,215.0,223.0,258.0,232.33333333333334,251.85714285714286
2017-05-27,Delhi,10.0,Poor,210,"PM10, PM2.5",2017,5,27,5,259.0,223.0,253.0,228.0,245.71428571428572
2017-05-28,Delhi,9.0,Moderate,149,"PM10, PM2.5",2017,5,28,6,210.0,215.0,343.0,206.0,218.0
2017-05-29,Delhi,9.0,Moderate,126,"PM10, PM2.5",2017,5,29,0,149.0,259.0,247.0,161.66666666666666,200.71428571428572
2017-05-30,Delhi,8.0,Moderate,180,"PM10, PM2.5",2017,5,30,1,126.0,210.0,223.0,151.66666666666666,194.57142857142858
2017-05-31,Delhi,10.0,Moderate,132,"CO, PM2.5",2017,5,31,2,180.0,149.0,223.0,146.0,181.57142857142858
2017-06-01,Delhi,7.0,Poor,230,"PM10, PM2.5",2017,6,1,3,132.0,126.0,215.0,180.66666666666666,183.71428571428572
2017-06-02,Delhi,10.0,Poor,237,"PM10, PM2.5",2017,6,2,4,230.0,180.0,259.0,199.66666666666666,180.57142857142858
2017-06-03,Delhi,9.0,Poor,240,"PM10, PM2.5",2017,6,3,5,237.0,132.0,210.0,235.66666666666666,184.85714285714286
2017-06-04,Delhi,8.0,Poor,264,"PM10, PM2.5",2017,6,4,6,240.0,230.0,149.0,247.0,201.28571428571428
2017-06-05,Delhi,9.0,Poor,224,"PM10, PM2.5",2017,6,5,0,264.0,237.0,126.0,242.66666666666666,215.28571428571428
2017-06-06,Delhi,6.0,Poor,240,"PM10, PM2.5",2017,6,6,1,224.0,240.0,180.0,242.66666666666666,223.85714285714286
2017-06-07,Delhi,8.0,Moderate,163,"PM10, PM2.5",2017,6,7,2,240.0,264.0,132.0,209.0,228.28571428571428
2017-06-08,Delhi,8.0,Moderate,110,"PM10, PM2.5",2017,6,8,3,163.0,224.0,230.0,171.0,211.14285714285714
2017-06-09,Delhi,8.0,Moderate,171,"O3, PM2.5",2017,6,9,4,110.0,240.0,237.0,148.0,201.71428571428572
2017-06-10,Delhi,6.0,Poor,218,"PM10, PM2.5",2017,6,10,5,171.0,163.0,240.0,166.33333333333334,198.57142857142858
2017-06-11,Delhi,8.0,Moderate,135,"O3, PM2.5",2017,6,11,6,218.0,110.0,264.0,174.66666666666666,180.14285714285714
2017-06-12,Delhi,9.0,Moderate,155,"O3, PM2.5",2017,6,12,0,135.0,171.0,224.0,169.33333333333334,170.28571428571428
2017-06-13,Delhi,8.0,Moderate,169,"PM10, PM2.5",2017,6,13,1,155.0,218.0,240.0,153.0,160.14285714285714
2017-06-14,Delhi,9.0,Poor,211,"PM10, PM2.5",2017,6,14,2,169.0,135.0,163.0,178.33333333333334,167.0
2017-06-15,Delhi,6.0,Poor,270,"PM10, PM2.5",2017,6,15,3,211.0,155.0,110.0,216.66666666666666,189.85714285714286
2017-06-16,Delhi,10.0,Moderate,176,"PM10, PM2.5",2017,6,16,4,270.0,169.0,171.0,219.0,190.57142857142858
2017-06-17,Delhi,10.0,Moderate,104,"PM10, PM2.5",2017,6,17,5,176.0,211.0,218.0,183.33333333333334,174.28571428571428
2017-06-19,Delhi,5.0,Moderate,185,"CO, PM2.5",2017,6,19,0,104.0,270.0,135.0,155.0,181.42857142857142
2017-06-20,Delhi,8.0,Moderate,112,"PM10, PM2.5",2017,6,20,1,185.0,176.0,155.0,133.66666666666666,175.28571428571428
2017-06-21,Delhi,9.0,Moderate,105,"PM10, PM2.5",2017,6,21,2,112.0,104.0,169.0,134.0,166.14285714285714
2017-06-22,Delhi,7.0,Moderate,150,"PM10, PM2.5",2017,6,22,3,105.0,185.0,211.0,122.33333333333333,157.42857142857142
2017-06-23,Delhi,9.0,Moderate,174,"PM10, PM2.5",2017,6,23,4,150.0,112.0,270.0,143.0,143.71428571428572
2017-06-24,Delhi,10.0,Moderate,196,"PM10, PM2.5",2017,6,24,5,174.0,105.0,176.0,173.33333333333334,146.57142857142858
2017-06-25,Delhi,9.0,Poor,215,"PM10, PM2.5",2017,6,25,6,196.0,150.0,104.0,195.0,162.42857142857142
2017-06-26,Delhi,10.0,Moderate,166,"PM10, PM2.5",2017,6,26,0,215.0,174.0,185.0,192.33333333333334,159.71428571428572
2017-06-27,Delhi,9.0,Moderate,137,"PM10, PM2.5",2017,6,27,1,166.0,196.0,112.0,172.66666666666666,163.28571428571428
2017-06-28,Delhi,10.0,Moderate,114,"CO, PM2.5",2017,6,28,2,137.0,215.0,105.0,139.0,164.57142857142858
2017-06-29,Delhi,9.0,Satisfactory,89,"PM10, PM2.5",2017,6,29,3,114.0,166.0,150.0,113.33333333333333,155.85714285714286
2017-06-30,Delhi,10.0,Satisfactory,81,"CO, PM2.5",2017,6,30,4,89.0,137.0,174.0,94.66666666666667,142.57142857142858
2017-07-01,Delhi,9.0,Moderate,108,"PM10, PM2.5",2017,7,1,5,81.0,114.0,196.0,92.66666666666667,130.0
2017-07-02,Delhi,9.0,Satisfactory,81,"PM10, PM2.5",2017,7,2,6,108.0,89.0,215.0,90.0,110.85714285714286
2017-07-03,Delhi,10.0,Moderate,105,"PM10, PM2.5",2017,7,3,0,81.0,81.0,166.0,98.0,102.14285714285714
2017-07-04,Delhi,8.0,Moderate,158,"PM10, PM2.5",2017,7,4,1,105.0,108.0,137.0,114.66666666666667,105.14285714285714
2017-07-05,Delhi,7.0,Moderate,185,"CO, PM2.5",2017,7,5,2,158.0,81.0,114.0,149.33333333333334,115.28571428571429
2017-07-06,Delhi,8.0,Moderate,167,"PM10, PM2.5",2017,7,6,3,185.0,105.0,89.0,170.0,126.42857142857143
2017-07-07,Delhi,9.0,Moderate,144,"CO, PM2.5",2017,7,7,4,167.0,158.0,81.0,165.33333333333334,135.42857142857142
2017-07-08,Delhi,10.0,Moderate,116,"PM10, PM2.5",2017,7,8,5,144.0,185.0,108.0,142.33333333333334,136.57142857142858
2017-07-09,Delhi,6.0,Moderate,155,"CO, PM2.5",2017,7,9,6,116.0,167.0,81.0,138.33333333333334,147.14285714285714
2017-07-10,Delhi,6.0,Moderate,115,PM2.5,2017,7,10,0,155.0,144.0,105.0,128.66666666666666,148.57142857142858
2017-07-11,Delhi,10.0,Moderate,104,"PM10, PM2.5",2017,7,11,1,115.0,116.0,158.0,124.66666666666667,140.85714285714286
2017-07-12,Delhi,10.0,Satisfactory,67,"NO2, PM2.5",2017,7,12,2,104.0,155.0,185.0,95.33333333333333,124.0
2017-07-13,Delhi,9.0,Satisfactory,77,"NO2, PM2.5",2017,7,13,3,67.0,115.0,167.0,82.66666666666667,111.14285714285714
2017-07-14,Delhi,8.0,Satisfactory,76,"O3, SO2",2017,7,14,4,77.0,104.0,144.0,73.33333333333333,101.42857142857143
2017-07-15,Delhi,7.0,Satisfactory,88,"PM10, PM2.5",2017,7,15,5,76.0,67.0,116.0,80.33333333333333,97.42857142857143
2017-07-16,Delhi,8.0,Moderate,103,"PM10, PM2.5",2017,7,16,6,88.0,77.0,155.0,89.0,90.0
2017-07-17,Delhi,10.0,Satisfactory,99,"CO, PM2.5",2017,7,17,0,103.0,76.0,115.0,96.66666666666667,87.71428571428571
2017-07-18,Delhi,9.0,Moderate,105,"O3, PM2.5",2017,7,18,1,99.0,88.0,104.0,102.33333333333333,87.85714285714286
2017-07-19,Delhi,8.0,Moderate,149,"PM10, PM2.5",2017,7,19,2,105.0,103.0,67.0,117.66666666666667,99.57142857142857
2017-07-20,Delhi,6.0,Satisfactory,85,"NO2, PM2.5",2017,7,20,3,149.0,99.0,77.0,113.0,100.71428571428571
2017-07-21,Delhi,8.0,Satisfactory,76,"NO2, PM2.5",2017,7,21,4,85.0,105.0,76.0,103.33333333333333,100.71428571428571
2017-07-22,Delhi,7.0,Satisfactory,60,"PM10, PM2.5",2017,7,22,5,76.0,149.0,88.0,73.66666666666667,96.71428571428571
2017-07-23,Delhi,7.0,Satisfactory,67,"PM10, PM2.5",2017,7,23,6,60.0,85.0,103.0,67.66666666666667,91.57142857142857
2017-07-24,Delhi,8.0,Satisfactory,60,"PM10, PM2.5",2017,7,24,0,67.0,76.0,99.0,62.333333333333336,86.0
2017-07-25,Delhi,9.0,Satisfactory,70,"PM10, PM2.5",2017,7,25,1,60.0,60.0,105.0,65.66666666666667,81.0
2017-07-26,Delhi,9.0,Satisfactory,69,"PM10, PM2.5",2017,7,26,2,70.0,67.0,149.0,66.33333333333333,69.57142857142857
2017-07-27,Delhi,7.0,Satisfactory,95,"PM10, PM2.5",2017,7,27,3,69.0,60.0,85.0,78.0,71.0
2017-07-28,Delhi,9.0,Satisfactory,79,"PM10, PM2.5",2017,7,28,4,95.0,70.0,76.0,81.0,71.42857142857143
2017-07-29,Delhi,8.0,Satisfactory,97,"NO2, PM2.5",2017,7,29,5,79.0,69.0,60.0,90.33333333333333,76.71428571428571
2017-07-30,Delhi,3.0,Good,43,"NO2, PM2.5",2017,7,30,6,97.0,95.0,67.0,73.0,73.28571428571429
2017-07-31,Delhi,3.0,Good,47,"NO2, PM2.5",2017,7,31,0,43.0,79.0,60.0,62.333333333333336,71.42857142857143
2017-08-01,Delhi,9.0,Satisfactory,61,"PM10, PM2.5",2017,8,1,1,47.0,97.0,70.0,50.333333333333336,70.14285714285714
2017-08-02,Delhi,10.0,Satisfactory,92,"PM10, PM2.5",2017,8,2,2,61.0,43.0,69.0,66.66666666666667,73.42857142857143
2017-08-03,Delhi,5.0,Satisfactory,81,PM2.5,2017,8,3,3,92.0,47.0,95.0,78.0,71.42857142857143
2017-08-04,Delhi,9.0,Moderate,136,"PM10, PM2.5",2017,8,4,4,81.0,61.0,79.0,103.0,79.57142857142857
2017-08-05,Delhi,5.0,Moderate,166,PM2.5,2017,8,5,5,136.0,92.0,97.0,127.66666666666667,89.42857142857143
2017-08-06,Delhi,5.0,Moderate,182,PM2.5,2017,8,6,6,166.0,81.0,43.0,161.33333333333334,109.28571428571429
2017-08-07,Delhi,4.0,Moderate,156,PM2.5,2017,8,7,0,182.0,136.0,47.0,168.0,124.85714285714286
2017-08-08,Delhi,9.0,Satisfactory,85,"O3, PM2.5",2017,8,8,1,156.0,166.0,61.0,141.0,128.28571428571428
2017-08-09,Delhi,5.0,Moderate,125,"NO2, PM2.5",2017,8,9,2,85.0,182.0,92.0,122.0,133.0
2017-08-10,Delhi,8.0,Moderate,175,"NO2, PM2.5",2017,8,10,3,125.0,156.0,81.0,128.33333333333334,146.42857142857142
2017-08-11,Delhi,8.0,Moderate,106,"NO2, PM2.5",2017,8,11,4,175.0,85.0,136.0,135.33333333333334,142.14285714285714
2017-08-12,Delhi,4.0,Satisfactory,66,"NO2, PM2.5",2017,8,12,5,106.0,125.0,166.0,115.66666666666667,127.85714285714286
2017-08-13,Delhi,3.0,Satisfactory,73,PM2.5,2017,8,13,6,66.0,175.0,182.0,81.66666666666667,112.28571428571429
2017-08-14,Delhi,3.0,Satisfactory,81,PM2.5,2017,8,14,0,73.0,106.0,156.0,73.33333333333333,101.57142857142857
2017-08-15,Delhi,5.0,Satisfactory,95,"NO2, PM2.5",2017,8,15,1,81.0,66.0,85.0,83.0,103.0
2017-08-16,Delhi,6.0,Satisfactory,93,"NO2, PM2.5",2017,8,16,2,95.0,73.0,125.0,89.66666666666667,98.42857142857143
2017-08-17,Delhi,8.0,Moderate,116,"PM10, PM2.5",2017,8,17,3,93.0,81.0,175.0,101.33333333333333,90.0
2017-08-18,Delhi,5.0,Moderate,116,"NO2, PM2.5",2017,8,18,4,116.0,95.0,106.0,108.33333333333333,91.42857142857143
2017-08-19,Delhi,4.0,Satisfactory,84,PM2.5,2017,8,19,5,116.0,93.0,66.0,105.33333333333333,94.0
2017-08-20,Delhi,3.0,Satisfactory,62,PM2.5,2017,8,20,6,84.0,116.0,73.0,87.33333333333333,92.42857142857143
2017-08-21,Delhi,2.0,Satisfactory,70,PM2.5,2017,8,21,0,62.0,116.0,81.0,72.0,90.85714285714286
2017-08-22,Delhi,2.0,Satisfactory,80,PM2.5,2017,8,22,1,70.0,84.0,95.0,70.66666666666667,88.71428571428571
2017-08-23,Delhi,6.0,Satisfactory,88,"CO, PM2.5",2017,8,23,2,80.0,62.0,93.0,79.33333333333333,88.0
2017-08-24,Delhi,3.0,Moderate,103,"O3, PM2.5",2017,8,24,3,88.0,70.0,116.0,90.33333333333333,86.14285714285714
2017-08-25,Delhi,5.0,Moderate,146,PM2.5,2017,8,25,4,103.0,80.0,116.0,112.33333333333333,90.42857142857143
2017-08-26,Delhi,8.0,Moderate,114,"PM10, PM2.5",2017,8,26,5,146.0,88.0,84.0,121.0,94.71428571428571
2017-08-27,Delhi,8.0,Moderate,121,"PM10, PM2.5",2017,8,27,6,114.0,103.0,62.0,127.0,103.14285714285714
2017-08-28,Delhi,8.0,Satisfactory,79,"CO, PM2.5",2017,8,28,0,121.0,146.0,70.0,104.66666666666667,104.42857142857143
2017-08-29,Delhi,9.0,Satisfactory,78,"CO, PM2.5",2017,8,29,1,79.0,114.0,80.0,92.66666666666667,104.14285714285714
2017-08-30,Delhi,7.0,Satisfactory,76,"CO, PM2.5",2017,8,30,2,78.0,121.0,88.0,77.66666666666667,102.42857142857143
2017-08-31,Delhi,8.0,Satisfactory,84,"CO, PM2.5",2017,8,31,3,76.0,79.0,103.0,79.33333333333333,99.71428571428571
2017-09-01,Delhi,8.0,Satisfactory,66,"CO, PM2.5",2017,9,1,4,84.0,78.0,146.0,75.33333333333333,88.28571428571429
2017-09-02,Delhi,8.0,Satisfactory,61,"CO, PM2.5",2017,9,2,5,66.0,76.0,114.0,70.33333333333333,80.71428571428571
2017-09-03,Delhi,8.0,Satisfactory,71,"PM10, PM2.5",2017,9,3,6,61.0,84.0,121.0,66.0,73.57142857142857
2017-09-04,Delhi,9.0,Moderate,115,"PM10, PM2.5",2017,9,4,0,71.0,66.0,79.0,82.33333333333333,78.71428571428571
2017-09-05,Delhi,9.0,Satisfactory,93,"PM10, PM2.5",2017,9,5,1,115.0,61.0,78.0,93.0,80.85714285714286
2017-09-06,Delhi,9.0,Satisfactory,95,"PM10, PM2.5",2017,9,6,2,93.0,71.0,76.0,101.0,83.57142857142857
2017-09-07,Delhi,8.0,Satisfactory,91,"PM10, PM2.5",2017,9,7,3,95.0,115.0,84.0,93.0,84.57142857142857
2017-09-08,Delhi,8.0,Moderate,163,"PM10, PM2.5",2017,9,8,4,91.0,93.0,66.0,116.33333333333333,98.42857142857143
2017-09-09,Delhi,4.0,Moderate,130,PM2.5,2017,9,9,5,163.0,95.0,61.0,128.0,108.28571428571429
2017-09-10,Delhi,4.0,Moderate,173,PM2.5,2017,9,10,6,130.0,91.0,71.0,155.33333333333334,122.85714285714286
2017-09-11,Delhi,16.0,Moderate,170,"NO2, PM2.5",2017,9,11,0,173.0,163.0,115.0,157.66666666666666,130.71428571428572
2017-09-12,Delhi,9.0,Moderate,127,"PM10, PM2.5",2017,9,12,1,170.0,130.0,93.0,156.66666666666666,135.57142857142858
2017-09-13,Delhi,9.0,Moderate,156,"PM10, PM2.5",2017,9,13,2,127.0,173.0,95.0,151.0,144.28571428571428
2017-09-14,Delhi,10.0,Moderate,191,"O3, PM2.5",2017,9,14,3,156.0,170.0,91.0,158.0,158.57142857142858
2017-09-15,Delhi,10.0,Moderate,174,"PM10, PM2.5",2017,9,15,4,191.0,127.0,163.0,173.66666666666666,160.14285714285714
2017-09-16,Delhi,12.0,Moderate,133,"NO2, PM2.5",2017,9,16,5,174.0,156.0,130.0,166.0,160.57142857142858
2017-09-17,Delhi,12.0,Moderate,124,"NO2, PM2.5",2017,9,17,6,133.0,191.0,173.0,143.66666666666666,153.57142857142858
2017-09-18,Delhi,7.0,Moderate,131,"NO2, PM2.5",2017,9,18,0,124.0,174.0,170.0,129.33333333333334,148.0
2017-09-19,Delhi,11.0,Moderate,170,PM2.5,2017,9,19,1,131.0,133.0,127.0,141.66666666666666,154.14285714285714
2017-09-20,Delhi,17.0,Moderate,191,"O3, PM2.5",2017,9,20,2,170.0,124.0,156.0,164.0,159.14285714285714
2017-09-21,Delhi,7.0,Moderate,195,PM2.5,2017,9,21,3,191.0,131.0,191.0,185.33333333333334,159.71428571428572
2017-09-22,Delhi,10.0,Satisfactory,72,"CO, PM2.5",2017,9,22,4,195.0,170.0,174.0,152.66666666666666,145.14285714285714
2017-09-23,Delhi,8.0,Satisfactory,72,"CO, PM2.5",2017,9,23,5,72.0,191.0,133.0,113.0,136.42857142857142
2017-09-24,Delhi,14.0,Satisfactory,87,"CO, PM2.5",2017,9,24,6,72.0,195.0,124.0,77.0,131.14285714285714
2017-09-25,Delhi,16.0,Moderate,117,"PM10, PM2.5",2017,9,25,0,87.0,72.0,131.0,92.0,129.14285714285714
2017-09-26,Delhi,17.0,Moderate,164,"PM10, PM2.5",2017,9,26,1,117.0,72.0,170.0,122.66666666666667,128.28571428571428
2017-09-27,Delhi,14.0,Poor,211,"PM10, PM2.5",2017,9,27,2,164.0,87.0,191.0,164.0,131.14285714285714
2017-09-28,Delhi,16.0,Poor,205,"PM10, PM2.5",2017,9,28,3,211.0,117.0,195.0,193.33333333333334,132.57142857142858
2017-09-29,Delhi,16.0,Poor,213,"PM10, PM2.5",2017,9,29,4,205.0,164.0,72.0,209.66666666666666,152.71428571428572
2017-09-30,Delhi,17.0,Moderate,198,"PM10, PM2.5",2017,9,30,5,213.0,211.0,72.0,205.33333333333334,170.71428571428572
2017-10-01,Delhi,11.0,Moderate,196,"PM10, PM2.5",2017,10,1,6,198.0,205.0,87.0,202.33333333333334,186.28571428571428
2017-10-02,Delhi,8.0,Moderate,169,"PM10, PM2.5",2017,10,2,0,196.0,213.0,117.0,187.66666666666666,193.71428571428572
2017-10-03,Delhi,17.0,Moderate,159,"O3, PM2.5",2017,10,3,1,169.0,198.0,164.0,174.66666666666666,193.0
2017-10-04,Delhi,17.0,Poor,219,"PM10, PM2.5",2017,10,4,2,159.0,196.0,211.0,182.33333333333334,194.14285714285714
2017-10-05,Delhi,16.0,Poor,212,"PM10, PM2.5",2017,10,5,3,219.0,169.0,205.0,196.66666666666666,195.14285714285714
2017-10-06,Delhi,15.0,Moderate,182,"PM10, PM2.5",2017,10,6,4,212.0,159.0,213.0,204.33333333333334,190.71428571428572
2017-10-07,Delhi,11.0,Moderate,195,"PM10, PM2.5",2017,10,7,5,182.0,219.0,198.0,196.33333333333334,190.28571428571428
2017-10-08,Delhi,16.0,Poor,247,"PM10, PM2.5",2017,10,8,6,195.0,212.0,196.0,208.0,197.57142857142858
2017-10-09,Delhi,16.0,Poor,277,"PM10, PM2.5",2017,10,9,0,247.0,182.0,169.0,239.66666666666666,213.0
2017-10-10,Delhi,15.0,Poor,254,"PM10, PM2.5",2017,10,10,1,277.0,195.0,159.0,259.3333333333333,226.57142857142858
2017-10-11,Delhi,14.0,Poor,279,"PM10, PM2.5",2017,10,11,2,254.0,247.0,219.0,270.0,235.14285714285714
2017-10-12,Delhi,15.0,Poor,268,"PM10, PM2.5",2017,10,12,3,279.0,277.0,212.0,267.0,243.14285714285714
2017-10-13,Delhi,16.0,Poor,285,"PM10, PM2.5",2017,10,13,4,268.0,254.0,182.0,277.3333333333333,257.85714285714283
2017-10-15,Delhi,15.0,Poor,289,"PM10, PM2.5",2017,10,15,6,285.0,279.0,195.0,280.6666666666667,271.2857142857143
2017-10-16,Delhi,15.0,Poor,290,"PM10, PM2.5",2017,10,16,0,289.0,268.0,247.0,288.0,277.42857142857144
2017-10-17,Delhi,12.0,Very Poor,306,"PM10, PM2.5",2017,10,17,1,290.0,285.0,277.0,295.0,281.57142857142856
2017-10-18,Delhi,14.0,Very Poor,302,"PM10, PM2.5",2017,10,18,2,306.0,289.0,254.0,299.3333333333333,288.42857142857144
2017-10-19,Delhi,16.0,Very Poor,319,"PM10, PM2.5",2017,10,19,3,302.0,290.0,279.0,309.0,294.14285714285717
2017-10-20,Delhi,14.0,Severe,403,"PM10, PM2.5",2017,10,20,4,319.0,306.0,268.0,341.3333333333333,313.42857142857144
2017-10-21,Delhi,16.0,Very Poor,389,"PM10, PM2.5",2017,10,21,5,403.0,302.0,285.0,370.3333333333333,328.2857142857143
2017-10-22,Delhi,15.0,Very Poor,329,"PM10, PM2.5",2017,10,22,6,389.0,319.0,289.0,373.6666666666667,334.0
2017-10-23,Delhi,16.0,Very Poor,306,"PM10, PM2.5",2017,10,23,0,329.0,403.0,290.0,341.3333333333333,336.2857142857143
2017-10-24,Delhi,16.0,Very Poor,309,"PM10, PM2.5",2017,10,24,1,306.0,389.0,306.0,314.6666666666667,336.7142857142857
2017-10-25,Delhi,15.0,Very Poor,344,"PM10, PM2.5",2017,10,25,2,309.0,329.0,302.0,319.6666666666667,342.7142857142857
2017-10-26,Delhi,15.0,Very Poor,321,"PM10, PM2.5",2017,10,26,3,344.0,306.0,319.0,324.6666666666667,343.0
2017-10-27,Delhi,16.0,Very Poor,329,PM2.5,2017,10,27,4,321.0,309.0,403.0,331.3333333333333,332.42857142857144
2017-10-28,Delhi,15.0,Very Poor,346,"PM10, PM2.5",2017,10,28,5,329.0,344.0,389.0,332.0,326.2857142857143
2017-10-29,Delhi,12.0,Very Poor,338,"PM10, PM2.5",2017,10,29,6,346.0,321.0,329.0,337.6666666666667,327.57142857142856
2017-10-30,Delhi,16.0,Very Poor,328,"PM10, PM2.5",2017,10,30,0,338.0,329.0,306.0,337.3333333333333,330.7142857142857
2017-10-31,Delhi,15.0,Very Poor,351,"PM10, PM2.5",2017,10,31,1,328.0,346.0,309.0,339.0,336.7142857142857
2017-11-01,Delhi,16.0,Very Poor,355,PM2.5,2017,11,1,2,351.0,338.0,344.0,344.6666666666667,338.2857142857143
2017-11-02,Delhi,17.0,Very Poor,311,"PM10, PM2.5",2017,11,2,3,355.0,328.0,321.0,339.0,336.85714285714283
2017-11-03,Delhi,14.0,Very Poor,324,PM2.5,2017,11,3,4,311.0,351.0,329.0,330.0,336.14285714285717
2017-11-04,Delhi,16.0,Very Poor,351,PM2.5,2017,11,4,5,324.0,355.0,346.0,328.6666666666667,336.85714285714283
2017-11-05,Delhi,10.0,Very Poor,368,"PM10, PM2.5",2017,11,5,6,351.0,311.0,338.0,347.6666666666667,341.14285714285717
2017-11-06,Delhi,16.0,Very Poor,354,"PM10, PM2.5",2017,11,6,0,368.0,324.0,328.0,357.6666666666667,344.85714285714283
2017-11-07,Delhi,15.0,Severe,448,"PM10, PM2.5",2017,11,7,1,354.0,351.0,351.0,390.0,358.7142857142857
2017-11-08,Delhi,16.0,Severe,478,"PM10, PM2.5",2017,11,8,2,448.0,368.0,355.0,426.6666666666667,376.2857142857143
2017-11-09,Delhi,15.0,Severe,486,"PM10, PM2.5",2017,11,9,3,478.0,354.0,311.0,470.6666666666667,401.2857142857143
2017-11-10,Delhi,14.0,Severe,468,PM2.5,2017,11,10,4,486.0,448.0,324.0,477.3333333333333,421.85714285714283
2017-11-11,Delhi,15.0,Severe,403,"CO, PM2.5",2017,11,11,5,468.0,478.0,351.0,452.3333333333333,429.2857142857143
2017-11-12,Delhi,15.0,Severe,460,"CO, PM2.5",2017,11,12,6,403.0,486.0,368.0,443.6666666666667,442.42857142857144
2017-11-13,Delhi,15.0,Severe,460,PM2.5,2017,11,13,0,460.0,468.0,354.0,441.0,457.57142857142856
2017-11-14,Delhi,13.0,Very Poor,308,"CO, PM2.5",2017,11,14,1,460.0,403.0,448.0,409.3333333333333,437.57142857142856
2017-11-15,Delhi,17.0,Very Poor,361,PM2.5,2017,11,15,2,308.0,460.0,478.0,376.3333333333333,420.85714285714283
2017-11-16,Delhi,17.0,Very Poor,363,PM2.5,2017,11,16,3,361.0,460.0,486.0,344.0,403.2857142857143
2017-11-17,Delhi,16.0,Very Poor,310,PM2.5,2017,11,17,4,363.0,308.0,468.0,344.6666666666667,380.7142857142857
2017-11-18,Delhi,13.0,Poor,298,PM2.5,2017,11,18,5,310.0,361.0,403.0,323.6666666666667,365.7142857142857
2017-11-19,Delhi,16.0,Poor,292,PM2.5,2017,11,19,6,298.0,363.0,460.0,300.0,341.7142857142857
2017-11-20,Delhi,17.0,Very Poor,326,PM2.5,2017,11,20,0,292.0,310.0,460.0,305.3333333333333,322.57142857142856
2017-11-21,Delhi,16.0,Very Poor,324,PM2.5,2017,11,21,1,326.0,298.0,308.0,314.0,324.85714285714283
2017-11-22,Delhi,13.0,Very Poor,320,PM2.5,2017,11,22,2,324.0,292.0,361.0,323.3333333333333,319.0
2017-11-23,Delhi,17.0,Poor,288,"NO2, PM2.5",2017,11,23,3,320.0,326.0,363.0,310.6666666666667,308.2857142857143
2017-11-24,Delhi,17.0,Very Poor,335,PM2.5,2017,11,24,4,288.0,324.0,310.0,314.3333333333333,311.85714285714283
2017-11-25,Delhi,17.0,Very Poor,322,"NO2, PM2.5",2017,11,25,5,335.0,320.0,298.0,315.0,315.2857142857143
2017-11-26,Delhi,12.0,Very Poor,352,PM2.5,2017,11,26,6,322.0,288.0,292.0,336.3333333333333,323.85714285714283
2017-11-27,Delhi,17.0,Very Poor,362,"PM10, PM2.5",2017,11,27,0,352.0,335.0,326.0,345.3333333333333,329.0
2017-11-28,Delhi,15.0,Very Poor,307,"CO, PM2.5",2017,11,28,1,362.0,322.0,324.0,340.3333333333333,326.57142857142856
2017-11-29,Delhi,13.0,Very Poor,334,PM2.5,2017,11,29,2,307.0,352.0,320.0,334.3333333333333,328.57142857142856
2017-11-30,Delhi,14.0,Very Poor,360,PM2.5,2017,11,30,3,334.0,362.0,288.0,333.6666666666667,338.85714285714283
2017-12-01,Delhi,15.0,Very Poor,343,"PM10, PM2.5",2017,12,1,4,360.0,307.0,335.0,345.6666666666667,340.0
2017-12-02,Delhi,13.0,Very Poor,331,"PM10, PM2.5",2017,12,2,5,343.0,334.0,322.0,344.6666666666667,341.2857142857143
2017-12-03,Delhi,13.0,Very Poor,351,"PM10, PM2.5",2017,12,3,6,331.0,360.0,352.0,341.6666666666667,341.14285714285717
2017-12-04,Delhi,14.0,Very Poor,390,PM2.5,2017,12,4,0,351.0,343.0,362.0,357.3333333333333,345.14285714285717
2017-12-05,Delhi,12.0,Very Poor,378,PM2.5,2017,12,5,1,390.0,331.0,307.0,373.0,355.2857142857143
2017-12-06,Delhi,10.0,Poor,282,PM2.5,2017,12,6,2,378.0,351.0,334.0,350.0,347.85714285714283
2017-12-07,Delhi,13.0,Moderate,194,"PM10, PM2.5",2017,12,7,3,282.0,390.0,360.0,284.6666666666667,324.14285714285717
2017-12-08,Delhi,15.0,Poor,217,"PM10, PM2.5",2017,12,8,4,194.0,378.0,343.0,231.0,306.14285714285717
2017-12-09,Delhi,16.0,Very Poor,305,"PM10, PM2.5",2017,12,9,5,217.0,282.0,331.0,238.66666666666666,302.42857142857144
2017-12-10,Delhi,8.0,Very Poor,377,"PM10, PM2.5",2017,12,10,6,305.0,194.0,351.0,299.6666666666667,306.14285714285717
2017-12-11,Delhi,14.0,Very Poor,361,"PM10, PM2.5",2017,12,11,0,377.0,217.0,390.0,347.6666666666667,302.0
2017-12-12,Delhi,14.0,Poor,219,PM2.5,2017,12,12,1,361.0,305.0,378.0,319.0,279.2857142857143
2017-12-13,Delhi,14.0,Poor,270,PM2.5,2017,12,13,2,219.0,377.0,282.0,283.3333333333333,277.57142857142856
2017-12-14,Delhi,9.0,Poor,265,PM2.5,2017,12,14,3,270.0,361.0,194.0,251.33333333333334,287.7142857142857
2017-12-15,Delhi,14.0,Poor,272,"CO, PM2.5",2017,12,15,4,265.0,219.0,217.0,269.0,295.57142857142856
2017-12-16,Delhi,11.0,Poor,218,"PM10, PM2.5",2017,12,16,5,272.0,270.0,305.0,251.66666666666666,283.14285714285717
2017-12-17,Delhi,11.0,Moderate,198,"PM10, PM2.5",2017,12,17,6,218.0,265.0,377.0,229.33333333333334,257.57142857142856
2017-12-18,Delhi,16.0,Poor,234,"PM10, PM2.5",2017,12,18,0,198.0,272.0,361.0,216.66666666666666,239.42857142857142
2017-12-19,Delhi,14.0,Poor,300,"PM10, PM2.5",2017,12,19,1,234.0,218.0,219.0,244.0,251.0
2017-12-20,Delhi,16.0,Very Poor,359,PM2.5,2017,12,20,2,300.0,198.0,270.0,297.6666666666667,263.7142857142857
2017-12-21,Delhi,8.0,Severe,469,"PM10, PM2.5",2017,12,21,3,359.0,234.0,265.0,376.0,292.85714285714283
2017-12-22,Delhi,13.0,Very Poor,336,PM2.5,2017,12,22,4,469.0,300.0,272.0,388.0,302.0
2017-12-23,Delhi,17.0,Poor,228,PM2.5,2017,12,23,5,336.0,359.0,218.0,344.3333333333333,303.42857142857144
2017-12-24,Delhi,16.0,Very Poor,305,"PM10, PM2.5",2017,12,24,6,228.0,469.0,198.0,289.6666666666667,318.7142857142857
2017-12-25,Delhi,16.0,Very Poor,372,"NO2, PM2.5",2017,12,25,0,305.0,336.0,234.0,301.6666666666667,338.42857142857144
2017-12-26,Delhi,15.0,Very Poor,335,"NO2, PM2.5",2017,12,26,1,372.0,228.0,300.0,337.3333333333333,343.42857142857144
2017-12-27,Delhi,16.0,Very Poor,363,"PM10, PM2.5",2017,12,27,2,335.0,305.0,359.0,356.6666666666667,344.0
2017-12-28,Delhi,16.0,Very Poor,378,PM2.5,2017,12,28,3,363.0,372.0,469.0,358.6666666666667,331.0
2017-12-29,Delhi,14.0,Very Poor,364,PM2.5,2017,12,29,4,378.0,335.0,336.0,368.3333333333333,335.0
2017-12-30,Delhi,16.0,Very Poor,395,"PM10, PM2.5",2017,12,30,5,364.0,363.0,228.0,379.0,358.85714285714283
2017-12-31,Delhi,11.0,Very Poor,398,"PM10, PM2.5",2017,12,31,6,395.0,378.0,305.0,385.6666666666667,372.14285714285717
2018-01-01,Delhi,15.0,Very Poor,400,PM2.5,2018,1,1,0,398.0,364.0,372.0,397.6666666666667,376.14285714285717
2018-01-02,Delhi,16.0,Severe,408,"PM10, PM2.5",2018,1,2,1,400.0,395.0,335.0,402.0,386.57142857142856
2018-01-03,Delhi,11.0,Very Poor,398,PM2.5,2018,1,3,2,408.0,398.0,363.0,402.0,391.57142857142856
2018-01-04,Delhi,15.0,Very Poor,362,"PM10, PM2.5",2018,1,4,3,398.0,400.0,378.0,389.3333333333333,389.2857142857143
2018-01-05,Delhi,16.0,Very Poor,388,PM2.5,2018,1,5,4,362.0,408.0,364.0,382.6666666666667,392.7142857142857
2018-01-06,Delhi,16.0,Severe,404,PM2.5,2018,1,6,5,388.0,398.0,395.0,384.6666666666667,394.0
2018-01-07,Delhi,15.0,Very Poor,354,PM2.5,2018,1,7,6,404.0,362.0,398.0,382.0,387.7142857142857
2018-01-08,Delhi,15.0,Poor,289,"PM10, PM2.5",2018,1,8,0,354.0,388.0,400.0,349.0,371.85714285714283
2018-01-09,Delhi,17.0,Very Poor,357,PM2.5,2018,1,9,1,289.0,404.0,408.0,333.3333333333333,364.57142857142856
2018-01-10,Delhi,17.0,Very Poor,350,"PM10, PM2.5",2018,1,10,2,357.0,354.0,398.0,332.0,357.7142857142857
2018-01-11,Delhi,16.0,Very Poor,308,"PM10, PM2.5",2018,1,11,3,350.0,289.0,362.0,338.3333333333333,350.0
2018-01-12,Delhi,16.0,Poor,297,"NO2, PM2.5",2018,1,12,4,308.0,357.0,388.0,318.3333333333333,337.0
2018-01-13,Delhi,17.0,Very Poor,357,"PM10, PM2.5",2018,1,13,5,297.0,350.0,404.0,320.6666666666667,330.2857142857143
2018-01-14,Delhi,16.0,Very Poor,318,"PM10, PM2.5",2018,1,14,6,357.0,308.0,354.0,324.0,325.14285714285717
2018-01-15,Delhi,16.0,Very Poor,330,"PM10, PM2.5",2018,1,15,0,318.0,297.0,289.0,335.0,331.0
2018-01-16,Delhi,15.0,Poor,256,"PM10, PM2.5",2018,1,16,1,330.0,357.0,357.0,301.3333333333333,316.57142857142856
2018-01-17,Delhi,16.0,Very Poor,347,"PM10, PM2.5",2018,1,17,2,256.0,318.0,350.0,311.0,316.14285714285717
2018-01-18,Delhi,16.0,Very Poor,395,"PM10, PM2.5",2018,1,18,3,347.0,330.0,308.0,332.6666666666667,328.57142857142856
2018-01-19,Delhi,16.0,Severe,403,"PM10, PM2.5",2018,1,19,4,395.0,256.0,297.0,381.6666666666667,343.7142857142857
2018-01-20,Delhi,15.0,Very Poor,323,"PM10, PM2.5",2018,1,20,5,403.0,347.0,357.0,373.6666666666667,338.85714285714283
2018-01-21,Delhi,11.0,Poor,274,"PM10, PM2.5",2018,1,21,6,323.0,395.0,318.0,333.3333333333333,332.57142857142856
2018-01-22,Delhi,15.0,Very Poor,342,"PM10, PM2.5",2018,1,22,0,274.0,403.0,330.0,313.0,334.2857142857143
2018-01-23,Delhi,16.0,Very Poor,312,"NO2, PM2.5",2018,1,23,1,342.0,323.0,256.0,309.3333333333333,342.2857142857143
2018-01-24,Delhi,15.0,Poor,265,"PM10, PM2.5",2018,1,24,2,312.0,274.0,347.0,306.3333333333333,330.57142857142856
2018-01-25,Delhi,5.0,Poor,257,PM2.5,2018,1,25,3,265.0,342.0,395.0,278.0,310.85714285714283
2018-01-26,Delhi,4.0,Poor,255,PM2.5,2018,1,26,4,257.0,312.0,403.0,259.0,289.7142857142857
2018-01-27,Delhi,16.0,Poor,285,"PM10, PM2.5",2018,1,27,5,255.0,265.0,323.0,265.6666666666667,284.2857142857143
2018-01-28,Delhi,16.0,Very Poor,301,PM2.5,2018,1,28,6,285.0,257.0,274.0,280.3333333333333,288.14285714285717
2018-01-29,Delhi,16.0,Very Poor,307,PM2.5,2018,1,29,0,301.0,255.0,342.0,297.6666666666667,283.14285714285717
2018-01-30,Delhi,16.0,Poor,277,PM2.5,2018,1,30,1,307.0,285.0,312.0,295.0,278.14285714285717
2018-01-31,Delhi,17.0,Poor,244,PM2.5,2018,1,31,2,277.0,301.0,265.0,276.0,275.14285714285717
2018-02-01,Delhi,17.0,Poor,273,"PM10, PM2.5",2018,2,1,3,244.0,307.0,257.0,264.6666666666667,277.42857142857144
2018-02-02,Delhi,16.0,Poor,261,"PM10, PM2.5",2018,2,2,4,273.0,277.0,255.0,259.3333333333333,278.2857142857143
2018-02-03,Delhi,16.0,Poor,214,PM2.5,2018,2,3,5,261.0,244.0,285.0,249.33333333333334,268.14285714285717
2018-02-04,Delhi,16.0,Poor,234,PM2.5,2018,2,4,6,214.0,273.0,301.0,236.33333333333334,258.57142857142856
2018-02-05,Delhi,15.0,Poor,259,"PM10, PM2.5",2018,2,5,0,234.0,261.0,307.0,235.66666666666666,251.71428571428572
2018-02-06,Delhi,17.0,Poor,261,"PM10, PM2.5",2018,2,6,1,259.0,214.0,277.0,251.33333333333334,249.42857142857142
2018-02-07,Delhi,17.0,Poor,236,PM2.5,2018,2,7,2,261.0,234.0,244.0,252.0,248.28571428571428
2018-02-08,Delhi,17.0,Poor,288,PM2.5,2018,2,8,3,236.0,259.0,273.0,261.6666666666667,250.42857142857142
2018-02-09,Delhi,16.0,Very Poor,315,"PM10, PM2.5",2018,2,9,4,288.0,261.0,261.0,279.6666666666667,258.14285714285717
2018-02-10,Delhi,16.0,Very Poor,320,"PM10, PM2.5",2018,2,10,5,315.0,236.0,214.0,307.6666666666667,273.2857142857143
2018-02-11,Delhi,9.0,Very Poor,310,"PM10, PM2.5",2018,2,11,6,320.0,288.0,234.0,315.0,284.14285714285717
2018-02-12,Delhi,16.0,Moderate,154,"OZONE, PM2.5",2018,2,12,0,310.0,315.0,259.0,261.3333333333333,269.14285714285717
2018-02-13,Delhi,16.0,Moderate,165,"OZONE, PM2.5",2018,2,13,1,154.0,320.0,261.0,209.66666666666666,255.42857142857142
2018-02-14,Delhi,16.0,Moderate,167,"OZONE, PM2.5",2018,2,14,2,165.0,310.0,236.0,162.0,245.57142857142858
2018-02-15,Delhi,16.0,Moderate,166,"OZONE, PM2.5",2018,2,15,3,167.0,154.0,288.0,166.0,228.14285714285714
2018-02-16,Delhi,15.0,Poor,213,PM2.5,2018,2,16,4,166.0,165.0,315.0,182.0,213.57142857142858
2018-02-17,Delhi,16.0,Poor,231,PM2.5,2018,2,17,5,213.0,167.0,320.0,203.33333333333334,200.85714285714286
2018-02-18,Delhi,16.0,Poor,238,"PM10, PM2.5",2018,2,18,6,231.0,166.0,310.0,227.33333333333334,190.57142857142858
2018-02-19,Delhi,16.0,Poor,271,"PM10, PM2.5",2018,2,19,0,238.0,213.0,154.0,246.66666666666666,207.28571428571428
2018-02-20,Delhi,15.0,Poor,279,"PM10, PM2.5",2018,2,20,1,271.0,231.0,165.0,262.6666666666667,223.57142857142858
2018-02-21,Delhi,16.0,Poor,290,"PM10, PM2.5",2018,2,21,2,279.0,238.0,167.0,280.0,241.14285714285714
2018-02-22,Delhi,16.0,Poor,275,"PM10, PM2.5",2018,2,22,3,290.0,271.0,166.0,281.3333333333333,256.7142857142857
2018-02-23,Delhi,15.0,Poor,287,"PM10, PM2.5",2018,2,23,4,275.0,279.0,213.0,284.0,267.2857142857143
2018-02-24,Delhi,16.0,Very Poor,300,"PM10, PM2.5",2018,2,24,5,287.0,290.0,231.0,287.3333333333333,277.14285714285717
2018-02-25,Delhi,15.0,Poor,250,"PM10, PM2.5",2018,2,25,6,300.0,275.0,238.0,279.0,278.85714285714283
2018-02-26,Delhi,16.0,Moderate,140,"OZONE, PM10, PM2.5",2018,2,26,0,250.0,287.0,271.0,230.0,260.14285714285717
2018-02-27,Delhi,16.0,Moderate,141,"PM10, PM2.5",2018,2,27,1,140.0,300.0,279.0,177.0,240.42857142857142
2018-02-28,Delhi,16.0,Poor,259,"PM10, PM2.5",2018,2,28,2,141.0,250.0,290.0,180.0,236.0
2018-03-01,Delhi,17.0,Poor,243,"PM10, PM2.5",2018,3,1,3,259.0,140.0,275.0,214.33333333333334,231.42857142857142
2018-03-02,Delhi,17.0,Poor,245,"PM10, PM2.5",2018,3,2,4,243.0,141.0,287.0,249.0,225.42857142857142
2018-03-03,Delhi,17.0,Moderate,188,PM2.5,2018,3,3,5,245.0,259.0,300.0,225.33333333333334,209.42857142857142
2018-03-04,Delhi,17.0,Moderate,165,"PM10, PM2.5",2018,3,4,6,188.0,243.0,250.0,199.33333333333334,197.28571428571428
2018-03-05,Delhi,17.0,Moderate,159,"PM10, PM2.5",2018,3,5,0,165.0,245.0,140.0,170.66666666666666,200.0
2018-03-06,Delhi,17.0,Moderate,153,"OZONE, PM10, PM2.5",2018,3,6,1,159.0,188.0,141.0,159.0,201.71428571428572
2018-03-07,Delhi,17.0,Moderate,166,"PM10, PM2.5",2018,3,7,2,153.0,165.0,259.0,159.33333333333334,188.42857142857142
2018-03-08,Delhi,17.0,Poor,226,"PM10, PM2.5",2018,3,8,3,166.0,159.0,243.0,181.66666666666666,186.0
2018-03-09,Delhi,17.0,Poor,266,"PM10, PM2.5",2018,3,9,4,226.0,153.0,245.0,219.33333333333334,189.0
2018-03-10,Delhi,17.0,Moderate,157,"PM10, PM2.5",2018,3,10,5,266.0,166.0,188.0,216.33333333333334,184.57142857142858
2018-03-11,Delhi,17.0,Moderate,154,"PM10, PM2.5",2018,3,11,6,157.0,226.0,165.0,192.33333333333334,183.0
2018-03-12,Delhi,16.0,Moderate,192,PM2.5,2018,3,12,0,154.0,266.0,159.0,167.66666666666666,187.71428571428572
2018-03-13,Delhi,16.0,Moderate,197,PM2.5,2018,3,13,1,192.0,157.0,153.0,181.0,194.0
2018-03-14,Delhi,16.0,Poor,231,"PM10, PM2.5",2018,3,14,2,197.0,154.0,166.0,206.66666666666666,203.28571428571428
2018-03-15,Delhi,16.0,Poor,260,"PM10, PM2.5",2018,3,15,3,231.0,192.0,226.0,229.33333333333334,208.14285714285714
2018-03-16,Delhi,10.0,Poor,244,"OZONE, PM10, PM2.5",2018,3,16,4,260.0,197.0,266.0,245.0,205.0
2018-03-17,Delhi,10.0,Moderate,175,"OZONE, PM2.5",2018,3,17,5,244.0,231.0,157.0,226.33333333333334,207.57142857142858
2018-03-18,Delhi,13.0,Moderate,169,"PM10, PM2.5",2018,3,18,6,175.0,260.0,154.0,196.0,209.71428571428572
2018-03-19,Delhi,15.0,Moderate,153,"PM10, PM2.5",2018,3,19,0,169.0,244.0,192.0,165.66666666666666,204.14285714285714
2018-03-20,Delhi,15.0,Moderate,197,"OZONE, PM2.5",2018,3,20,1,153.0,175.0,197.0,173.0,204.14285714285714
2018-03-21,Delhi,31.0,Poor,290,"PM10, PM2.5",2018,3,21,2,197.0,169.0,231.0,213.33333333333334,212.57142857142858
2018-03-22,Delhi,32.0,Moderate,178,"PM10, PM2.5",2018,3,22,3,290.0,153.0,260.0,221.66666666666666,200.85714285714286
2018-03-23,Delhi,29.0,Moderate,150,"OZONE, PM10, PM2.5",2018,3,23,4,178.0,197.0,244.0,206.0,187.42857142857142
2018-03-24,Delhi,32.0,Moderate,176,"PM10, PM2.5",2018,3,24,5,150.0,290.0,175.0,168.0,187.57142857142858
2018-03-25,Delhi,29.0,Moderate,197,PM2.5,2018,3,25,6,176.0,178.0,169.0,174.33333333333334,191.57142857142858
2018-03-26,Delhi,31.0,Moderate,185,"PM10, PM2.5",2018,3,26,0,197.0,150.0,153.0,186.0,196.14285714285714
2018-03-27,Delhi,32.0,Poor,231,"PM10, PM2.5",2018,3,27,1,185.0,176.0,197.0,204.33333333333334,201.0
2018-03-28,Delhi,31.0,Poor,257,PM10,2018,3,28,2,231.0,197.0,290.0,224.33333333333334,196.28571428571428
2018-03-29,Delhi,30.0,Poor,214,"PM10, PM2.5",2018,3,29,3,257.0,185.0,178.0,234.0,201.42857142857142
2018-03-30,Delhi,31.0,Poor,218,"PM10, PM2.5",2018,3,30,4,214.0,231.0,150.0,229.66666666666666,211.14285714285714
2018-03-31,Delhi,29.0,Poor,258,PM10,2018,3,31,5,218.0,257.0,176.0,230.0,222.85714285714286
2018-04-01,Delhi,29.0,Moderate,195,"OZONE, PM10, PM2.5",2018,4,1,6,258.0,214.0,197.0,223.66666666666666,222.57142857142858
2018-04-02,Delhi,31.0,Poor,212,PM10,2018,4,2,0,195.0,218.0,185.0,221.66666666666666,226.42857142857142
2018-04-03,Delhi,13.0,Poor,207,"PM10, PM2.5",2018,4,3,1,212.0,258.0,231.0,204.66666666666666,223.0
2018-04-04,Delhi,12.0,Poor,203,"PM10, PM2.5",2018,4,4,2,207.0,195.0,257.0,207.33333333333334,215.28571428571428
2018-04-05,Delhi,13.0,Poor,290,"PM10, PM2.5",2018,4,5,3,203.0,212.0,214.0,233.33333333333334,226.14285714285714
2018-04-06,Delhi,13.0,Poor,208,"PM10, PM2.5",2018,4,6,4,290.0,207.0,218.0,233.66666666666666,224.71428571428572
2018-04-07,Delhi,31.0,Moderate,137,"OZONE, PM10, PM2.5",2018,4,7,5,208.0,203.0,258.0,211.66666666666666,207.42857142857142
2018-04-08,Delhi,28.0,Moderate,139,"OZONE, PM10",2018,4,8,6,137.0,290.0,195.0,161.33333333333334,199.42857142857142
2018-04-09,Delhi,21.0,Moderate,118,PM10,2018,4,9,0,139.0,208.0,212.0,131.33333333333334,186.0
2018-04-10,Delhi,20.0,Poor,230,"OZONE, PM10, PM2.5",2018,4,10,1,118.0,137.0,207.0,162.33333333333334,189.28571428571428
2018-04-11,Delhi,10.0,Moderate,141,"PM10, PM2.5",2018,4,11,2,230.0,139.0,203.0,163.0,180.42857142857142
2018-04-12,Delhi,11.0,Satisfactory,99,"CO, PM10, PM2.5",2018,4,12,3,141.0,118.0,290.0,156.66666666666666,153.14285714285714
2018-04-13,Delhi,30.0,Moderate,186,"NO2, PM10, PM2.5",2018,4,13,4,99.0,230.0,208.0,142.0,150.0
2018-04-14,Delhi,23.0,Poor,217,"NO2, PM10, PM2.5",2018,4,14,5,186.0,141.0,137.0,167.33333333333334,161.42857142857142
2018-04-15,Delhi,12.0,Poor,224,"NO2, PM10, PM2.5",2018,4,15,6,217.0,99.0,139.0,209.0,173.57142857142858
2018-04-16,Delhi,6.0,Poor,285,"NO2, PM10, PM2.5",2018,4,16,0,224.0,186.0,118.0,242.0,197.42857142857142
2018-04-17,Delhi,20.0,Poor,244,PM10,2018,4,17,1,285.0,217.0,230.0,251.0,199.42857142857142
2018-04-18,Delhi,24.0,Poor,228,PM10,2018,4,18,2,244.0,224.0,141.0,252.33333333333334,211.85714285714286
2018-04-19,Delhi,8.0,Poor,244,"NO2, PM10, PM2.5",2018,4,19,3,228.0,285.0,99.0,238.66666666666666,232.57142857142858
2018-04-20,Delhi,24.0,Poor,246,PM10,2018,4,20,4,244.0,244.0,186.0,239.33333333333334,241.14285714285714
2018-04-21,Delhi,11.0,Very Poor,356,"PM10, PM2.5",2018,4,21,5,246.0,228.0,217.0,282.0,261.0
2018-04-22,Delhi,10.0,Poor,211,"PM10, PM2.5",2018,4,22,6,356.0,244.0,224.0,271.0,259.14285714285717
2018-04-23,Delhi,10.0,Moderate,160,"PM10, PM2.5",2018,4,23,0,211.0,246.0,285.0,242.33333333333334,241.28571428571428
2018-04-24,Delhi,22.0,Poor,254,"OZONE, PM10, PM2.5",2018,4,24,1,160.0,356.0,244.0,208.33333333333334,242.71428571428572
2018-04-25,Delhi,25.0,Poor,262,"PM10, PM2.5",2018,4,25,2,254.0,211.0,228.0,225.33333333333334,247.57142857142858
2018-04-26,Delhi,29.0,Very Poor,312,PM10,2018,4,26,3,262.0,160.0,244.0,276.0,257.2857142857143
2018-04-27,Delhi,24.0,Very Poor,306,PM10,2018,4,27,4,312.0,254.0,246.0,293.3333333333333,265.85714285714283
2018-04-28,Delhi,25.0,Very Poor,301,PM10,2018,4,28,5,306.0,262.0,356.0,306.3333333333333,258.0
2018-04-29,Delhi,24.0,Poor,247,PM10,2018,4,29,6,301.0,312.0,211.0,284.6666666666667,263.14285714285717
2018-04-30,Delhi,23.0,Poor,206,"PM10, PM2.5",2018,4,30,0,247.0,306.0,160.0,251.33333333333334,269.7142857142857
2018-05-01,Delhi,22.0,Moderate,178,"NO2, OZONE, PM10",2018,5,1,1,206.0,301.0,254.0,210.33333333333334,258.85714285714283
2018-05-02,Delhi,29.0,Moderate,153,"NO2, OZONE, PM10",2018,5,2,2,178.0,247.0,262.0,179.0,243.28571428571428
2018-05-03,Delhi,28.0,Moderate,156,"PM10, PM2.5",2018,5,3,3,153.0,206.0,312.0,162.33333333333334,221.0
2018-05-04,Delhi,29.0,Moderate,135,"CO, OZONE, PM10",2018,5,4,4,156.0,178.0,306.0,148.0,196.57142857142858
2018-05-05,Delhi,30.0,Moderate,169,"OZONE, PM10",2018,5,5,5,135.0,153.0,301.0,153.33333333333334,177.71428571428572
2018-05-06,Delhi,28.0,Poor,269,PM10,2018,5,6,6,169.0,156.0,247.0,191.0,180.85714285714286
2018-05-07,Delhi,29.0,Poor,205,"PM10, PM2.5",2018,5,7,0,269.0,135.0,206.0,214.33333333333334,180.71428571428572
2018-05-08,Delhi,31.0,Poor,208,"PM10, PM2.5",2018,5,8,1,205.0,169.0,178.0,227.33333333333334,185.0
2018-05-09,Delhi,26.0,Moderate,157,"OZONE, PM10, PM2.5",2018,5,9,2,208.0,269.0,153.0,190.0,185.57142857142858
2018-05-10,Delhi,27.0,Moderate,190,"OZONE, PM2.5",2018,5,10,3,157.0,205.0,156.0,185.0,190.42857142857142
2018-05-11,Delhi,19.0,Poor,256,"PM10, PM2.5",2018,5,11,4,190.0,208.0,135.0,201.0,207.71428571428572
2018-05-12,Delhi,27.0,Very Poor,303,PM10,2018,5,12,5,256.0,157.0,169.0,249.66666666666666,226.85714285714286
2018-05-13,Delhi,10.0,Poor,215,"PM10, PM2.5",2018,5,13,6,303.0,190.0,269.0,258.0,219.14285714285714
2018-05-14,Delhi,9.0,Moderate,125,"PM10, PM2.5",2018,5,14,0,215.0,256.0,205.0,214.33333333333334,207.71428571428572
2018-05-15,Delhi,26.0,Moderate,157,"OZONE, PM10, PM2.5",2018,5,15,1,125.0,303.0,208.0,165.66666666666666,200.42857142857142
2018-05-16,Delhi,30.0,Moderate,183,"PM10, PM2.5",2018,5,16,2,157.0,215.0,157.0,155.0,204.14285714285714
2018-05-17,Delhi,14.0,Poor,243,"PM10, PM2.5",2018,5,17,3,183.0,125.0,190.0,194.33333333333334,211.71428571428572
2018-05-18,Delhi,7.0,Poor,225,"PM10, PM2.5",2018,5,18,4,243.0,157.0,256.0,217.0,207.28571428571428
2018-05-19,Delhi,5.0,Poor,242,"PM10, PM2.5",2018,5,19,5,225.0,183.0,303.0,236.66666666666666,198.57142857142858
2018-05-20,Delhi,5.0,Moderate,199,"PM10, PM2.5",2018,5,20,6,242.0,243.0,215.0,222.0,196.28571428571428
2018-05-21,Delhi,5.0,Moderate,183,"NO2, PM10, PM2.5",2018,5,21,0,199.0,225.0,125.0,208.0,204.57142857142858
2018-05-22,Delhi,26.0,Poor,212,PM10,2018,5,22,1,183.0,242.0,157.0,198.0,212.42857142857142
2018-05-23,Delhi,15.0,Very Poor,302,PM10,2018,5,23,2,212.0,199.0,183.0,232.33333333333334,229.42857142857142
2018-05-24,Delhi,17.0,Poor,252,PM10,2018,5,24,3,302.0,183.0,243.0,255.33333333333334,230.71428571428572
2018-05-25,Delhi,17.0,Poor,252,"PM10, PM2.5",2018,5,25,4,252.0,212.0,225.0,268.6666666666667,234.57142857142858
2018-05-26,Delhi,6.0,Poor,236,"OZONE, PM10, PM2.5",2018,5,26,5,252.0,302.0,242.0,246.66666666666666,233.71428571428572
2018-05-27,Delhi,16.0,Poor,277,PM10,2018,5,27,6,236.0,252.0,199.0,255.0,244.85714285714286
2018-05-28,Delhi,19.0,Poor,276,"PM10, PM2.5",2018,5,28,0,277.0,252.0,183.0,263.0,258.14285714285717
2018-05-29,Delhi,24.0,Poor,285,PM10,2018,5,29,1,276.0,236.0,212.0,279.3333333333333,268.57142857142856
2018-05-30,Delhi,18.0,Poor,281,PM10,2018,5,30,2,285.0,277.0,302.0,280.6666666666667,265.57142857142856
2018-05-31,Delhi,18.0,Poor,203,"PM10, PM2.5",2018,5,31,3,281.0,276.0,252.0,256.3333333333333,258.57142857142856
2018-06-01,Delhi,21.0,Moderate,198,PM10,2018,6,1,4,203.0,285.0,252.0,227.33333333333334,250.85714285714286
2018-06-02,Delhi,19.0,Moderate,174,"OZONE, PM10, PM2.5",2018,6,2,5,198.0,281.0,236.0,191.66666666666666,242.0
2018-06-03,Delhi,4.0,Moderate,174,"PM10, PM2.5",2018,6,3,6,174.0,203.0,277.0,182.0,227.28571428571428
2018-06-04,Delhi,12.0,Moderate,181,"PM10, PM2.5",2018,6,4,0,174.0,198.0,276.0,176.33333333333334,213.71428571428572
2018-06-05,Delhi,15.0,Moderate,171,"PM10, PM2.5",2018,6,5,1,181.0,174.0,285.0,175.33333333333334,197.42857142857142
2018-06-06,Delhi,21.0,Moderate,136,PM10,2018,6,6,2,171.0,174.0,281.0,162.66666666666666,176.71428571428572
2018-06-07,Delhi,22.0,Moderate,147,"OZONE, PM10, PM2.5",2018,6,7,3,136.0,181.0,203.0,151.33333333333334,168.71428571428572
2018-06-08,Delhi,20.0,Moderate,179,"PM10, PM2.5",2018,6,8,4,147.0,171.0,198.0,154.0,166.0
2018-06-09,Delhi,6.0,Moderate,132,"PM10, PM2.5",2018,6,9,5,179.0,136.0,174.0,152.66666666666666,160.0
2018-06-10,Delhi,23.0,Moderate,158,"OZONE, PM10, PM2.5",2018,6,10,6,132.0,147.0,174.0,156.33333333333334,157.71428571428572
2018-06-11,Delhi,23.0,Moderate,177,"OZONE, PM10, PM2.5",2018,6,11,0,158.0,179.0,181.0,155.66666666666666,157.14285714285714
2018-06-12,Delhi,20.0,Poor,296,PM10,2018,6,12,1,177.0,132.0,171.0,210.33333333333334,175.0
2018-06-13,Delhi,5.0,Severe,445,"PM10, PM2.5",2018,6,13,2,296.0,158.0,136.0,306.0,219.14285714285714
2018-06-14,Delhi,10.0,Severe,431,"PM10, PM2.5",2018,6,14,3,445.0,177.0,147.0,390.6666666666667,259.7142857142857
2018-06-15,Delhi,12.0,Severe,447,PM10,2018,6,15,4,431.0,296.0,179.0,441.0,298.0
2018-06-16,Delhi,18.0,Very Poor,369,PM10,2018,6,16,5,447.0,445.0,132.0,415.6666666666667,331.85714285714283
2018-06-17,Delhi,7.0,Poor,289,"PM10, PM2.5",2018,6,17,6,369.0,431.0,158.0,368.3333333333333,350.57142857142856
2018-06-18,Delhi,13.0,Moderate,171,"OZONE, PM10, PM2.5",2018,6,18,0,289.0,447.0,177.0,276.3333333333333,349.7142857142857
2018-06-19,Delhi,11.0,Moderate,121,"PM10, PM2.5",2018,6,19,1,171.0,369.0,296.0,193.66666666666666,324.7142857142857
2018-06-20,Delhi,12.0,Moderate,160,"PM10, PM2.5",2018,6,20,2,121.0,289.0,445.0,150.66666666666666,284.0
2018-06-21,Delhi,6.0,Poor,237,"PM10, PM2.5",2018,6,21,3,160.0,171.0,431.0,172.66666666666666,256.2857142857143
2018-06-22,Delhi,30.0,Poor,236,PM10,2018,6,22,4,237.0,121.0,447.0,211.0,226.14285714285714
2018-06-23,Delhi,29.0,Poor,218,"OZONE, PM10",2018,6,23,5,236.0,160.0,369.0,230.33333333333334,204.57142857142858
2018-06-24,Delhi,23.0,Moderate,183,PM10,2018,6,24,6,218.0,237.0,289.0,212.33333333333334,189.42857142857142
2018-06-25,Delhi,24.0,Moderate,192,"PM10, PM2.5",2018,6,25,0,183.0,236.0,171.0,197.66666666666666,192.42857142857142
2018-06-26,Delhi,19.0,Moderate,110,"PM10, PM2.5",2018,6,26,1,192.0,218.0,121.0,161.66666666666666,190.85714285714286
2018-06-27,Delhi,26.0,Satisfactory,93,"PM10, PM2.5",2018,6,27,2,110.0,183.0,160.0,131.66666666666666,181.28571428571428
2018-06-28,Delhi,27.0,Satisfactory,76,"OZONE, PM10, PM2.5",2018,6,28,3,93.0,192.0,237.0,93.0,158.28571428571428
2018-06-29,Delhi,19.0,Satisfactory,72,PM10,2018,6,29,4,76.0,110.0,236.0,80.33333333333333,134.85714285714286
2018-06-30,Delhi,28.0,Satisfactory,96,"PM10, PM2.5",2018,6,30,5,72.0,93.0,218.0,81.33333333333333,117.42857142857143
2018-07-01,Delhi,29.0,Satisfactory,92,"PM10, PM2.5",2018,7,1,6,96.0,76.0,183.0,86.66666666666667,104.42857142857143
2018-07-02,Delhi,22.0,Moderate,106,"PM10, PM2.5",2018,7,2,0,92.0,72.0,192.0,98.0,92.14285714285714
2018-07-03,Delhi,22.0,Moderate,114,"OZONE, PM10, PM2.5",2018,7,3,1,106.0,96.0,110.0,104.0,92.71428571428571
2018-07-04,Delhi,28.0,Moderate,137,"OZONE, PM10",2018,7,4,2,114.0,92.0,93.0,119.0,99.0
2018-07-05,Delhi,28.0,Moderate,123,"CO, PM10, PM2.5",2018,7,5,3,137.0,106.0,76.0,124.66666666666667,105.71428571428571
2018-07-06,Delhi,27.0,Moderate,146,"PM10, PM2.5",2018,7,6,4,123.0,114.0,72.0,135.33333333333334,116.28571428571429
2018-07-07,Delhi,29.0,Moderate,150,"PM10, PM2.5",2018,7,7,5,146.0,137.0,96.0,139.66666666666666,124.0
2018-07-08,Delhi,27.0,Moderate,179,"OZONE, PM10, PM2.5",2018,7,8,6,150.0,123.0,92.0,158.33333333333334,136.42857142857142
2018-07-09,Delhi,32.0,Moderate,157,"OZONE, PM10, PM2.5",2018,7,9,0,179.0,146.0,106.0,162.0,143.71428571428572
2018-07-10,Delhi,31.0,Moderate,134,"OZONE, PM10",2018,7,10,1,157.0,150.0,114.0,156.66666666666666,146.57142857142858
2018-07-11,Delhi,34.0,Moderate,106,"OZONE, PM10",2018,7,11,2,134.0,179.0,137.0,132.33333333333334,142.14285714285714
2018-07-12,Delhi,31.0,Moderate,143,OZONE,2018,7,12,3,106.0,157.0,123.0,127.66666666666667,145.0
2018-07-13,Delhi,25.0,Satisfactory,99,"CO, PM10",2018,7,13,4,143.0,134.0,146.0,116.0,138.28571428571428
2018-07-14,Delhi,31.0,Satisfactory,76,"CO, PM10, PM2.5",2018,7,14,5,99.0,106.0,150.0,106.0,127.71428571428571
2018-07-15,Delhi,31.0,Satisfactory,76,"CO, PM10, PM2.5",2018,7,15,6,76.0,143.0,179.0,83.66666666666667,113.0
2018-07-16,Delhi,31.0,Satisfactory,87,"OZONE, PM10, PM2.5",2018,7,16,0,76.0,99.0,157.0,79.66666666666667,103.0
2018-07-17,Delhi,26.0,Satisfactory,91,"PM10, PM2.5",2018,7,17,1,87.0,76.0,134.0,84.66666666666667,96.85714285714286
2018-07-18,Delhi,32.0,Moderate,106,"OZONE, PM10",2018,7,18,2,91.0,76.0,106.0,94.66666666666667,96.85714285714286
2018-07-19,Delhi,27.0,Satisfactory,88,"PM10, PM2.5",2018,7,19,3,106.0,87.0,143.0,95.0,89.0
2018-07-20,Delhi,27.0,Satisfactory,80,"PM10, PM2.5",2018,7,20,4,88.0,91.0,99.0,91.33333333333333,86.28571428571429
2018-07-21,Delhi,34.0,Moderate,111,"PM10, PM2.5",2018,7,21,5,80.0,106.0,76.0,93.0,91.28571428571429
2018-07-22,Delhi,16.0,Satisfactory,61,"CO, NO2, PM2.5",2018,7,22,6,111.0,88.0,76.0,84.0,89.14285714285714
2018-07-23,Delhi,33.0,Satisfactory,67,"CO, PM10, PM2.5",2018,7,23,0,61.0,80.0,87.0,79.66666666666667,86.28571428571429
2018-07-24,Delhi,31.0,Satisfactory,90,"OZONE, PM10, PM2.5",2018,7,24,1,67.0,111.0,91.0,72.66666666666667,86.14285714285714
2018-07-25,Delhi,32.0,Satisfactory,78,"PM10, PM2.5",2018,7,25,2,90.0,61.0,106.0,78.33333333333333,82.14285714285714
2018-07-26,Delhi,32.0,Satisfactory,74,"CO, PM10, PM2.5",2018,7,26,3,78.0,67.0,88.0,80.66666666666667,80.14285714285714
2018-07-27,Delhi,29.0,Satisfactory,54,"CO, PM2.5",2018,7,27,4,74.0,90.0,80.0,68.66666666666667,76.42857142857143
2018-07-28,Delhi,30.0,Satisfactory,57,"PM10, PM2.5",2018,7,28,5,54.0,78.0,111.0,61.666666666666664,68.71428571428571
2018-07-29,Delhi,27.0,Satisfactory,90,"PM10, PM2.5",2018,7,29,6,57.0,74.0,61.0,67.0,72.85714285714286
2018-07-30,Delhi,27.0,Moderate,115,PM10,2018,7,30,0,90.0,54.0,67.0,87.33333333333333,79.71428571428571
2018-07-31,Delhi,30.0,Moderate,132,PM10,2018,7,31,1,115.0,57.0,90.0,112.33333333333333,85.71428571428571
2018-08-01,Delhi,31.0,Moderate,153,"PM10, PM2.5",2018,8,1,2,132.0,90.0,78.0,133.33333333333334,96.42857142857143
2018-08-02,Delhi,33.0,Poor,235,"PM10, PM2.5",2018,8,2,3,153.0,115.0,74.0,173.33333333333334,119.42857142857143
2018-08-03,Delhi,12.0,Poor,213,"PM10, PM2.5",2018,8,3,4,235.0,132.0,54.0,200.33333333333334,142.14285714285714
2018-08-04,Delhi,34.0,Poor,216,PM10,2018,8,4,5,213.0,153.0,57.0,221.33333333333334,164.85714285714286
2018-08-05,Delhi,33.0,Poor,241,PM10,2018,8,5,6,216.0,235.0,90.0,223.33333333333334,186.42857142857142
2018-08-06,Delhi,10.0,Moderate,133,"CO, PM10, PM2.5",2018,8,6,0,241.0,213.0,115.0,196.66666666666666,189.0
2018-08-07,Delhi,34.0,Moderate,113,"OZONE, PM10, PM2.5",2018,8,7,1,133.0,216.0,132.0,162.33333333333334,186.28571428571428
2018-08-08,Delhi,33.0,Satisfactory,86,"OZONE, PM10",2018,8,8,2,113.0,241.0,153.0,110.66666666666667,176.71428571428572
2018-08-09,Delhi,26.0,Satisfactory,88,PM10,2018,8,9,3,86.0,133.0,235.0,95.66666666666667,155.71428571428572
2018-08-10,Delhi,34.0,Moderate,102,PM10,2018,8,10,4,88.0,113.0,213.0,92.0,139.85714285714286
2018-08-11,Delhi,32.0,Satisfactory,96,"PM10, PM2.5",2018,8,11,5,102.0,86.0,216.0,95.33333333333333,122.71428571428571
2018-08-12,Delhi,30.0,Satisfactory,83,PM10,2018,8,12,6,96.0,88.0,241.0,93.66666666666667,100.14285714285714
2018-08-13,Delhi,26.0,Satisfactory,94,PM10,2018,8,13,0,83.0,102.0,133.0,91.0,94.57142857142857
2018-08-14,Delhi,28.0,Moderate,116,"OZONE, PM10, PM2.5",2018,8,14,1,94.0,96.0,113.0,97.66666666666667,95.0
2018-08-15,Delhi,31.0,Moderate,117,"PM10, PM2.5",2018,8,15,2,116.0,83.0,86.0,109.0,99.42857142857143
2018-08-16,Delhi,31.0,Satisfactory,85,"CO, PM10, PM2.5",2018,8,16,3,117.0,94.0,88.0,106.0,99.0
2018-08-17,Delhi,32.0,Satisfactory,83,"PM10, PM2.5",2018,8,17,4,85.0,116.0,102.0,95.0,96.28571428571429
2018-08-18,Delhi,33.0,Satisfactory,79,PM10,2018,8,18,5,83.0,117.0,96.0,82.33333333333333,93.85714285714286
2018-08-19,Delhi,23.0,Satisfactory,89,"PM10, PM2.5",2018,8,19,6,79.0,85.0,83.0,83.66666666666667,94.71428571428571
2018-08-20,Delhi,19.0,Moderate,136,PM2.5,2018,8,20,0,89.0,83.0,94.0,101.33333333333333,100.71428571428571
2018-08-21,Delhi,34.0,Satisfactory,87,"CO, PM10, PM2.5",2018,8,21,1,136.0,79.0,116.0,104.0,96.57142857142857
2018-08-22,Delhi,24.0,Satisfactory,78,PM10,2018,8,22,2,87.0,89.0,117.0,100.33333333333333,91.0
2018-08-23,Delhi,33.0,Satisfactory,69,"CO, PM10, PM2.5",2018,8,23,3,78.0,136.0,85.0,78.0,88.71428571428571
2018-08-24,Delhi,34.0,Satisfactory,80,"PM10, PM2.5",2018,8,24,4,69.0,87.0,83.0,75.66666666666667,88.28571428571429
2018-08-25,Delhi,33.0,Satisfactory,89,"PM10, PM2.5",2018,8,25,5,80.0,78.0,79.0,79.33333333333333,89.71428571428571
2018-08-26,Delhi,32.0,Satisfactory,78,PM10,2018,8,26,6,89.0,69.0,89.0,82.33333333333333,88.14285714285714
2018-08-27,Delhi,23.0,Satisfactory,62,"OZONE, PM10, PM2.5",2018,8,27,0,78.0,80.0,136.0,76.33333333333333,77.57142857142857
2018-08-28,Delhi,32.0,Satisfactory,71,"PM10, PM2.5",2018,8,28,1,62.0,89.0,87.0,70.33333333333333,75.28571428571429
2018-08-29,Delhi,29.0,Satisfactory,68,"CO, PM10, PM2.5",2018,8,29,2,71.0,78.0,78.0,67.0,73.85714285714286
2018-08-30,Delhi,34.0,Satisfactory,78,"NO2, PM10",2018,8,30,3,68.0,62.0,69.0,72.33333333333333,75.14285714285714
2018-08-31,Delhi,36.0,Moderate,127,"PM10, PM2.5",2018,8,31,4,78.0,71.0,80.0,91.0,81.85714285714286
2018-09-01,Delhi,33.0,Moderate,114,"PM10, PM2.5",2018,9,1,5,127.0,68.0,89.0,106.33333333333333,85.42857142857143
2018-09-02,Delhi,31.0,Moderate,106,"PM10, PM2.5",2018,9,2,6,114.0,78.0,78.0,115.66666666666667,89.42857142857143
2018-09-03,Delhi,29.0,Satisfactory,73,"NO2, PM10, PM2.5",2018,9,3,0,106.0,127.0,62.0,97.66666666666667,91.0
2018-09-04,Delhi,31.0,Moderate,112,"NO2, PM2.5",2018,9,4,1,73.0,114.0,71.0,97.0,96.85714285714286
2018-09-05,Delhi,33.0,Satisfactory,90,"NO2, PM10, PM2.5",2018,9,5,2,112.0,106.0,68.0,91.66666666666667,100.0
2018-09-06,Delhi,32.0,Moderate,137,"PM10, PM2.5",2018,9,6,3,90.0,73.0,78.0,113.0,108.42857142857143
2018-09-07,Delhi,32.0,Satisfactory,91,"NO2, OZONE, PM2.5",2018,9,7,4,137.0,112.0,127.0,106.0,103.28571428571429
2018-09-08,Delhi,30.0,Satisfactory,86,"NO2, PM10, PM2.5",2018,9,8,5,91.0,90.0,114.0,104.66666666666667,99.28571428571429
2018-09-09,Delhi,29.0,Satisfactory,61,"CO, NO2, PM2.5",2018,9,9,6,86.0,137.0,106.0,79.33333333333333,92.85714285714286
2018-09-10,Delhi,27.0,Satisfactory,84,"CO, OZONE, PM2.5",2018,9,10,0,61.0,91.0,73.0,77.0,94.42857142857143
2018-09-11,Delhi,31.0,Satisfactory,79,"NO2, PM10, PM2.5",2018,9,11,1,84.0,86.0,112.0,74.66666666666667,89.71428571428571
2018-09-12,Delhi,34.0,Satisfactory,90,PM10,2018,9,12,2,79.0,61.0,90.0,84.33333333333333,89.71428571428571
2018-09-13,Delhi,35.0,Moderate,103,PM10,2018,9,13,3,90.0,84.0,137.0,90.66666666666667,84.85714285714286
2018-09-14,Delhi,32.0,Moderate,102,PM10,2018,9,14,4,103.0,79.0,91.0,98.33333333333333,86.42857142857143
2018-09-15,Delhi,35.0,Moderate,118,PM10,2018,9,15,5,102.0,90.0,86.0,107.66666666666667,91.0
2018-09-16,Delhi,34.0,Moderate,121,PM10,2018,9,16,6,118.0,103.0,61.0,113.66666666666667,99.57142857142857
2018-09-17,Delhi,28.0,Moderate,135,"PM10, PM2.5",2018,9,17,0,121.0,102.0,84.0,124.66666666666667,106.85714285714286
2018-09-18,Delhi,33.0,Moderate,150,"OZONE, PM10, PM2.5",2018,9,18,1,135.0,118.0,79.0,135.33333333333334,117.0
2018-09-19,Delhi,33.0,Moderate,154,"OZONE, PM10",2018,9,19,2,150.0,121.0,90.0,146.33333333333334,126.14285714285714
2018-09-20,Delhi,30.0,Moderate,164,"OZONE, PM10, PM2.5",2018,9,20,3,154.0,135.0,103.0,156.0,134.85714285714286
2018-09-21,Delhi,33.0,Moderate,143,"PM10, PM2.5",2018,9,21,4,164.0,150.0,102.0,153.66666666666666,140.71428571428572
2018-09-22,Delhi,32.0,Satisfactory,54,"CO, PM10, PM2.5",2018,9,22,5,143.0,154.0,118.0,120.33333333333333,131.57142857142858
2018-09-23,Delhi,32.0,Satisfactory,62,"OZONE, PM10, PM2.5",2018,9,23,6,54.0,164.0,121.0,86.33333333333333,123.14285714285714
2018-09-24,Delhi,31.0,Satisfactory,52,"CO, PM10, PM2.5",2018,9,24,0,62.0,143.0,135.0,56.0,111.28571428571429
2018-09-25,Delhi,31.0,Satisfactory,55,"CO, PM10, PM2.5",2018,9,25,1,52.0,54.0,150.0,56.333333333333336,97.71428571428571
2018-09-26,Delhi,31.0,Satisfactory,88,"PM10, PM2.5",2018,9,26,2,55.0,62.0,154.0,65.0,88.28571428571429
2018-09-27,Delhi,32.0,Moderate,151,"PM10, PM2.5",2018,9,27,3,88.0,52.0,164.0,98.0,86.42857142857143
2018-09-28,Delhi,33.0,Moderate,197,"PM10, PM2.5",2018,9,28,4,151.0,55.0,143.0,145.33333333333334,94.14285714285714
2018-09-29,Delhi,7.0,Poor,219,"PM10, PM2.5",2018,9,29,5,197.0,88.0,54.0,189.0,117.71428571428571
2018-09-30,Delhi,27.0,Moderate,158,"PM10, PM2.5",2018,9,30,6,219.0,151.0,62.0,191.33333333333334,131.42857142857142
2018-10-01,Delhi,25.0,Moderate,148,"OZONE, PM10, PM2.5",2018,10,1,0,158.0,197.0,52.0,175.0,145.14285714285714
2018-10-02,Delhi,26.0,Moderate,200,"PM10, PM2.5",2018,10,2,1,148.0,219.0,55.0,168.66666666666666,165.85714285714286
2018-10-03,Delhi,29.0,Moderate,143,"PM10, PM2.5",2018,10,3,2,200.0,158.0,88.0,163.66666666666666,173.71428571428572
2018-10-04,Delhi,35.0,Poor,201,"PM10, PM2.5",2018,10,4,3,143.0,148.0,151.0,181.33333333333334,180.85714285714286
2018-10-05,Delhi,34.0,Poor,256,"PM10, PM2.5",2018,10,5,4,201.0,200.0,197.0,200.0,189.28571428571428
2018-10-06,Delhi,35.0,Poor,209,"PM10, PM2.5",2018,10,6,5,256.0,143.0,219.0,222.0,187.85714285714286
2018-10-07,Delhi,35.0,Moderate,181,"PM10, PM2.5",2018,10,7,6,209.0,201.0,158.0,215.33333333333334,191.14285714285714
2018-10-08,Delhi,34.0,Poor,246,"PM10, PM2.5",2018,10,8,0,181.0,256.0,148.0,212.0,205.14285714285714
2018-10-09,Delhi,34.0,Poor,251,"PM10, PM2.5",2018,10,9,1,246.0,209.0,200.0,226.0,212.42857142857142
2018-10-10,Delhi,34.0,Poor,241,"PM10, PM2.5",2018,10,10,2,251.0,181.0,143.0,246.0,226.42857142857142
2018-10-11,Delhi,32.0,Poor,202,"PM10, PM2.5",2018,10,11,3,241.0,246.0,201.0,231.33333333333334,226.57142857142858
2018-10-12,Delhi,26.0,Moderate,154,"OZONE, PM10",2018,10,12,4,202.0,251.0,256.0,199.0,212.0
2018-10-13,Delhi,29.0,Poor,262,"PM10, PM2.5",2018,10,13,5,154.0,241.0,209.0,206.0,219.57142857142858
2018-10-14,Delhi,30.0,Poor,204,"PM10, PM2.5",2018,10,14,6,262.0,202.0,181.0,206.66666666666666,222.85714285714286
2018-10-15,Delhi,31.0,Poor,246,"PM10, PM2.5",2018,10,15,0,204.0,154.0,246.0,237.33333333333334,222.85714285714286
2018-10-16,Delhi,32.0,Poor,291,PM10,2018,10,16,1,246.0,262.0,251.0,247.0,228.57142857142858
2018-10-17,Delhi,30.0,Very Poor,313,"PM10, PM2.5",2018,10,17,2,291.0,204.0,241.0,283.3333333333333,238.85714285714286
2018-10-18,Delhi,34.0,Poor,297,"PM10, PM2.5",2018,10,18,3,313.0,246.0,202.0,300.3333333333333,252.42857142857142
2018-10-19,Delhi,32.0,Poor,276,PM10,2018,10,19,4,297.0,291.0,154.0,295.3333333333333,269.85714285714283
2018-10-20,Delhi,32.0,Very Poor,326,"PM10, PM2.5",2018,10,20,5,276.0,313.0,262.0,299.6666666666667,279.0
2018-10-21,Delhi,32.0,Poor,292,"PM10, PM2.5",2018,10,21,6,326.0,297.0,204.0,298.0,291.57142857142856
2018-10-22,Delhi,33.0,Poor,272,"PM10, PM2.5",2018,10,22,0,292.0,276.0,246.0,296.6666666666667,295.2857142857143
2018-10-23,Delhi,29.0,Poor,254,"PM10, PM2.5",2018,10,23,1,272.0,326.0,291.0,272.6666666666667,290.0
2018-10-24,Delhi,33.0,Very Poor,328,"PM10, PM2.5",2018,10,24,2,254.0,292.0,313.0,284.6666666666667,292.14285714285717
2018-10-25,Delhi,32.0,Very Poor,331,"PM10, PM2.5",2018,10,25,3,328.0,272.0,297.0,304.3333333333333,297.0
2018-10-26,Delhi,34.0,Very Poor,361,"PM10, PM2.5",2018,10,26,4,331.0,254.0,276.0,340.0,309.14285714285717
2018-10-27,Delhi,32.0,Very Poor,350,"PM10, PM2.5",2018,10,27,5,361.0,328.0,326.0,347.3333333333333,312.57142857142856
2018-10-28,Delhi,32.0,Very Poor,366,"PM10, PM2.5",2018,10,28,6,350.0,331.0,292.0,359.0,323.14285714285717
2018-10-29,Delhi,33.0,Very Poor,367,"PM10, PM2.5",2018,10,29,0,366.0,361.0,272.0,361.0,336.7142857142857
2018-10-30,Delhi,35.0,Severe,401,"PM10, PM2.5",2018,10,30,1,367.0,350.0,254.0,378.0,357.7142857142857
2018-10-31,Delhi,34.0,Very Poor,358,"PM10, PM2.5",2018,10,31,2,401.0,366.0,328.0,375.3333333333333,362.0
2018-11-01,Delhi,28.0,Very Poor,393,"PM10, PM2.5",2018,11,1,3,358.0,367.0,331.0,384.0,370.85714285714283
2018-11-02,Delhi,33.0,Very Poor,370,"PM10, PM2.5",2018,11,2,4,393.0,401.0,361.0,373.6666666666667,372.14285714285717
2018-11-03,Delhi,35.0,Very Poor,340,"PM10, PM2.5",2018,11,3,5,370.0,358.0,350.0,367.6666666666667,370.7142857142857
2018-11-04,Delhi,30.0,Moderate,171,"OZONE, PM10, PM2.5",2018,11,4,6,340.0,393.0,366.0,293.6666666666667,342.85714285714283
2018-11-05,Delhi,26.0,Severe,426,PM2.5,2018,11,5,0,171.0,370.0,367.0,312.3333333333333,351.2857142857143
2018-11-06,Delhi,34.0,Very Poor,338,"PM10, PM2.5",2018,11,6,1,426.0,340.0,401.0,311.6666666666667,342.2857142857143
2018-11-07,Delhi,36.0,Poor,281,"PM10, PM2.5",2018,11,7,2,338.0,171.0,358.0,348.3333333333333,331.2857142857143
2018-11-08,Delhi,32.0,Very Poor,390,PM2.5,2018,11,8,3,281.0,426.0,393.0,336.3333333333333,330.85714285714283
2018-11-09,Delhi,33.0,Severe,423,PM2.5,2018,11,9,4,390.0,338.0,370.0,364.6666666666667,338.42857142857144
2018-11-10,Delhi,35.0,Severe,401,PM2.5,2018,11,10,5,423.0,281.0,340.0,404.6666666666667,347.14285714285717
2018-11-11,Delhi,35.0,Severe,405,PM2.5,2018,11,11,6,401.0,390.0,171.0,409.6666666666667,380.57142857142856
2018-11-12,Delhi,33.0,Very Poor,399,"PM10, PM2.5",2018,11,12,0,405.0,423.0,426.0,401.6666666666667,376.7142857142857
2018-11-13,Delhi,35.0,Severe,409,"PM10, PM2.5",2018,11,13,1,399.0,401.0,338.0,404.3333333333333,386.85714285714283
2018-11-14,Delhi,35.0,Very Poor,312,PM2.5,2018,11,14,2,409.0,405.0,281.0,373.3333333333333,391.2857142857143
2018-11-15,Delhi,36.0,Poor,217,PM2.5,2018,11,15,3,312.0,399.0,390.0,312.6666666666667,366.57142857142856
2018-11-16,Delhi,37.0,Poor,285,PM2.5,2018,11,16,4,217.0,409.0,423.0,271.3333333333333,346.85714285714283
2018-11-17,Delhi,33.0,Poor,267,PM2.5,2018,11,17,5,285.0,312.0,401.0,256.3333333333333,327.7142857142857
2018-11-18,Delhi,34.0,Very Poor,311,"PM10, PM2.5",2018,11,18,6,267.0,217.0,405.0,287.6666666666667,314.2857142857143
2018-11-19,Delhi,36.0,Very Poor,330,"PM10, PM2.5",2018,11,19,0,311.0,285.0,399.0,302.6666666666667,304.42857142857144
2018-11-20,Delhi,29.0,Very Poor,373,"PM10, PM2.5",2018,11,20,1,330.0,267.0,409.0,338.0,299.2857142857143
2018-11-21,Delhi,36.0,Very Poor,373,PM2.5,2018,11,21,2,373.0,311.0,312.0,358.6666666666667,308.0
2018-11-22,Delhi,36.0,Poor,273,"PM10, PM2.5",2018,11,22,3,373.0,330.0,217.0,339.6666666666667,316.0
2018-11-23,Delhi,36.0,Very Poor,337,"PM10, PM2.5",2018,11,23,4,273.0,373.0,285.0,327.6666666666667,323.42857142857144
2018-11-24,Delhi,37.0,Poor,249,PM2.5,2018,11,24,5,337.0,373.0,267.0,286.3333333333333,320.85714285714283
2018-11-25,Delhi,29.0,Poor,262,"PM10, PM2.5",2018,11,25,6,249.0,273.0,311.0,282.6666666666667,313.85714285714283
2018-11-26,Delhi,36.0,Very Poor,336,"PM10, PM2.5",2018,11,26,0,262.0,337.0,330.0,282.3333333333333,314.7142857142857
2018-11-27,Delhi,34.0,Very Poor,352,"PM10, PM2.5",2018,11,27,1,336.0,249.0,373.0,316.6666666666667,311.7142857142857
2018-11-28,Delhi,37.0,Very Poor,316,"PM10, PM2.5",2018,11,28,2,352.0,262.0,373.0,334.6666666666667,303.57142857142856
2018-11-29,Delhi,34.0,Very Poor,358,PM2.5,2018,11,29,3,316.0,336.0,273.0,342.0,315.7142857142857
2018-11-30,Delhi,29.0,Very Poor,352,PM2.5,2018,11,30,4,358.0,352.0,337.0,342.0,317.85714285714283
2018-12-01,Delhi,33.0,Very Poor,306,"PM10, PM2.5",2018,12,1,5,352.0,316.0,249.0,338.6666666666667,326.0
2018-12-02,Delhi,30.0,Poor,294,"PM10, PM2.5",2018,12,2,6,306.0,358.0,262.0,317.3333333333333,330.57142857142856
2018-12-03,Delhi,25.0,Very Poor,328,"PM10, PM2.5",2018,12,3,0,294.0,352.0,336.0,309.3333333333333,329.42857142857144
2018-12-04,Delhi,36.0,Very Poor,356,"PM10, PM2.5",2018,12,4,1,328.0,306.0,352.0,326.0,330.0
2018-12-05,Delhi,34.0,Very Poor,331,"PM10, PM2.5",2018,12,5,2,356.0,294.0,316.0,338.3333333333333,332.14285714285717
2018-12-06,Delhi,32.0,Very Poor,349,"PM10, PM2.5",2018,12,6,3,331.0,328.0,358.0,345.3333333333333,330.85714285714283
2018-12-07,Delhi,36.0,Very Poor,348,"PM10, PM2.5",2018,12,7,4,349.0,356.0,352.0,342.6666666666667,330.2857142857143
2018-12-08,Delhi,30.0,Very Poor,347,"PM10, PM2.5",2018,12,8,5,348.0,331.0,306.0,348.0,336.14285714285717
2018-12-09,Delhi,29.0,Very Poor,374,"PM10, PM2.5",2018,12,9,6,347.0,349.0,294.0,356.3333333333333,347.57142857142856
2018-12-10,Delhi,30.0,Severe,403,"PM10, PM2.5",2018,12,10,0,374.0,348.0,328.0,374.6666666666667,358.2857142857143
2018-12-11,Delhi,34.0,Severe,413,"PM10, PM2.5",2018,12,11,1,403.0,347.0,356.0,396.6666666666667,366.42857142857144
2018-12-12,Delhi,36.0,Very Poor,392,PM2.5,2018,12,12,2,413.0,374.0,331.0,402.6666666666667,375.14285714285717
2018-12-13,Delhi,34.0,Moderate,194,PM2.5,2018,12,13,3,392.0,403.0,349.0,333.0,353.0
2018-12-14,Delhi,35.0,Poor,249,"PM10, PM2.5",2018,12,14,4,194.0,413.0,348.0,278.3333333333333,338.85714285714283
2018-12-15,Delhi,37.0,Poor,261,PM2.5,2018,12,15,5,249.0,392.0,347.0,234.66666666666666,326.57142857142856
2018-12-16,Delhi,31.0,Poor,282,PM2.5,2018,12,16,6,261.0,194.0,374.0,264.0,313.42857142857144
2018-12-17,Delhi,31.0,Very Poor,337,PM2.5,2018,12,17,0,282.0,249.0,403.0,293.3333333333333,304.0
2018-12-18,Delhi,36.0,Very Poor,353,PM2.5,2018,12,18,1,337.0,261.0,413.0,324.0,295.42857142857144
2018-12-19,Delhi,33.0,Very Poor,347,PM2.5,2018,12,19,2,353.0,282.0,392.0,345.6666666666667,289.0
2018-12-20,Delhi,37.0,Very Poor,394,"PM10, PM2.5",2018,12,20,3,347.0,337.0,194.0,364.6666666666667,317.57142857142856
2018-12-21,Delhi,36.0,Very Poor,386,PM2.5,2018,12,21,4,394.0,353.0,249.0,375.6666666666667,337.14285714285717
2018-12-22,Delhi,37.0,Severe,421,PM2.5,2018,12,22,5,386.0,347.0,261.0,400.3333333333333,360.0
2018-12-23,Delhi,37.0,Severe,450,PM2.5,2018,12,23,6,421.0,394.0,282.0,419.0,384.0
2018-12-24,Delhi,34.0,Severe,448,"PM10, PM2.5",2018,12,24,0,450.0,386.0,337.0,439.6666666666667,399.85714285714283
2018-12-25,Delhi,35.0,Severe,409,PM2.5,2018,12,25,1,448.0,421.0,353.0,435.6666666666667,407.85714285714283
2018-12-26,Delhi,36.0,Very Poor,384,PM2.5,2018,12,26,2,409.0,450.0,347.0,413.6666666666667,413.14285714285717
2018-12-27,Delhi,36.0,Very Poor,399,PM2.5,2018,12,27,3,384.0,448.0,394.0,397.3333333333333,413.85714285714283
2018-12-28,Delhi,35.0,Very Poor,392,PM2.5,2018,12,28,4,399.0,409.0,386.0,391.6666666666667,414.7142857142857
2018-12-29,Delhi,36.0,Very Poor,385,PM2.5,2018,12,29,5,392.0,384.0,421.0,392.0,409.57142857142856
2018-12-30,Delhi,37.0,Severe,415,PM2.5,2018,12,30,6,385.0,399.0,450.0,397.3333333333333,404.57142857142856
2018-12-31,Delhi,35.0,Severe,420,PM2.5,2018,12,31,0,415.0,392.0,448.0,406.6666666666667,400.57142857142856
2019-01-01,Delhi,35.0,Very Poor,393,"PM10, PM2.5",2019,1,1,1,420.0,385.0,409.0,409.3333333333333,398.2857142857143
2019-01-02,Delhi,30.0,Severe,430,PM2.5,2019,1,2,2,393.0,415.0,384.0,414.3333333333333,404.85714285714283
2019-01-03,Delhi,35.0,Severe,444,"PM10, PM2.5",2019,1,3,3,430.0,420.0,399.0,422.3333333333333,411.2857142857143
2019-01-04,Delhi,35.0,Very Poor,386,PM2.5,2019,1,4,4,444.0,393.0,392.0,420.0,410.42857142857144
2019-01-05,Delhi,34.0,Severe,407,PM2.5,2019,1,5,5,386.0,430.0,385.0,412.3333333333333,413.57142857142856
2019-01-06,Delhi,33.0,Very Poor,336,PM2.5,2019,1,6,6,407.0,444.0,415.0,376.3333333333333,402.2857142857143
2019-01-07,Delhi,32.0,Very Poor,333,PM2.5,2019,1,7,0,336.0,386.0,420.0,358.6666666666667,389.85714285714283
2019-01-08,Delhi,33.0,Very Poor,320,PM2.5,2019,1,8,1,333.0,407.0,393.0,329.6666666666667,379.42857142857144
2019-01-09,Delhi,34.0,Poor,288,PM2.5,2019,1,9,2,320.0,336.0,430.0,313.6666666666667,359.14285714285717
2019-01-10,Delhi,34.0,Poor,292,"PM10, PM2.5",2019,1,10,3,288.0,333.0,444.0,300.0,337.42857142857144
2019-01-11,Delhi,36.0,Very Poor,371,"PM10, PM2.5",2019,1,11,4,292.0,320.0,386.0,317.0,335.2857142857143
2019-01-12,Delhi,34.0,Severe,423,"PM10, PM2.5",2019,1,12,5,371.0,288.0,407.0,362.0,337.57142857142856
2019-01-13,Delhi,26.0,Severe,414,PM2.5,2019,1,13,6,423.0,292.0,336.0,402.6666666666667,348.7142857142857
2019-01-14,Delhi,33.0,Poor,247,"PM10, PM2.5",2019,1,14,0,414.0,371.0,333.0,361.3333333333333,336.42857142857144
2019-01-15,Delhi,36.0,Poor,237,"PM10, PM2.5",2019,1,15,1,247.0,423.0,320.0,299.3333333333333,324.57142857142856
2019-01-16,Delhi,33.0,Very Poor,371,"PM10, PM2.5",2019,1,16,2,237.0,414.0,288.0,285.0,336.42857142857144
2019-01-17,Delhi,34.0,Severe,440,PM2.5,2019,1,17,3,371.0,247.0,292.0,349.3333333333333,357.57142857142856
2019-01-18,Delhi,29.0,Very Poor,397,PM2.5,2019,1,18,4,440.0,237.0,371.0,402.6666666666667,361.2857142857143
2019-01-19,Delhi,34.0,Very Poor,378,PM2.5,2019,1,19,5,397.0,371.0,423.0,405.0,354.85714285714283
2019-01-20,Delhi,37.0,Severe,404,PM2.5,2019,1,20,6,378.0,440.0,414.0,393.0,353.42857142857144
2019-01-21,Delhi,35.0,Very Poor,346,"PM10, PM2.5",2019,1,21,0,404.0,397.0,247.0,376.0,367.57142857142856
2019-01-22,Delhi,34.0,Moderate,104,"CO, PM2.5",2019,1,22,1,346.0,378.0,237.0,284.6666666666667,348.57142857142856
2019-01-23,Delhi,29.0,Poor,212,PM2.5,2019,1,23,2,104.0,404.0,371.0,220.66666666666666,325.85714285714283
2019-01-24,Delhi,34.0,Very Poor,311,PM2.5,2019,1,24,3,212.0,346.0,440.0,209.0,307.42857142857144
2019-01-25,Delhi,32.0,Moderate,151,"OZONE, PM2.5",2019,1,25,4,311.0,104.0,397.0,224.66666666666666,272.2857142857143
2019-01-26,Delhi,35.0,Poor,233,PM2.5,2019,1,26,5,151.0,212.0,378.0,231.66666666666666,251.57142857142858
2019-01-27,Delhi,32.0,Poor,262,PM2.5,2019,1,27,6,233.0,311.0,404.0,215.33333333333334,231.28571428571428
2019-01-28,Delhi,29.0,Poor,267,PM2.5,2019,1,28,0,262.0,151.0,346.0,254.0,220.0
2019-01-29,Delhi,34.0,Poor,276,PM2.5,2019,1,29,1,267.0,233.0,104.0,268.3333333333333,244.57142857142858
2019-01-30,Delhi,35.0,Very Poor,327,PM2.5,2019,1,30,2,276.0,262.0,212.0,290.0,261.0
2019-01-31,Delhi,35.0,Very Poor,359,"PM10, PM2.5",2019,1,31,3,327.0,267.0,311.0,320.6666666666667,267.85714285714283
2019-02-01,Delhi,36.0,Very Poor,306,PM2.5,2019,2,1,4,359.0,276.0,151.0,330.6666666666667,290.0
2019-02-02,Delhi,35.0,Very Poor,332,PM2.5,2019,2,2,5,306.0,327.0,233.0,332.3333333333333,304.14285714285717
2019-02-03,Delhi,35.0,Poor,289,PM2.5,2019,2,3,6,332.0,359.0,262.0,309.0,308.0
2019-02-04,Delhi,35.0,Poor,288,PM2.5,2019,2,4,0,289.0,306.0,267.0,303.0,311.0
2019-02-05,Delhi,33.0,Very Poor,382,PM2.5,2019,2,5,1,288.0,332.0,276.0,319.6666666666667,326.14285714285717
2019-02-06,Delhi,29.0,Very Poor,352,PM2.5,2019,2,6,2,382.0,289.0,327.0,340.6666666666667,329.7142857142857
2019-02-07,Delhi,35.0,Moderate,176,PM2.5,2019,2,7,3,352.0,288.0,359.0,303.3333333333333,303.57142857142856
2019-02-08,Delhi,34.0,Moderate,144,"PM10, PM2.5",2019,2,8,4,176.0,382.0,306.0,224.0,280.42857142857144
2019-02-09,Delhi,34.0,Moderate,158,"PM10, PM2.5",2019,2,9,5,144.0,352.0,332.0,159.33333333333334,255.57142857142858
2019-02-10,Delhi,29.0,Poor,276,"PM10, PM2.5",2019,2,10,6,158.0,176.0,289.0,192.66666666666666,253.71428571428572
2019-02-11,Delhi,36.0,Very Poor,309,"PM10, PM2.5",2019,2,11,0,276.0,144.0,288.0,247.66666666666666,256.7142857142857
2019-02-12,Delhi,35.0,Very Poor,342,"PM10, PM2.5",2019,2,12,1,309.0,158.0,382.0,309.0,251.0
2019-02-13,Delhi,29.0,Very Poor,367,"PM10, PM2.5",2019,2,13,2,342.0,276.0,352.0,339.3333333333333,253.14285714285714
2019-02-14,Delhi,34.0,Very Poor,340,PM2.5,2019,2,14,3,367.0,309.0,176.0,349.6666666666667,276.57142857142856
2019-02-15,Delhi,34.0,Poor,245,PM2.5,2019,2,15,4,340.0,342.0,144.0,317.3333333333333,291.0
2019-02-16,Delhi,34.0,Poor,276,PM2.5,2019,2,16,5,245.0,367.0,158.0,287.0,307.85714285714283
2019-02-17,Delhi,35.0,Poor,222,"PM10, PM2.5",2019,2,17,6,276.0,340.0,276.0,247.66666666666666,300.14285714285717
2019-02-18,Delhi,27.0,Poor,255,"PM10, PM2.5",2019,2,18,0,222.0,245.0,309.0,251.0,292.42857142857144
2019-02-19,Delhi,30.0,Poor,221,PM2.5,2019,2,19,1,255.0,276.0,342.0,232.66666666666666,275.14285714285717
2019-02-20,Delhi,30.0,Poor,271,PM2.5,2019,2,20,2,221.0,222.0,367.0,249.0,261.42857142857144
2019-02-21,Delhi,29.0,Moderate,144,"PM10, PM2.5",2019,2,21,3,271.0,255.0,340.0,212.0,233.42857142857142
2019-02-22,Delhi,36.0,Moderate,186,"PM10, PM2.5",2019,2,22,4,144.0,221.0,245.0,200.33333333333334,225.0
2019-02-23,Delhi,35.0,Moderate,113,"PM10, PM2.5",2019,2,23,5,186.0,271.0,276.0,147.66666666666666,201.71428571428572
2019-02-24,Delhi,29.0,Moderate,190,PM2.5,2019,2,24,6,113.0,144.0,222.0,163.0,197.14285714285714
2019-02-25,Delhi,35.0,Poor,217,"PM10, PM2.5",2019,2,25,0,190.0,186.0,255.0,173.33333333333334,191.71428571428572
2019-02-26,Delhi,12.0,Moderate,116,"PM10, PM2.5",2019,2,26,1,217.0,113.0,221.0,174.33333333333334,176.71428571428572
2019-02-27,Delhi,36.0,Satisfactory,100,"OZONE, PM10, PM2.5",2019,2,27,2,116.0,190.0,271.0,144.33333333333334,152.28571428571428
2019-02-28,Delhi,13.0,Moderate,170,"PM10, PM2.5",2019,2,28,3,100.0,217.0,144.0,128.66666666666666,156.0
2019-03-01,Delhi,22.0,Poor,225,PM2.5,2019,3,1,4,170.0,116.0,186.0,165.0,161.57142857142858
2019-03-02,Delhi,28.0,Poor,217,PM2.5,2019,3,2,5,225.0,100.0,113.0,204.0,176.42857142857142
2019-03-03,Delhi,31.0,Moderate,117,PM2.5,2019,3,3,6,217.0,170.0,190.0,186.33333333333334,166.0
2019-03-04,Delhi,28.0,Poor,234,"PM10, PM2.5",2019,3,4,0,117.0,225.0,217.0,189.33333333333334,168.42857142857142
2019-03-05,Delhi,25.0,Moderate,140,"PM10, PM2.5",2019,3,5,1,234.0,217.0,116.0,163.66666666666666,171.85714285714286
2019-03-06,Delhi,24.0,Moderate,186,"PM10, PM2.5",2019,3,6,2,140.0,117.0,100.0,186.66666666666666,184.14285714285714
2019-03-07,Delhi,33.0,Poor,217,"PM10, PM2.5",2019,3,7,3,186.0,234.0,170.0,181.0,190.85714285714286
2019-03-08,Delhi,34.0,Moderate,197,"PM10, PM2.5",2019,3,8,4,217.0,140.0,225.0,200.0,186.85714285714286
2019-03-09,Delhi,29.0,Moderate,187,"PM10, PM2.5",2019,3,9,5,197.0,186.0,217.0,200.33333333333334,182.57142857142858
2019-03-10,Delhi,30.0,Moderate,160,"OZONE, PM10, PM2.5",2019,3,10,6,187.0,217.0,117.0,181.33333333333334,188.71428571428572
2019-03-11,Delhi,31.0,Moderate,187,"PM10, PM2.5",2019,3,11,0,160.0,197.0,234.0,178.0,182.0
2019-03-12,Delhi,36.0,Moderate,134,"PM10, PM2.5",2019,3,12,1,187.0,187.0,140.0,160.33333333333334,181.14285714285714
2019-03-13,Delhi,36.0,Moderate,178,"PM10, PM2.5",2019,3,13,2,134.0,160.0,186.0,166.33333333333334,180.0
2019-03-14,Delhi,36.0,Poor,266,"PM10, PM2.5",2019,3,14,3,178.0,187.0,217.0,192.66666666666666,187.0
2019-03-15,Delhi,36.0,Moderate,154,"PM10, PM2.5",2019,3,15,4,266.0,134.0,197.0,199.33333333333334,180.85714285714286
2019-03-16,Delhi,35.0,Moderate,139,"OZONE, PM2.5",2019,3,16,5,154.0,178.0,187.0,186.33333333333334,174.0
2019-03-17,Delhi,35.0,Moderate,192,"PM10, PM2.5",2019,3,17,6,139.0,266.0,160.0,161.66666666666666,178.57142857142858
2019-03-18,Delhi,36.0,Moderate,196,"PM10, PM2.5",2019,3,18,0,192.0,154.0,187.0,175.66666666666666,179.85714285714286
2019-03-19,Delhi,34.0,Poor,216,"PM10, PM2.5",2019,3,19,1,196.0,139.0,134.0,201.33333333333334,191.57142857142858
2019-03-20,Delhi,35.0,Poor,208,"PM10, PM2.5",2019,3,20,2,216.0,192.0,178.0,206.66666666666666,195.85714285714286
2019-03-21,Delhi,27.0,Poor,242,"PM10, PM2.5",2019,3,21,3,208.0,196.0,266.0,222.0,192.42857142857142
2019-03-22,Delhi,27.0,Moderate,114,"PM10, PM2.5",2019,3,22,4,242.0,216.0,154.0,188.0,186.71428571428572
2019-03-23,Delhi,33.0,Moderate,132,"PM10, PM2.5",2019,3,23,5,114.0,208.0,139.0,162.66666666666666,185.71428571428572
2019-03-24,Delhi,35.0,Moderate,121,"PM10, PM2.5",2019,3,24,6,132.0,242.0,192.0,122.33333333333333,175.57142857142858
2019-03-25,Delhi,34.0,Moderate,139,"PM10, PM2.5",2019,3,25,0,121.0,114.0,196.0,130.66666666666666,167.42857142857142
2019-03-26,Delhi,35.0,Moderate,159,"PM10, PM2.5",2019,3,26,1,139.0,132.0,216.0,139.66666666666666,159.28571428571428
2019-03-27,Delhi,36.0,Moderate,171,"PM10, PM2.5",2019,3,27,2,159.0,121.0,208.0,156.33333333333334,154.0
2019-03-28,Delhi,34.0,Poor,234,"PM10, PM2.5",2019,3,28,3,171.0,139.0,242.0,188.0,152.85714285714286
2019-03-29,Delhi,31.0,Poor,232,"PM10, PM2.5",2019,3,29,4,234.0,159.0,114.0,212.33333333333334,169.71428571428572
2019-03-30,Delhi,35.0,Poor,233,"PM10, PM2.5",2019,3,30,5,232.0,171.0,132.0,233.0,184.14285714285714
2019-03-31,Delhi,35.0,Moderate,182,"PM10, PM2.5",2019,3,31,6,233.0,234.0,121.0,215.66666666666666,192.85714285714286
2019-04-01,Delhi,34.0,Moderate,151,"PM10, PM2.5",2019,4,1,0,182.0,232.0,139.0,188.66666666666666,194.57142857142858
2019-04-02,Delhi,35.0,Moderate,198,"OZONE, PM10, PM2.5",2019,4,2,1,151.0,233.0,159.0,177.0,200.14285714285714
2019-04-03,Delhi,34.0,Moderate,187,"OZONE, PM10, PM2.5",2019,4,3,2,198.0,182.0,171.0,178.66666666666666,202.42857142857142
2019-04-04,Delhi,33.0,Poor,254,"PM10, PM2.5",2019,4,4,3,187.0,151.0,234.0,213.0,205.28571428571428
2019-04-05,Delhi,36.0,Poor,264,"PM10, PM2.5",2019,4,5,4,254.0,198.0,232.0,235.0,209.85714285714286
2019-04-06,Delhi,34.0,Poor,266,"PM10, PM2.5",2019,4,6,5,264.0,187.0,233.0,261.3333333333333,214.57142857142858
2019-04-07,Delhi,35.0,Very Poor,302,PM10,2019,4,7,6,266.0,254.0,182.0,277.3333333333333,231.71428571428572
2019-04-08,Delhi,34.0,Poor,264,"PM10, PM2.5",2019,4,8,0,302.0,264.0,151.0,277.3333333333333,247.85714285714286
2019-04-09,Delhi,34.0,Poor,204,"OZONE, PM10, PM2.5",2019,4,9,1,264.0,266.0,198.0,256.6666666666667,248.71428571428572
2019-04-10,Delhi,31.0,Poor,238,PM10,2019,4,10,2,204.0,302.0,187.0,235.33333333333334,256.0
2019-04-11,Delhi,34.0,Moderate,183,"PM10, PM2.5",2019,4,11,3,238.0,264.0,254.0,208.33333333333334,245.85714285714286
2019-04-12,Delhi,30.0,Poor,212,"OZONE, PM10, PM2.5",2019,4,12,4,183.0,204.0,264.0,211.0,238.42857142857142
2019-04-13,Delhi,28.0,Moderate,170,"PM10, PM2.5",2019,4,13,5,212.0,238.0,266.0,188.33333333333334,224.71428571428572
2019-04-14,Delhi,29.0,Moderate,137,"PM10, PM2.5",2019,4,14,6,170.0,183.0,302.0,173.0,201.14285714285714
2019-04-15,Delhi,33.0,Moderate,168,"PM10, PM2.5",2019,4,15,0,137.0,212.0,264.0,158.33333333333334,187.42857142857142
2019-04-16,Delhi,35.0,Moderate,180,"PM10, PM2.5",2019,4,16,1,168.0,170.0,204.0,161.66666666666666,184.0
2019-04-17,Delhi,30.0,Satisfactory,84,"OZONE, PM10",2019,4,17,2,180.0,137.0,238.0,144.0,162.0
2019-04-18,Delhi,28.0,Moderate,114,OZONE,2019,4,18,3,84.0,168.0,183.0,126.0,152.14285714285714
2019-04-19,Delhi,32.0,Moderate,157,"OZONE, PM10, PM2.5",2019,4,19,4,114.0,180.0,212.0,118.33333333333333,144.28571428571428
2019-04-20,Delhi,35.0,Moderate,198,"OZONE, PM10, PM2.5",2019,4,20,5,157.0,84.0,170.0,156.33333333333334,148.28571428571428
2019-04-21,Delhi,33.0,Poor,203,"PM10, PM2.5",2019,4,21,6,198.0,114.0,137.0,186.0,157.71428571428572
2019-04-22,Delhi,33.0,Poor,236,"PM10, PM2.5",2019,4,22,0,203.0,157.0,168.0,212.33333333333334,167.42857142857142
2019-04-23,Delhi,30.0,Poor,247,PM10,2019,4,23,1,236.0,198.0,180.0,228.66666666666666,177.0
2019-04-24,Delhi,34.0,Poor,221,"OZONE, PM10, PM2.5",2019,4,24,2,247.0,203.0,84.0,234.66666666666666,196.57142857142858
2019-04-25,Delhi,29.0,Poor,251,"PM10, PM2.5",2019,4,25,3,221.0,236.0,114.0,239.66666666666666,216.14285714285714
2019-04-26,Delhi,31.0,Poor,215,"PM10, PM2.5",2019,4,26,4,251.0,247.0,157.0,229.0,224.42857142857142
2019-04-27,Delhi,31.0,Poor,256,PM10,2019,4,27,5,215.0,221.0,198.0,240.66666666666666,232.71428571428572
2019-04-28,Delhi,31.0,Poor,264,"PM10, PM2.5",2019,4,28,6,256.0,251.0,203.0,245.0,241.42857142857142
2019-04-29,Delhi,29.0,Poor,248,"PM10, PM2.5",2019,4,29,0,264.0,215.0,236.0,256.0,243.14285714285714
2019-04-30,Delhi,26.0,Poor,250,"PM10, PM2.5",2019,4,30,1,248.0,256.0,247.0,254.0,243.57142857142858
2019-05-01,Delhi,33.0,Poor,295,PM10,2019,5,1,2,250.0,264.0,221.0,264.3333333333333,254.14285714285714
2019-05-02,Delhi,31.0,Poor,257,"PM10, PM2.5",2019,5,2,3,295.0,248.0,251.0,267.3333333333333,255.0
2019-05-03,Delhi,34.0,Moderate,183,"NO2, OZONE, PM2.5",2019,5,3,4,257.0,250.0,215.0,245.0,250.42857142857142
2019-05-04,Delhi,35.0,Moderate,182,"NO2, PM10, PM2.5",2019,5,4,5,183.0,295.0,256.0,207.33333333333334,239.85714285714286
2019-05-05,Delhi,13.0,Poor,227,"OZONE, PM10, PM2.5",2019,5,5,6,182.0,257.0,264.0,197.33333333333334,234.57142857142858
2019-05-06,Delhi,13.0,Poor,249,"PM10, PM2.5",2019,5,6,0,227.0,183.0,248.0,219.33333333333334,234.71428571428572
2019-05-07,Delhi,33.0,Poor,294,PM10,2019,5,7,1,249.0,182.0,250.0,256.6666666666667,241.0
2019-05-08,Delhi,33.0,Very Poor,357,PM10,2019,5,8,2,294.0,227.0,295.0,300.0,249.85714285714286
2019-05-09,Delhi,32.0,Very Poor,347,PM10,2019,5,9,3,357.0,249.0,257.0,332.6666666666667,262.7142857142857
2019-05-10,Delhi,35.0,Poor,277,"PM10, PM2.5",2019,5,10,4,347.0,294.0,183.0,327.0,276.14285714285717
2019-05-11,Delhi,35.0,Poor,251,"PM10, PM2.5",2019,5,11,5,277.0,357.0,182.0,291.6666666666667,286.0
2019-05-12,Delhi,35.0,Very Poor,334,"PM10, PM2.5",2019,5,12,6,251.0,347.0,227.0,287.3333333333333,301.2857142857143
2019-05-13,Delhi,34.0,Very Poor,322,"PM10, PM2.5",2019,5,13,0,334.0,277.0,249.0,302.3333333333333,311.7142857142857
2019-05-14,Delhi,35.0,Moderate,153,"OZONE, PM10, PM2.5",2019,5,14,1,322.0,251.0,294.0,269.6666666666667,291.57142857142856
2019-05-15,Delhi,36.0,Moderate,186,"PM10, PM2.5",2019,5,15,2,153.0,334.0,357.0,220.33333333333334,267.14285714285717
2019-05-16,Delhi,33.0,Moderate,187,"PM10, PM2.5",2019,5,16,3,186.0,322.0,347.0,175.33333333333334,244.28571428571428
2019-05-17,Delhi,36.0,Poor,265,"PM10, PM2.5",2019,5,17,4,187.0,153.0,277.0,212.66666666666666,242.57142857142858
2019-05-18,Delhi,33.0,Moderate,105,"OZONE, PM10, PM2.5",2019,5,18,5,265.0,186.0,251.0,185.66666666666666,221.71428571428572
2019-05-19,Delhi,34.0,Moderate,185,"OZONE, PM2.5",2019,5,19,6,105.0,187.0,334.0,185.0,200.42857142857142
2019-05-20,Delhi,33.0,Poor,206,"PM10, PM2.5",2019,5,20,0,185.0,265.0,322.0,165.33333333333334,183.85714285714286
2019-05-21,Delhi,34.0,Moderate,190,"OZONE, PM10, PM2.5",2019,5,21,1,206.0,105.0,153.0,193.66666666666666,189.14285714285714
2019-05-22,Delhi,34.0,Moderate,158,"PM10, PM2.5",2019,5,22,2,190.0,185.0,186.0,184.66666666666666,185.14285714285714
2019-05-23,Delhi,35.0,Poor,223,PM10,2019,5,23,3,158.0,206.0,187.0,190.33333333333334,190.28571428571428
2019-05-24,Delhi,36.0,Moderate,123,"PM10, PM2.5",2019,5,24,4,223.0,190.0,265.0,168.0,170.0
2019-05-25,Delhi,36.0,Moderate,121,"OZONE, PM10, PM2.5",2019,5,25,5,123.0,158.0,105.0,155.66666666666666,172.28571428571428
2019-05-26,Delhi,35.0,Moderate,142,"OZONE, PM10",2019,5,26,6,121.0,223.0,185.0,128.66666666666666,166.14285714285714
2019-05-27,Delhi,33.0,Moderate,160,"OZONE, PM10, PM2.5",2019,5,27,0,142.0,123.0,206.0,141.0,159.57142857142858
2019-05-28,Delhi,34.0,Moderate,177,"OZONE, PM10, PM2.5",2019,5,28,1,160.0,121.0,190.0,159.66666666666666,157.71428571428572
2019-05-29,Delhi,32.0,Moderate,185,"OZONE, PM10, PM2.5",2019,5,29,2,177.0,142.0,158.0,174.0,161.57142857142858
2019-05-30,Delhi,31.0,Poor,218,"NO2, PM10, PM2.5",2019,5,30,3,185.0,160.0,223.0,193.33333333333334,160.85714285714286
2019-05-31,Delhi,33.0,Poor,280,PM10,2019,5,31,4,218.0,177.0,123.0,227.66666666666666,183.28571428571428
2019-06-01,Delhi,35.0,Poor,264,"PM10, PM2.5",2019,6,1,5,280.0,185.0,121.0,254.0,203.71428571428572
2019-06-02,Delhi,35.0,Poor,201,"OZONE, PM10, PM2.5",2019,6,2,6,264.0,218.0,142.0,248.33333333333334,212.14285714285714
2019-06-03,Delhi,35.0,Poor,261,PM10,2019,6,3,0,201.0,280.0,160.0,242.0,226.57142857142858
2019-06-04,Delhi,33.0,Moderate,169,"OZONE, PM10, PM2.5",2019,6,4,1,261.0,264.0,177.0,210.33333333333334,225.42857142857142
2019-06-05,Delhi,35.0,Moderate,192,"OZONE, PM2.5",2019,6,5,2,169.0,201.0,185.0,207.33333333333334,226.42857142857142
2019-06-06,Delhi,35.0,Poor,206,"OZONE, PM10, PM2.5",2019,6,6,3,192.0,261.0,218.0,189.0,224.71428571428572
2019-06-07,Delhi,34.0,Moderate,173,"OZONE, PM10",2019,6,7,4,206.0,169.0,280.0,190.33333333333334,209.42857142857142
2019-06-08,Delhi,34.0,Moderate,181,"OZONE, PM10",2019,6,8,5,173.0,192.0,264.0,186.66666666666666,197.57142857142858
2019-06-09,Delhi,33.0,Poor,239,"PM10, PM2.5",2019,6,9,6,181.0,206.0,201.0,197.66666666666666,203.0
2019-06-10,Delhi,25.0,Poor,207,"PM10, PM2.5",2019,6,10,0,239.0,173.0,261.0,209.0,195.28571428571428
2019-06-11,Delhi,9.0,Poor,300,"PM10, PM2.5",2019,6,11,1,207.0,181.0,169.0,248.66666666666666,214.0
2019-06-12,Delhi,30.0,Poor,219,"OZONE, PM10, PM2.5",2019,6,12,2,300.0,239.0,192.0,242.0,217.85714285714286
2019-06-13,Delhi,35.0,Moderate,175,"PM10, PM2.5",2019,6,13,3,219.0,207.0,206.0,231.33333333333334,213.42857142857142
2019-06-14,Delhi,35.0,Moderate,171,"OZONE, PM10, PM2.5",2019,6,14,4,175.0,300.0,173.0,188.33333333333334,213.14285714285714
2019-06-15,Delhi,34.0,Poor,224,"PM10, PM2.5",2019,6,15,5,171.0,219.0,181.0,190.0,219.28571428571428
2019-06-16,Delhi,35.0,Moderate,178,PM10,2019,6,16,6,224.0,175.0,239.0,191.0,210.57142857142858
2019-06-17,Delhi,34.0,Moderate,123,"PM10, PM2.5",2019,6,17,0,178.0,171.0,207.0,175.0,198.57142857142858
2019-06-18,Delhi,33.0,Satisfactory,97,"OZONE, PM10, PM2.5",2019,6,18,1,123.0,224.0,300.0,132.66666666666666,169.57142857142858
2019-06-19,Delhi,33.0,Moderate,199,"OZONE, PM10, PM2.5",2019,6,19,2,97.0,178.0,219.0,139.66666666666666,166.71428571428572
2019-06-20,Delhi,33.0,Moderate,141,"OZONE, PM10",2019,6,20,3,199.0,123.0,175.0,145.66666666666666,161.85714285714286
2019-06-21,Delhi,35.0,Moderate,177,"OZONE, PM10, PM2.5",2019,6,21,4,141.0,97.0,171.0,172.33333333333334,162.71428571428572
2019-06-22,Delhi,34.0,Moderate,189,"OZONE, PM10",2019,6,22,5,177.0,199.0,224.0,169.0,157.71428571428572
2019-06-23,Delhi,32.0,Moderate,148,"OZONE, PM10, PM2.5",2019,6,23,6,189.0,141.0,178.0,171.33333333333334,153.42857142857142
2019-06-24,Delhi,31.0,Moderate,109,"OZONE, PM10, PM2.5",2019,6,24,0,148.0,177.0,123.0,148.66666666666666,151.42857142857142
2019-06-25,Delhi,36.0,Moderate,133,"OZONE, PM2.5",2019,6,25,1,109.0,189.0,97.0,130.0,156.57142857142858
2019-06-26,Delhi,34.0,Moderate,162,"PM10, PM2.5",2019,6,26,2,133.0,148.0,199.0,134.66666666666666,151.28571428571428
2019-06-27,Delhi,36.0,Moderate,184,"OZONE, PM10, PM2.5",2019,6,27,3,162.0,109.0,141.0,159.66666666666666,157.42857142857142
2019-06-28,Delhi,37.0,Moderate,191,"PM10, PM2.5",2019,6,28,4,184.0,133.0,177.0,179.0,159.42857142857142
2019-06-29,Delhi,35.0,Poor,231,PM10,2019,6,29,5,191.0,162.0,189.0,202.0,165.42857142857142
2019-06-30,Delhi,34.0,Poor,237,"PM10, PM2.5",2019,6,30,6,231.0,184.0,148.0,219.66666666666666,178.14285714285714
2019-07-01,Delhi,12.0,Moderate,183,"OZONE, PM10, PM2.5",2019,7,1,0,237.0,191.0,109.0,217.0,188.71428571428572
2019-07-02,Delhi,13.0,Poor,218,"OZONE, PM10, PM2.5",2019,7,2,1,183.0,231.0,133.0,212.66666666666666,200.85714285714286
2019-07-03,Delhi,35.0,Moderate,136,"OZONE, PM10, PM2.5",2019,7,3,2,218.0,237.0,162.0,179.0,197.14285714285714
2019-07-04,Delhi,35.0,Moderate,103,"OZONE, PM10, PM2.5",2019,7,4,3,136.0,183.0,184.0,152.33333333333334,185.57142857142858
2019-07-05,Delhi,28.0,Moderate,106,"PM10, PM2.5",2019,7,5,4,103.0,218.0,191.0,115.0,173.42857142857142
2019-07-06,Delhi,34.0,Satisfactory,88,"OZONE, PM10",2019,7,6,5,106.0,136.0,231.0,99.0,153.0
2019-07-07,Delhi,34.0,Satisfactory,91,"OZONE, PM10, PM2.5",2019,7,7,6,88.0,103.0,237.0,95.0,132.14285714285714
2019-07-08,Delhi,28.0,Moderate,127,"OZONE, PM10",2019,7,8,0,91.0,106.0,183.0,102.0,124.14285714285714
2019-07-09,Delhi,35.0,Moderate,126,"OZONE, PM10",2019,7,9,1,127.0,88.0,218.0,114.66666666666667,111.0
2019-07-10,Delhi,36.0,Moderate,148,PM10,2019,7,10,2,126.0,91.0,136.0,133.66666666666666,112.71428571428571
2019-07-11,Delhi,34.0,Very Poor,317,PM10,2019,7,11,3,148.0,127.0,103.0,197.0,143.28571428571428
2019-07-12,Delhi,37.0,Poor,272,PM10,2019,7,12,4,317.0,126.0,106.0,245.66666666666666,167.0
2019-07-13,Delhi,34.0,Poor,275,PM10,2019,7,13,5,272.0,148.0,88.0,288.0,193.71428571428572
2019-07-14,Delhi,37.0,Poor,235,PM10,2019,7,14,6,275.0,317.0,91.0,260.6666666666667,214.28571428571428
2019-07-15,Delhi,34.0,Moderate,168,"PM10, PM2.5",2019,7,15,0,235.0,272.0,127.0,226.0,220.14285714285714
2019-07-16,Delhi,35.0,Satisfactory,93,"CO, PM10, PM2.5",2019,7,16,1,168.0,275.0,126.0,165.33333333333334,215.42857142857142
2019-07-17,Delhi,35.0,Satisfactory,73,"CO, OZONE, PM10",2019,7,17,2,93.0,235.0,148.0,111.33333333333333,204.71428571428572
2019-07-18,Delhi,35.0,Satisfactory,85,"CO, OZONE, PM2.5",2019,7,18,3,73.0,168.0,317.0,83.66666666666667,171.57142857142858
2019-07-19,Delhi,35.0,Moderate,145,"OZONE, PM10",2019,7,19,4,85.0,93.0,272.0,101.0,153.42857142857142
2019-07-20,Delhi,32.0,Moderate,124,"PM10, PM2.5",2019,7,20,5,145.0,73.0,275.0,118.0,131.85714285714286
2019-07-21,Delhi,32.0,Moderate,108,"PM10, PM2.5",2019,7,21,6,124.0,85.0,235.0,125.66666666666667,113.71428571428571
2019-07-22,Delhi,30.0,Moderate,112,"PM10, PM2.5",2019,7,22,0,108.0,145.0,168.0,114.66666666666667,105.71428571428571
2019-07-23,Delhi,34.0,Moderate,148,"PM10, PM2.5",2019,7,23,1,112.0,124.0,93.0,122.66666666666667,113.57142857142857
2019-07-24,Delhi,36.0,Moderate,164,"PM10, PM2.5",2019,7,24,2,148.0,108.0,73.0,141.33333333333334,126.57142857142857
2019-07-25,Delhi,30.0,Satisfactory,78,"PM10, PM2.5",2019,7,25,3,164.0,112.0,85.0,130.0,125.57142857142857
2019-07-26,Delhi,35.0,Satisfactory,81,"CO, NO2, PM10",2019,7,26,4,78.0,148.0,145.0,107.66666666666667,116.42857142857143
2019-07-27,Delhi,33.0,Satisfactory,61,"CO, OZONE, PM10",2019,7,27,5,81.0,164.0,124.0,73.33333333333333,107.42857142857143
2019-07-28,Delhi,33.0,Satisfactory,64,"CO, OZONE, PM10",2019,7,28,6,61.0,78.0,108.0,68.66666666666667,101.14285714285714
2019-07-29,Delhi,33.0,Satisfactory,65,"CO, OZONE, PM10",2019,7,29,0,64.0,81.0,112.0,63.333333333333336,94.42857142857143
2019-07-30,Delhi,34.0,Satisfactory,80,PM10,2019,7,30,1,65.0,61.0,148.0,69.66666666666667,84.71428571428571
2019-07-31,Delhi,37.0,Satisfactory,80,"CO, PM10, PM2.5",2019,7,31,2,80.0,64.0,164.0,75.0,72.71428571428571
2019-08-01,Delhi,36.0,Satisfactory,89,"OZONE, PM10, PM2.5",2019,8,1,3,80.0,65.0,78.0,83.0,74.28571428571429
2019-08-02,Delhi,37.0,Satisfactory,84,"CO, PM10",2019,8,2,4,89.0,80.0,81.0,84.33333333333333,74.71428571428571
2019-08-03,Delhi,36.0,Satisfactory,89,"OZONE, PM10, PM2.5",2019,8,3,5,84.0,80.0,61.0,87.33333333333333,78.71428571428571
2019-08-04,Delhi,37.0,Satisfactory,87,"PM10, PM2.5",2019,8,4,6,89.0,89.0,64.0,86.66666666666667,82.0
2019-08-05,Delhi,33.0,Moderate,105,"PM10, PM2.5",2019,8,5,0,87.0,84.0,65.0,93.66666666666667,87.71428571428571
2019-08-06,Delhi,36.0,Satisfactory,76,"CO, PM10, PM2.5",2019,8,6,1,105.0,89.0,80.0,89.33333333333333,87.14285714285714
2019-08-07,Delhi,31.0,Satisfactory,75,"CO, PM10",2019,8,7,2,76.0,87.0,80.0,85.33333333333333,86.42857142857143
2019-08-08,Delhi,34.0,Satisfactory,79,"OZONE, PM10",2019,8,8,3,75.0,105.0,89.0,76.66666666666667,85.0
2019-08-09,Delhi,28.0,Satisfactory,75,"PM10, PM2.5",2019,8,9,4,79.0,76.0,84.0,76.33333333333333,83.71428571428571
2019-08-10,Delhi,34.0,Satisfactory,59,"CO, OZONE, PM10",2019,8,10,5,75.0,75.0,89.0,71.0,79.42857142857143
2019-08-11,Delhi,35.0,Satisfactory,68,"CO, NO2, PM10",2019,8,11,6,59.0,79.0,87.0,67.33333333333333,76.71428571428571
2019-08-12,Delhi,32.0,Satisfactory,57,"CO, NO2",2019,8,12,0,68.0,75.0,105.0,61.333333333333336,69.85714285714286
2019-08-13,Delhi,29.0,Satisfactory,69,"CO, PM10",2019,8,13,1,57.0,59.0,76.0,64.66666666666667,68.85714285714286
2019-08-14,Delhi,33.0,Satisfactory,63,"CO, OZONE, PM10",2019,8,14,2,69.0,68.0,75.0,63.0,67.14285714285714
2019-08-15,Delhi,36.0,Satisfactory,75,"CO, PM10, PM2.5",2019,8,15,3,63.0,57.0,79.0,69.0,66.57142857142857
2019-08-16,Delhi,34.0,Satisfactory,53,"CO, NO2",2019,8,16,4,75.0,69.0,75.0,63.666666666666664,63.42857142857143
2019-08-17,Delhi,32.0,Good,49,"CO, NO2",2019,8,17,5,53.0,63.0,59.0,59.0,62.0
2019-08-18,Delhi,34.0,Good,49,"CO, NO2",2019,8,18,6,49.0,75.0,68.0,50.333333333333336,59.285714285714285
2019-08-19,Delhi,34.0,Satisfactory,81,"CO, PM10, PM2.5",2019,8,19,0,49.0,53.0,57.0,59.666666666666664,62.714285714285715
2019-08-20,Delhi,34.0,Satisfactory,97,"PM10, PM2.5",2019,8,20,1,81.0,49.0,69.0,75.66666666666667,66.71428571428571
2019-08-21,Delhi,35.0,Moderate,109,"PM10, PM2.5",2019,8,21,2,97.0,49.0,63.0,95.66666666666667,73.28571428571429
2019-08-22,Delhi,36.0,Moderate,123,"NO2, PM10, PM2.5",2019,8,22,3,109.0,81.0,75.0,109.66666666666667,80.14285714285714
2019-08-23,Delhi,33.0,Moderate,129,"NO2, PM10",2019,8,23,4,123.0,97.0,53.0,120.33333333333333,91.0
2019-08-24,Delhi,33.0,Moderate,147,"PM10, PM2.5",2019,8,24,5,129.0,109.0,49.0,133.0,105.0
2019-08-25,Delhi,35.0,Satisfactory,91,"NO2, PM10, PM2.5",2019,8,25,6,147.0,123.0,49.0,122.33333333333333,111.0
2019-08-26,Delhi,33.0,Satisfactory,66,"CO, NO2, PM10",2019,8,26,0,91.0,129.0,81.0,101.33333333333333,108.85714285714286
2019-08-27,Delhi,10.0,Moderate,117,"OZONE, PM10, PM2.5",2019,8,27,1,66.0,147.0,97.0,91.33333333333333,111.71428571428571
2019-08-28,Delhi,32.0,Moderate,105,"PM10, PM2.5",2019,8,28,2,117.0,91.0,109.0,96.0,111.14285714285714
2019-08-29,Delhi,34.0,Satisfactory,91,"OZONE, PM10",2019,8,29,3,105.0,66.0,123.0,104.33333333333333,106.57142857142857
2019-08-30,Delhi,36.0,Moderate,101,"OZONE, PM10, PM2.5",2019,8,30,4,91.0,117.0,129.0,99.0,102.57142857142857
2019-08-31,Delhi,32.0,Moderate,114,"PM10, PM2.5",2019,8,31,5,101.0,105.0,147.0,102.0,97.85714285714286
2019-09-01,Delhi,32.0,Moderate,108,"PM10, PM2.5",2019,9,1,6,114.0,91.0,91.0,107.66666666666667,100.28571428571429
2019-09-02,Delhi,34.0,Satisfactory,96,"OZONE, PM10",2019,9,2,0,108.0,101.0,66.0,106.0,104.57142857142857
2019-09-03,Delhi,32.0,Moderate,141,"PM10, PM2.5",2019,9,3,1,96.0,114.0,117.0,115.0,108.0
2019-09-04,Delhi,33.0,Moderate,173,"PM10, PM2.5",2019,9,4,2,141.0,108.0,105.0,136.66666666666666,117.71428571428571
2019-09-05,Delhi,32.0,Satisfactory,95,"PM10, PM2.5",2019,9,5,3,173.0,96.0,91.0,136.33333333333334,118.28571428571429
2019-09-06,Delhi,36.0,Satisfactory,90,PM10,2019,9,6,4,95.0,141.0,101.0,119.33333333333333,116.71428571428571
2019-09-07,Delhi,33.0,Satisfactory,82,"NO2, PM10, PM2.5",2019,9,7,5,90.0,173.0,114.0,89.0,112.14285714285714
2019-09-08,Delhi,36.0,Satisfactory,77,"NO2, OZONE, PM10",2019,9,8,6,82.0,95.0,108.0,83.0,107.71428571428571
2019-09-09,Delhi,34.0,Moderate,108,"PM10, PM2.5",2019,9,9,0,77.0,90.0,96.0,89.0,109.42857142857143
2019-09-10,Delhi,37.0,Moderate,137,"OZONE, PM10, PM2.5",2019,9,10,1,108.0,82.0,141.0,107.33333333333333,108.85714285714286
2019-09-11,Delhi,35.0,Moderate,168,"OZONE, PM10, PM2.5",2019,9,11,2,137.0,77.0,173.0,137.66666666666666,108.14285714285714
2019-09-12,Delhi,36.0,Moderate,151,"PM10, PM2.5",2019,9,12,3,168.0,108.0,95.0,152.0,116.14285714285714
2019-09-13,Delhi,34.0,Satisfactory,86,"NO2, PM10",2019,9,13,4,151.0,137.0,90.0,135.0,115.57142857142857
2019-09-14,Delhi,34.0,Satisfactory,72,PM10,2019,9,14,5,86.0,168.0,82.0,103.0,114.14285714285714
2019-09-15,Delhi,32.0,Satisfactory,72,"NO2, PM10, PM2.5",2019,9,15,6,72.0,151.0,77.0,76.66666666666667,113.42857142857143
2019-09-16,Delhi,31.0,Moderate,105,"OZONE, PM10, PM2.5",2019,9,16,0,72.0,86.0,108.0,83.0,113.0
2019-09-17,Delhi,34.0,Moderate,135,"OZONE, PM10, PM2.5",2019,9,17,1,105.0,72.0,137.0,104.0,112.71428571428571
2019-09-18,Delhi,31.0,Moderate,110,"OZONE, PM10",2019,9,18,2,135.0,72.0,168.0,116.66666666666667,104.42857142857143
2019-09-19,Delhi,32.0,Satisfactory,66,PM10,2019,9,19,3,110.0,105.0,151.0,103.66666666666667,92.28571428571429
2019-09-20,Delhi,34.0,Satisfactory,90,"OZONE, PM10, PM2.5",2019,9,20,4,66.0,135.0,86.0,88.66666666666667,92.85714285714286
2019-09-21,Delhi,34.0,Moderate,114,"OZONE, PM10",2019,9,21,5,90.0,110.0,72.0,90.0,98.85714285714286
2019-09-22,Delhi,12.0,Satisfactory,67,"CO, NO2, PM10",2019,9,22,6,114.0,66.0,72.0,90.33333333333333,98.14285714285714
2019-09-23,Delhi,29.0,Satisfactory,83,"NO2, OZONE, PM10",2019,9,23,0,67.0,90.0,105.0,88.0,95.0
2019-09-24,Delhi,35.0,Satisfactory,94,"OZONE, PM10",2019,9,24,1,83.0,114.0,135.0,81.33333333333333,89.14285714285714
2019-09-25,Delhi,34.0,Satisfactory,90,"OZONE, PM10",2019,9,25,2,94.0,67.0,110.0,89.0,86.28571428571429
2019-09-26,Delhi,33.0,Satisfactory,74,"OZONE, PM10",2019,9,26,3,90.0,83.0,66.0,86.0,87.42857142857143
2019-09-27,Delhi,33.0,Satisfactory,63,"CO, NO2, PM10",2019,9,27,4,74.0,94.0,90.0,75.66666666666667,83.57142857142857
2019-09-28,Delhi,35.0,Satisfactory,67,PM10,2019,9,28,5,63.0,90.0,114.0,68.0,76.85714285714286
2019-09-29,Delhi,33.0,Satisfactory,60,"CO, NO2, PM10",2019,9,29,6,67.0,74.0,67.0,63.333333333333336,75.85714285714286
2019-09-30,Delhi,36.0,Satisfactory,68,"CO, OZONE, PM10",2019,9,30,0,60.0,63.0,83.0,65.0,73.71428571428571
2019-10-01,Delhi,35.0,Satisfactory,93,PM10,2019,10,1,1,68.0,67.0,94.0,73.66666666666667,73.57142857142857
2019-10-02,Delhi,12.0,Satisfactory,90,"CO, OZONE, PM10",2019,10,2,2,93.0,60.0,90.0,83.66666666666667,73.57142857142857
2019-10-03,Delhi,33.0,Moderate,136,"OZONE, PM10",2019,10,3,3,90.0,68.0,74.0,106.33333333333333,82.42857142857143
2019-10-04,Delhi,31.0,Satisfactory,100,PM10,2019,10,4,4,136.0,93.0,63.0,108.66666666666667,87.71428571428571
2019-10-05,Delhi,36.0,Satisfactory,98,"CO, PM10",2019,10,5,5,100.0,90.0,67.0,111.33333333333333,92.14285714285714
2019-10-06,Delhi,36.0,Moderate,127,"OZONE, PM10",2019,10,6,6,98.0,136.0,60.0,108.33333333333333,101.71428571428571
2019-10-07,Delhi,36.0,Moderate,130,"PM10, PM2.5",2019,10,7,0,127.0,100.0,68.0,118.33333333333333,110.57142857142857
2019-10-08,Delhi,36.0,Moderate,112,"OZONE, PM10, PM2.5",2019,10,8,1,130.0,98.0,93.0,123.0,113.28571428571429
2019-10-09,Delhi,35.0,Moderate,173,"OZONE, PM10",2019,10,9,2,112.0,127.0,90.0,138.33333333333334,125.14285714285714
2019-10-10,Delhi,33.0,Poor,211,"PM10, PM2.5",2019,10,10,3,173.0,130.0,136.0,165.33333333333334,135.85714285714286
2019-10-11,Delhi,26.0,Poor,216,"PM10, PM2.5",2019,10,11,4,211.0,112.0,100.0,200.0,152.42857142857142
2019-10-12,Delhi,36.0,Poor,222,"PM10, PM2.5",2019,10,12,5,216.0,173.0,98.0,216.33333333333334,170.14285714285714
2019-10-13,Delhi,36.0,Poor,270,PM2.5,2019,10,13,6,222.0,211.0,127.0,236.0,190.57142857142858
2019-10-14,Delhi,36.0,Poor,252,"PM10, PM2.5",2019,10,14,0,270.0,216.0,130.0,248.0,208.0
2019-10-15,Delhi,36.0,Poor,270,"PM10, PM2.5",2019,10,15,1,252.0,222.0,112.0,264.0,230.57142857142858
2019-10-16,Delhi,34.0,Very Poor,304,"PM10, PM2.5",2019,10,16,2,270.0,270.0,173.0,275.3333333333333,249.28571428571428
2019-10-17,Delhi,35.0,Poor,284,PM2.5,2019,10,17,3,304.0,252.0,211.0,286.0,259.7142857142857
2019-10-18,Delhi,31.0,Poor,248,"PM10, PM2.5",2019,10,18,4,284.0,270.0,216.0,278.6666666666667,264.2857142857143
2019-10-19,Delhi,33.0,Moderate,161,"OZONE, PM10",2019,10,19,5,248.0,304.0,222.0,231.0,255.57142857142858
2019-10-20,Delhi,33.0,Poor,238,"PM10, PM2.5",2019,10,20,6,161.0,284.0,270.0,215.66666666666666,251.0
2019-10-21,Delhi,33.0,Poor,249,"PM10, PM2.5",2019,10,21,0,238.0,248.0,252.0,216.0,250.57142857142858
2019-10-22,Delhi,35.0,Poor,207,"PM10, PM2.5",2019,10,22,1,249.0,161.0,270.0,231.33333333333334,241.57142857142858
2019-10-23,Delhi,32.0,Poor,242,"PM10, PM2.5",2019,10,23,2,207.0,238.0,304.0,232.66666666666666,232.71428571428572
2019-10-24,Delhi,35.0,Very Poor,311,"PM10, PM2.5",2019,10,24,3,242.0,249.0,284.0,253.33333333333334,236.57142857142858
2019-10-25,Delhi,33.0,Poor,284,"PM10, PM2.5",2019,10,25,4,311.0,207.0,248.0,279.0,241.71428571428572
2019-10-26,Delhi,33.0,Poor,287,"PM10, PM2.5",2019,10,26,5,284.0,242.0,161.0,294.0,259.7142857142857
2019-10-27,Delhi,36.0,Very Poor,337,"PM10, PM2.5",2019,10,27,6,287.0,311.0,238.0,302.6666666666667,273.85714285714283
2019-10-28,Delhi,36.0,Very Poor,368,"PM10, PM2.5",2019,10,28,0,337.0,284.0,249.0,330.6666666666667,290.85714285714283
2019-10-29,Delhi,34.0,Very Poor,400,"PM10, PM2.5",2019,10,29,1,368.0,287.0,207.0,368.3333333333333,318.42857142857144
2019-10-30,Delhi,35.0,Severe,419,PM2.5,2019,10,30,2,400.0,337.0,242.0,395.6666666666667,343.7142857142857
2019-10-31,Delhi,34.0,Severe,410,PM2.5,2019,10,31,3,419.0,368.0,311.0,409.6666666666667,357.85714285714283
2019-11-01,Delhi,32.0,Severe,484,PM2.5,2019,11,1,4,410.0,400.0,284.0,437.6666666666667,386.42857142857144
2019-11-02,Delhi,35.0,Very Poor,399,"PM10, PM2.5",2019,11,2,5,484.0,419.0,287.0,431.0,402.42857142857144
2019-11-03,Delhi,32.0,Severe,494,PM2.5,2019,11,3,6,399.0,410.0,337.0,459.0,424.85714285714283
2019-11-04,Delhi,34.0,Severe,407,PM2.5,2019,11,4,0,494.0,484.0,368.0,433.3333333333333,430.42857142857144
2019-11-05,Delhi,36.0,Very Poor,324,PM2.5,2019,11,5,1,407.0,399.0,400.0,408.3333333333333,419.57142857142856
2019-11-06,Delhi,35.0,Poor,214,"PM10, PM2.5",2019,11,6,2,324.0,494.0,419.0,315.0,390.2857142857143
2019-11-07,Delhi,33.0,Very Poor,309,PM2.5,2019,11,7,3,214.0,407.0,410.0,282.3333333333333,375.85714285714283
2019-11-08,Delhi,35.0,Very Poor,330,PM2.5,2019,11,8,4,309.0,324.0,484.0,284.3333333333333,353.85714285714283
2019-11-09,Delhi,36.0,Poor,283,PM2.5,2019,11,9,5,330.0,214.0,399.0,307.3333333333333,337.2857142857143
2019-11-10,Delhi,33.0,Very Poor,321,PM2.5,2019,11,10,6,283.0,309.0,494.0,311.3333333333333,312.57142857142856
2019-11-11,Delhi,32.0,Very Poor,360,PM2.5,2019,11,11,0,321.0,330.0,407.0,321.3333333333333,305.85714285714283
2019-11-12,Delhi,35.0,Severe,425,PM2.5,2019,11,12,1,360.0,283.0,324.0,368.6666666666667,320.2857142857143
2019-11-13,Delhi,33.0,Severe,456,PM2.5,2019,11,13,2,425.0,321.0,214.0,413.6666666666667,354.85714285714283
2019-11-14,Delhi,34.0,Severe,463,PM2.5,2019,11,14,3,456.0,360.0,309.0,448.0,376.85714285714283
2019-11-15,Delhi,28.0,Severe,458,PM2.5,2019,11,15,4,463.0,425.0,330.0,459.0,395.14285714285717
2019-11-16,Delhi,35.0,Very Poor,357,PM2.5,2019,11,16,5,458.0,456.0,283.0,426.0,405.7142857142857
2019-11-17,Delhi,34.0,Poor,215,PM2.5,2019,11,17,6,357.0,463.0,321.0,343.3333333333333,390.57142857142856
2019-11-18,Delhi,33.0,Poor,214,PM2.5,2019,11,18,0,215.0,458.0,360.0,262.0,369.7142857142857
2019-11-19,Delhi,33.0,Poor,242,PM2.5,2019,11,19,1,214.0,357.0,425.0,223.66666666666666,343.57142857142856
2019-11-20,Delhi,31.0,Very Poor,301,PM2.5,2019,11,20,2,242.0,215.0,456.0,252.33333333333334,321.42857142857144
2019-11-21,Delhi,35.0,Very Poor,366,"PM10, PM2.5",2019,11,21,3,301.0,214.0,463.0,303.0,307.57142857142856
2019-11-22,Delhi,35.0,Very Poor,360,PM2.5,2019,11,22,4,366.0,242.0,458.0,342.3333333333333,293.57142857142856
2019-11-23,Delhi,33.0,Very Poor,312,PM2.5,2019,11,23,5,360.0,301.0,357.0,346.0,287.14285714285717
2019-11-24,Delhi,32.0,Poor,234,PM2.5,2019,11,24,6,312.0,366.0,215.0,302.0,289.85714285714283
2019-11-25,Delhi,36.0,Poor,252,PM2.5,2019,11,25,0,234.0,360.0,214.0,266.0,295.2857142857143
2019-11-26,Delhi,32.0,Poor,270,PM2.5,2019,11,26,1,252.0,312.0,242.0,252.0,299.2857142857143
2019-11-27,Delhi,31.0,Moderate,134,"NO2, PM10, PM2.5",2019,11,27,2,270.0,234.0,301.0,218.66666666666666,275.42857142857144
2019-11-28,Delhi,32.0,Moderate,106,"NO2, PM2.5",2019,11,28,3,134.0,252.0,366.0,170.0,238.28571428571428
2019-11-29,Delhi,33.0,Satisfactory,84,"NO2, PM10, PM2.5",2019,11,29,4,106.0,270.0,360.0,108.0,198.85714285714286
2019-11-30,Delhi,35.0,Moderate,193,PM2.5,2019,11,30,5,84.0,134.0,312.0,127.66666666666667,181.85714285714286
2019-12-01,Delhi,35.0,Poor,250,PM2.5,2019,12,1,6,193.0,106.0,234.0,175.66666666666666,184.14285714285714
2019-12-02,Delhi,34.0,Poor,279,PM2.5,2019,12,2,0,250.0,84.0,252.0,240.66666666666666,188.0
2019-12-03,Delhi,33.0,Poor,282,PM2.5,2019,12,3,1,279.0,193.0,270.0,270.3333333333333,189.71428571428572
2019-12-04,Delhi,35.0,Poor,296,PM2.5,2019,12,4,2,282.0,250.0,134.0,285.6666666666667,212.85714285714286
2019-12-05,Delhi,35.0,Very Poor,382,PM2.5,2019,12,5,3,296.0,279.0,106.0,320.0,252.28571428571428
2019-12-06,Delhi,35.0,Severe,404,PM2.5,2019,12,6,4,382.0,282.0,84.0,360.6666666666667,298.0
2019-12-07,Delhi,32.0,Very Poor,371,PM2.5,2019,12,7,5,404.0,296.0,193.0,385.6666666666667,323.42857142857144
2019-12-08,Delhi,31.0,Very Poor,391,PM2.5,2019,12,8,6,371.0,382.0,250.0,388.6666666666667,343.57142857142856
2019-12-09,Delhi,31.0,Very Poor,343,PM2.5,2019,12,9,0,391.0,404.0,279.0,368.3333333333333,352.7142857142857
2019-12-10,Delhi,35.0,Very Poor,369,PM2.5,2019,12,10,1,343.0,371.0,282.0,367.6666666666667,365.14285714285717
2019-12-11,Delhi,34.0,Severe,408,PM2.5,2019,12,11,2,369.0,391.0,296.0,373.3333333333333,381.14285714285717
2019-12-12,Delhi,35.0,Severe,430,PM2.5,2019,12,12,3,408.0,343.0,382.0,402.3333333333333,388.0
2019-12-13,Delhi,30.0,Poor,240,PM2.5,2019,12,13,4,430.0,369.0,404.0,359.3333333333333,364.57142857142856
2019-12-14,Delhi,31.0,Moderate,163,PM2.5,2019,12,14,5,240.0,408.0,371.0,277.6666666666667,334.85714285714283
2019-12-15,Delhi,34.0,Poor,213,PM2.5,2019,12,15,6,163.0,430.0,391.0,205.33333333333334,309.42857142857144
2019-12-16,Delhi,33.0,Moderate,186,PM2.5,2019,12,16,0,213.0,240.0,343.0,187.33333333333334,287.0
2019-12-17,Delhi,34.0,Moderate,168,PM2.5,2019,12,17,1,186.0,163.0,369.0,189.0,258.2857142857143
2019-12-18,Delhi,30.0,Poor,292,PM2.5,2019,12,18,2,168.0,213.0,408.0,215.33333333333334,241.71428571428572
2019-12-19,Delhi,35.0,Very Poor,362,PM2.5,2019,12,19,3,292.0,186.0,430.0,274.0,232.0
2019-12-20,Delhi,35.0,Severe,432,PM2.5,2019,12,20,4,362.0,168.0,240.0,362.0,259.42857142857144
2019-12-21,Delhi,34.0,Severe,418,PM2.5,2019,12,21,5,432.0,292.0,163.0,404.0,295.85714285714283
2019-12-22,Delhi,33.0,Very Poor,322,PM2.5,2019,12,22,6,418.0,362.0,213.0,390.6666666666667,311.42857142857144
2019-12-23,Delhi,31.0,Very Poor,327,PM2.5,2019,12,23,0,322.0,432.0,186.0,355.6666666666667,331.57142857142856
2019-12-24,Delhi,33.0,Very Poor,383,"PM10, PM2.5",2019,12,24,1,327.0,418.0,168.0,344.0,362.2857142857143
2019-12-25,Delhi,34.0,Very Poor,350,PM2.5,2019,12,25,2,383.0,322.0,292.0,353.3333333333333,370.57142857142856
2019-12-26,Delhi,35.0,Very Poor,349,PM2.5,2019,12,26,3,350.0,327.0,362.0,360.6666666666667,368.7142857142857
2019-12-27,Delhi,33.0,Very Poor,373,PM2.5,2019,12,27,4,349.0,383.0,432.0,357.3333333333333,360.2857142857143
2019-12-28,Delhi,33.0,Severe,409,PM2.5,2019,12,28,5,373.0,350.0,418.0,377.0,359.0
2019-12-29,Delhi,34.0,Severe,431,"PM10, PM2.5",2019,12,29,6,409.0,349.0,322.0,404.3333333333333,374.57142857142856
2019-12-30,Delhi,31.0,Severe,446,PM2.5,2019,12,30,0,431.0,373.0,327.0,428.6666666666667,391.57142857142856
2019-12-31,Delhi,33.0,Very Poor,387,PM2.5,2019,12,31,1,446.0,409.0,383.0,421.3333333333333,392.14285714285717
2020-01-01,Delhi,32.0,Severe,437,PM2.5,2020,1,1,2,387.0,431.0,350.0,423.3333333333333,404.57142857142856
2020-01-02,Delhi,32.0,Severe,417,PM2.5,2020,1,2,3,437.0,446.0,349.0,413.6666666666667,414.2857142857143
2020-01-03,Delhi,35.0,Very Poor,352,PM2.5,2020,1,3,4,417.0,387.0,373.0,402.0,411.2857142857143
2020-01-04,Delhi,33.0,Very Poor,334,PM2.5,2020,1,4,5,352.0,437.0,409.0,367.6666666666667,400.57142857142856
2020-01-05,Delhi,33.0,Very Poor,330,PM2.5,2020,1,5,6,334.0,417.0,431.0,338.6666666666667,386.14285714285717
2020-01-06,Delhi,31.0,Very Poor,325,PM2.5,2020,1,6,0,330.0,352.0,446.0,329.6666666666667,368.85714285714283
2020-01-07,Delhi,31.0,Poor,254,PM2.5,2020,1,7,1,325.0,334.0,387.0,303.0,349.85714285714283
2020-01-08,Delhi,33.0,Poor,266,PM2.5,2020,1,8,2,254.0,330.0,437.0,281.6666666666667,325.42857142857144
2020-01-09,Delhi,34.0,Poor,203,PM2.5,2020,1,9,3,266.0,325.0,417.0,241.0,294.85714285714283
2020-01-10,Delhi,34.0,Poor,255,PM2.5,2020,1,10,4,203.0,254.0,352.0,241.33333333333334,281.0
2020-01-11,Delhi,32.0,Poor,288,PM2.5,2020,1,11,5,255.0,266.0,334.0,248.66666666666666,274.42857142857144
2020-01-12,Delhi,27.0,Very Poor,348,PM2.5,2020,1,12,6,288.0,203.0,330.0,297.0,277.0
2020-01-13,Delhi,35.0,Very Poor,366,PM2.5,2020,1,13,0,348.0,255.0,325.0,334.0,282.85714285714283
2020-01-14,Delhi,35.0,Poor,283,PM2.5,2020,1,14,1,366.0,288.0,254.0,332.3333333333333,287.0
2020-01-15,Delhi,34.0,Poor,218,PM2.5,2020,1,15,2,283.0,348.0,266.0,289.0,280.14285714285717
2020-01-16,Delhi,33.0,Poor,281,PM2.5,2020,1,16,3,218.0,366.0,203.0,260.6666666666667,291.2857142857143
2020-01-17,Delhi,30.0,Poor,265,PM2.5,2020,1,17,4,281.0,283.0,255.0,254.66666666666666,292.7142857142857
2020-01-18,Delhi,34.0,Poor,243,PM2.5,2020,1,18,5,265.0,218.0,288.0,263.0,286.2857142857143
2020-01-19,Delhi,33.0,Poor,277,PM2.5,2020,1,19,6,243.0,281.0,348.0,261.6666666666667,276.14285714285717
2020-01-20,Delhi,34.0,Poor,269,PM2.5,2020,1,20,0,277.0,265.0,366.0,263.0,262.2857142857143
2020-01-21,Delhi,34.0,Very Poor,364,PM2.5,2020,1,21,1,269.0,243.0,283.0,303.3333333333333,273.85714285714283
2020-01-22,Delhi,35.0,Very Poor,370,PM2.5,2020,1,22,2,364.0,277.0,218.0,334.3333333333333,295.57142857142856
2020-01-23,Delhi,34.0,Poor,211,PM2.5,2020,1,23,3,370.0,269.0,281.0,315.0,285.57142857142856
2020-01-24,Delhi,32.0,Moderate,151,PM2.5,2020,1,24,4,211.0,364.0,265.0,244.0,269.2857142857143
2020-01-25,Delhi,31.0,Poor,250,PM2.5,2020,1,25,5,151.0,370.0,243.0,204.0,270.2857142857143
2020-01-26,Delhi,35.0,Very Poor,325,PM2.5,2020,1,26,6,250.0,211.0,277.0,242.0,277.14285714285717
2020-01-27,Delhi,34.0,Very Poor,345,PM2.5,2020,1,27,0,325.0,151.0,269.0,306.6666666666667,288.0
2020-01-28,Delhi,35.0,Poor,243,PM2.5,2020,1,28,1,345.0,250.0,364.0,304.3333333333333,270.7142857142857
2020-01-29,Delhi,33.0,Moderate,194,PM2.5,2020,1,29,2,243.0,325.0,370.0,260.6666666666667,245.57142857142858
2020-01-30,Delhi,33.0,Poor,202,"PM10, PM2.5",2020,1,30,3,194.0,345.0,211.0,213.0,244.28571428571428
2020-01-31,Delhi,35.0,Moderate,190,PM2.5,2020,1,31,4,202.0,243.0,151.0,195.33333333333334,249.85714285714286
2020-02-01,Delhi,36.0,Poor,232,PM2.5,2020,2,1,5,190.0,194.0,250.0,208.0,247.28571428571428
2020-02-02,Delhi,34.0,Poor,244,PM2.5,2020,2,2,6,232.0,202.0,325.0,222.0,235.71428571428572
2020-02-03,Delhi,33.0,Poor,270,"PM10, PM2.5",2020,2,3,0,244.0,190.0,345.0,248.66666666666666,225.0
2020-02-04,Delhi,35.0,Very Poor,310,"PM10, PM2.5",2020,2,4,1,270.0,232.0,243.0,274.6666666666667,234.57142857142858
2020-02-05,Delhi,35.0,Very Poor,312,PM2.5,2020,2,5,2,310.0,244.0,194.0,297.3333333333333,251.42857142857142
2020-02-06,Delhi,35.0,Poor,231,PM2.5,2020,2,6,3,312.0,270.0,202.0,284.3333333333333,255.57142857142858
2020-02-07,Delhi,34.0,Poor,295,PM2.5,2020,2,7,4,231.0,310.0,190.0,279.3333333333333,270.57142857142856
2020-02-08,Delhi,34.0,Poor,289,PM2.5,2020,2,8,5,295.0,312.0,232.0,271.6666666666667,278.7142857142857
2020-02-09,Delhi,34.0,Poor,285,PM2.5,2020,2,9,6,289.0,231.0,244.0,289.6666666666667,284.57142857142856
2020-02-10,Delhi,33.0,Very Poor,309,"PM10, PM2.5",2020,2,10,0,285.0,295.0,270.0,294.3333333333333,290.14285714285717
2020-02-11,Delhi,34.0,Very Poor,323,PM2.5,2020,2,11,1,309.0,289.0,310.0,305.6666666666667,292.0
2020-02-12,Delhi,34.0,Very Poor,320,PM2.5,2020,2,12,2,323.0,285.0,312.0,317.3333333333333,293.14285714285717
2020-02-13,Delhi,35.0,Poor,241,PM2.5,2020,2,13,3,320.0,309.0,231.0,294.6666666666667,294.57142857142856
2020-02-14,Delhi,36.0,Moderate,173,"PM10, PM2.5",2020,2,14,4,241.0,323.0,295.0,244.66666666666666,277.14285714285717
2020-02-15,Delhi,33.0,Moderate,167,PM2.5,2020,2,15,5,173.0,320.0,289.0,193.66666666666666,259.7142857142857
2020-02-16,Delhi,35.0,Poor,247,PM2.5,2020,2,16,6,167.0,241.0,285.0,195.66666666666666,254.28571428571428
2020-02-17,Delhi,33.0,Poor,293,"PM10, PM2.5",2020,2,17,0,247.0,173.0,309.0,235.66666666666666,252.0
2020-02-18,Delhi,35.0,Poor,252,"PM10, PM2.5",2020,2,18,1,293.0,167.0,323.0,264.0,241.85714285714286
2020-02-19,Delhi,34.0,Poor,272,"PM10, PM2.5",2020,2,19,2,252.0,247.0,320.0,272.3333333333333,235.0
2020-02-20,Delhi,36.0,Poor,230,"PM10, PM2.5",2020,2,20,3,272.0,293.0,241.0,251.33333333333334,233.42857142857142
2020-02-21,Delhi,34.0,Moderate,144,PM2.5,2020,2,21,4,230.0,252.0,173.0,215.33333333333334,229.28571428571428
2020-02-22,Delhi,30.0,Satisfactory,100,"NO2, O3, PM10",2020,2,22,5,144.0,272.0,167.0,158.0,219.71428571428572
2020-02-23,Delhi,32.0,Poor,225,PM2.5,2020,2,23,6,100.0,230.0,247.0,156.33333333333334,216.57142857142858
2020-02-24,Delhi,31.0,Moderate,142,"O3, PM10, PM2.5",2020,2,24,0,225.0,144.0,293.0,155.66666666666666,195.0
2020-02-25,Delhi,32.0,Poor,249,PM2.5,2020,2,25,1,142.0,100.0,252.0,205.33333333333334,194.57142857142858
2020-02-26,Delhi,35.0,Poor,274,"PM10, PM2.5",2020,2,26,2,249.0,225.0,272.0,221.66666666666666,194.85714285714286
2020-02-27,Delhi,33.0,Poor,233,PM2.5,2020,2,27,3,274.0,142.0,230.0,252.0,195.28571428571428
2020-02-28,Delhi,33.0,Moderate,198,PM2.5,2020,2,28,4,233.0,249.0,144.0,235.0,203.0
2020-02-29,Delhi,33.0,Moderate,135,PM2.5,2020,2,29,5,198.0,274.0,100.0,188.66666666666666,208.0
2020-03-01,Delhi,32.0,Satisfactory,90,"CO, O3, PM10",2020,3,1,6,135.0,233.0,225.0,141.0,188.71428571428572
2020-03-02,Delhi,33.0,Poor,205,"PM10, PM2.5",2020,3,2,0,90.0,198.0,142.0,143.33333333333334,197.71428571428572
2020-03-03,Delhi,32.0,Poor,205,"PM10, PM2.5",2020,3,3,1,205.0,135.0,249.0,166.66666666666666,191.42857142857142
2020-03-04,Delhi,32.0,Moderate,195,"PM10, PM2.5",2020,3,4,2,205.0,90.0,274.0,201.66666666666666,180.14285714285714
2020-03-05,Delhi,32.0,Satisfactory,79,"O3, PM10, PM2.5",2020,3,5,3,195.0,205.0,233.0,159.66666666666666,158.14285714285714
2020-03-06,Delhi,33.0,Satisfactory,64,"NO2, O3, PM10",2020,3,6,4,79.0,205.0,198.0,112.66666666666667,139.0
2020-03-07,Delhi,33.0,Satisfactory,67,"CO, NO2, O3",2020,3,7,5,64.0,195.0,135.0,70.0,129.28571428571428
2020-03-08,Delhi,34.0,Moderate,164,PM2.5,2020,3,8,6,67.0,79.0,90.0,98.33333333333333,139.85714285714286
2020-03-09,Delhi,34.0,Moderate,123,"O3, PM10, PM2.5",2020,3,9,0,164.0,64.0,205.0,118.0,128.14285714285714
2020-03-10,Delhi,35.0,Moderate,188,"PM10, PM2.5",2020,3,10,1,123.0,67.0,205.0,158.33333333333334,125.71428571428571
2020-03-11,Delhi,32.0,Moderate,116,"O3, PM10, PM2.5",2020,3,11,2,188.0,164.0,195.0,142.33333333333334,114.42857142857143
2020-03-12,Delhi,36.0,Moderate,127,"PM10, PM2.5",2020,3,12,3,116.0,123.0,79.0,143.66666666666666,121.28571428571429
2020-03-13,Delhi,36.0,Moderate,173,"PM10, PM2.5",2020,3,13,4,127.0,188.0,64.0,138.66666666666666,136.85714285714286
2020-03-14,Delhi,34.0,Moderate,108,"O3, PM10, PM2.5",2020,3,14,5,173.0,116.0,67.0,136.0,142.71428571428572
2020-03-15,Delhi,34.0,Moderate,131,"NO2, O3, PM2.5",2020,3,15,6,108.0,127.0,164.0,137.33333333333334,138.0
2020-03-16,Delhi,29.0,Moderate,139,"O3, PM10, PM2.5",2020,3,16,0,131.0,173.0,123.0,126.0,140.28571428571428
2020-03-17,Delhi,32.0,Moderate,157,"O3, PM10, PM2.5",2020,3,17,1,139.0,108.0,188.0,142.33333333333334,135.85714285714286
2020-03-18,Delhi,32.0,Moderate,151,"O3, PM10, PM2.5",2020,3,18,2,157.0,131.0,116.0,149.0,140.85714285714286
2020-03-19,Delhi,32.0,Moderate,186,"PM10, PM2.5",2020,3,19,3,151.0,139.0,127.0,164.66666666666666,149.28571428571428
2020-03-20,Delhi,31.0,Moderate,192,"O3, PM10, PM2.5",2020,3,20,4,186.0,157.0,173.0,176.33333333333334,152.0
2020-03-21,Delhi,34.0,Moderate,186,"PM10, PM2.5",2020,3,21,5,192.0,151.0,108.0,188.0,163.14285714285714
2020-03-22,Delhi,34.0,Moderate,191,PM2.5,2020,3,22,6,186.0,186.0,131.0,189.66666666666666,171.71428571428572
2020-03-23,Delhi,34.0,Moderate,124,"O3, PM2.5",2020,3,23,0,191.0,192.0,139.0,167.0,169.57142857142858
2020-03-24,Delhi,34.0,Moderate,122,PM2.5,2020,3,24,1,124.0,186.0,157.0,145.66666666666666,164.57142857142858
2020-03-25,Delhi,29.0,Satisfactory,77,"O3, PM10, PM2.5",2020,3,25,2,122.0,191.0,151.0,107.66666666666667,154.0
2020-03-26,Delhi,27.0,Satisfactory,92,"O3, PM2.5",2020,3,26,3,77.0,124.0,186.0,97.0,140.57142857142858
2020-03-27,Delhi,32.0,Satisfactory,69,"O3, PM2.5",2020,3,27,4,92.0,122.0,192.0,79.33333333333333,123.0
2020-03-28,Delhi,27.0,Good,45,"CO, NO2, O3",2020,3,28,5,69.0,77.0,186.0,68.66666666666667,102.85714285714286
2020-03-29,Delhi,28.0,Satisfactory,62,"NO2, PM10, PM2.5",2020,3,29,6,45.0,92.0,191.0,58.666666666666664,84.42857142857143
2020-03-30,Delhi,31.0,Satisfactory,71,"O3, PM2.5",2020,3,30,0,62.0,69.0,124.0,59.333333333333336,76.85714285714286
2020-03-31,Delhi,31.0,Satisfactory,76,"O3, PM10, PM2.5",2020,3,31,1,71.0,45.0,122.0,69.66666666666667,70.28571428571429
2020-04-01,Delhi,31.0,Satisfactory,73,"CO, PM10, PM2.5",2020,4,1,2,76.0,62.0,77.0,73.33333333333333,69.71428571428571
2020-04-02,Delhi,30.0,Satisfactory,69,"NO2, PM10, PM2.5",2020,4,2,3,73.0,71.0,92.0,72.66666666666667,66.42857142857143
2020-04-03,Delhi,31.0,Satisfactory,79,"O3, PM10, PM2.5",2020,4,3,4,69.0,76.0,69.0,73.66666666666667,67.85714285714286
2020-04-04,Delhi,31.0,Satisfactory,87,"O3, PM10, PM2.5",2020,4,4,5,79.0,73.0,45.0,78.33333333333333,73.85714285714286
2020-04-05,Delhi,30.0,Moderate,102,"O3, PM2.5",2020,4,5,6,87.0,69.0,62.0,89.33333333333333,79.57142857142857
2020-04-06,Delhi,32.0,Moderate,142,PM2.5,2020,4,6,0,102.0,79.0,71.0,110.33333333333333,89.71428571428571
2020-04-07,Delhi,29.0,Satisfactory,90,"NO2, PM10",2020,4,7,1,142.0,87.0,76.0,111.33333333333333,91.71428571428571
2020-04-08,Delhi,31.0,Satisfactory,83,"O3, PM10",2020,4,8,2,90.0,102.0,73.0,105.0,93.14285714285714
2020-04-09,Delhi,33.0,Satisfactory,86,"O3, PM10, PM2.5",2020,4,9,3,83.0,142.0,69.0,86.33333333333333,95.57142857142857
2020-04-10,Delhi,32.0,Moderate,118,"O3, PM2.5",2020,4,10,4,86.0,90.0,79.0,95.66666666666667,101.14285714285714
2020-04-11,Delhi,22.0,Moderate,124,"O3, PM2.5",2020,4,11,5,118.0,83.0,87.0,109.33333333333333,106.42857142857143
2020-04-12,Delhi,32.0,Satisfactory,94,"O3, PM10, PM2.5",2020,4,12,6,124.0,86.0,102.0,112.0,105.28571428571429
2020-04-13,Delhi,32.0,Moderate,126,"PM10, PM2.5",2020,4,13,0,94.0,118.0,142.0,114.66666666666667,103.0
2020-04-14,Delhi,31.0,Moderate,130,"O3, PM10, PM2.5",2020,4,14,1,126.0,124.0,90.0,116.66666666666667,108.71428571428571
2020-04-15,Delhi,27.0,Moderate,155,"CO, PM10",2020,4,15,2,130.0,94.0,83.0,137.0,119.0
2020-04-16,Delhi,28.0,Moderate,180,"PM10, PM2.5",2020,4,16,3,155.0,126.0,86.0,155.0,132.42857142857142
2020-04-17,Delhi,29.0,Moderate,105,"O3, PM10",2020,4,17,4,180.0,130.0,118.0,146.66666666666666,130.57142857142858
2020-04-18,Delhi,31.0,Satisfactory,98,"CO, O3, PM2.5",2020,4,18,5,105.0,155.0,124.0,127.66666666666667,126.85714285714286
2020-04-19,Delhi,27.0,Satisfactory,85,"O3, PM10, PM2.5",2020,4,19,6,98.0,180.0,94.0,96.0,125.57142857142857
2020-04-20,Delhi,28.0,Moderate,119,PM2.5,2020,4,20,0,85.0,105.0,126.0,100.66666666666667,124.57142857142857
2020-04-21,Delhi,28.0,Satisfactory,87,"NO2, O3, PM10",2020,4,21,1,119.0,98.0,130.0,97.0,118.42857142857143
2020-04-22,Delhi,30.0,Moderate,131,"O3, PM2.5",2020,4,22,2,87.0,85.0,155.0,112.33333333333333,115.0
2020-04-23,Delhi,34.0,Moderate,122,"PM10, PM2.5",2020,4,23,3,131.0,119.0,180.0,113.33333333333333,106.71428571428571
2020-04-24,Delhi,32.0,Moderate,139,"O3, PM2.5",2020,4,24,4,122.0,87.0,105.0,130.66666666666666,111.57142857142857
2020-04-25,Delhi,30.0,Satisfactory,98,"O3, PM10",2020,4,25,5,139.0,131.0,98.0,119.66666666666667,111.57142857142857
2020-04-26,Delhi,31.0,Moderate,120,"O3, PM10",2020,4,26,6,98.0,122.0,85.0,119.0,116.57142857142857
2020-04-27,Delhi,32.0,Satisfactory,89,O3,2020,4,27,0,120.0,139.0,119.0,102.33333333333333,112.28571428571429
2020-04-28,Delhi,30.0,Satisfactory,100,O3,2020,4,28,1,89.0,98.0,87.0,103.0,114.14285714285714
2020-04-29,Delhi,28.0,Moderate,125,O3,2020,4,29,2,100.0,120.0,131.0,104.66666666666667,113.28571428571429
2020-04-30,Delhi,28.0,Moderate,138,O3,2020,4,30,3,125.0,89.0,122.0,121.0,115.57142857142857
2020-05-01,Delhi,31.0,Moderate,146,"O3, PM2.5",2020,5,1,4,138.0,100.0,139.0,136.33333333333334,116.57142857142857
2020-05-02,Delhi,31.0,Moderate,112,O3,2020,5,2,5,146.0,125.0,98.0,132.0,118.57142857142857
2020-05-03,Delhi,29.0,Satisfactory,93,"O3, PM10",2020,5,3,6,112.0,138.0,120.0,117.0,114.71428571428571
2020-05-04,Delhi,26.0,Satisfactory,94,"O3, PM10",2020,5,4,0,93.0,146.0,89.0,99.66666666666667,115.42857142857143
2020-05-05,Delhi,28.0,Moderate,119,"O3, PM10",2020,5,5,1,94.0,112.0,100.0,102.0,118.14285714285714
2020-05-06,Delhi,30.0,Moderate,139,"O3, PM10",2020,5,6,2,119.0,93.0,125.0,117.33333333333333,120.14285714285714
2020-05-07,Delhi,29.0,Moderate,127,"O3, PM10",2020,5,7,3,139.0,94.0,138.0,128.33333333333334,118.57142857142857
2020-05-08,Delhi,28.0,Moderate,134,O3,2020,5,8,4,127.0,119.0,146.0,133.33333333333334,116.85714285714286
2020-05-09,Delhi,31.0,Moderate,144,O3,2020,5,9,5,134.0,139.0,112.0,135.0,121.42857142857143
2020-05-10,Delhi,30.0,Moderate,121,"O3, PM10, PM2.5",2020,5,10,6,144.0,127.0,93.0,133.0,125.42857142857143
2020-05-11,Delhi,29.0,Moderate,116,O3,2020,5,11,0,121.0,134.0,94.0,127.0,128.57142857142858
2020-05-12,Delhi,32.0,Moderate,125,O3,2020,5,12,1,116.0,144.0,119.0,120.66666666666667,129.42857142857142
2020-05-13,Delhi,29.0,Moderate,150,"O3, PM2.5",2020,5,13,2,125.0,121.0,139.0,130.33333333333334,131.0
2020-05-14,Delhi,33.0,Moderate,149,"O3, PM2.5",2020,5,14,3,150.0,116.0,127.0,141.33333333333334,134.14285714285714
2020-05-15,Delhi,30.0,Moderate,123,O3,2020,5,15,4,149.0,125.0,134.0,140.66666666666666,132.57142857142858
2020-05-16,Delhi,32.0,Moderate,179,"O3, PM2.5",2020,5,16,5,123.0,150.0,144.0,150.33333333333334,137.57142857142858
2020-05-17,Delhi,33.0,Moderate,200,"O3, PM2.5",2020,5,17,6,179.0,149.0,121.0,167.33333333333334,148.85714285714286
2020-05-18,Delhi,33.0,Poor,206,"O3, PM2.5",2020,5,18,0,200.0,123.0,116.0,195.0,161.71428571428572
2020-05-19,Delhi,32.0,Poor,212,"O3, PM10, PM2.5",2020,5,19,1,206.0,179.0,125.0,206.0,174.14285714285714
2020-05-20,Delhi,30.0,Moderate,166,"O3, PM10, PM2.5",2020,5,20,2,212.0,200.0,150.0,194.66666666666666,176.42857142857142
2020-05-21,Delhi,32.0,Moderate,147,"O3, PM10, PM2.5",2020,5,21,3,166.0,206.0,149.0,175.0,176.14285714285714
2020-05-22,Delhi,30.0,Moderate,199,PM10,2020,5,22,4,147.0,212.0,123.0,170.66666666666666,187.0
2020-05-23,Delhi,29.0,Moderate,181,PM10,2020,5,23,5,199.0,166.0,179.0,175.66666666666666,187.28571428571428
2020-05-24,Delhi,32.0,Moderate,172,"PM10, PM2.5",2020,5,24,6,181.0,147.0,200.0,184.0,183.28571428571428
2020-05-25,Delhi,33.0,Moderate,153,"O3, PM10, PM2.5",2020,5,25,0,172.0,199.0,206.0,168.66666666666666,175.71428571428572
2020-05-26,Delhi,29.0,Moderate,154,"PM10, PM2.5",2020,5,26,1,153.0,181.0,212.0,159.66666666666666,167.42857142857142
2020-05-27,Delhi,35.0,Moderate,156,"O3, PM10",2020,5,27,2,154.0,172.0,166.0,154.33333333333334,166.0
2020-05-28,Delhi,35.0,Moderate,188,"O3, PM10",2020,5,28,3,156.0,153.0,147.0,166.0,171.85714285714286
2020-05-29,Delhi,33.0,Moderate,101,"CO, O3, PM10",2020,5,29,4,188.0,154.0,199.0,148.33333333333334,157.85714285714286
2020-05-30,Delhi,32.0,Satisfactory,78,"CO, O3",2020,5,30,5,101.0,156.0,181.0,122.33333333333333,143.14285714285714
2020-05-31,Delhi,28.0,Satisfactory,72,"CO, O3",2020,5,31,6,78.0,188.0,172.0,83.66666666666667,128.85714285714286
2020-06-01,Delhi,29.0,Moderate,104,O3,2020,6,1,0,72.0,101.0,153.0,84.66666666666667,121.85714285714286
2020-06-02,Delhi,32.0,Moderate,124,"O3, PM2.5",2020,6,2,1,104.0,78.0,154.0,100.0,117.57142857142857
2020-06-03,Delhi,33.0,Moderate,122,"O3, PM2.5",2020,6,3,2,124.0,72.0,156.0,116.66666666666667,112.71428571428571
2020-06-04,Delhi,33.0,Moderate,153,"O3, PM10, PM2.5",2020,6,4,3,122.0,104.0,188.0,133.0,107.71428571428571
2020-06-05,Delhi,34.0,Moderate,111,"O3, PM2.5",2020,6,5,4,153.0,124.0,101.0,128.66666666666666,109.14285714285714
2020-06-06,Delhi,35.0,Moderate,102,"O3, PM2.5",2020,6,6,5,111.0,122.0,78.0,122.0,112.57142857142857
2020-06-07,Delhi,34.0,Moderate,107,"O3, PM2.5",2020,6,7,6,102.0,153.0,72.0,106.66666666666667,117.57142857142857
2020-06-08,Delhi,34.0,Moderate,108,"O3, PM2.5",2020,6,8,0,107.0,111.0,104.0,105.66666666666667,118.14285714285714
2020-06-09,Delhi,35.0,Moderate,139,"O3, PM10, PM2.5",2020,6,9,1,108.0,102.0,124.0,118.0,120.28571428571429
2020-06-10,Delhi,34.0,Moderate,152,"O3, PM10, PM2.5",2020,6,10,2,139.0,107.0,122.0,133.0,124.57142857142857
2020-06-11,Delhi,27.0,Moderate,141,"O3, PM2.5",2020,6,11,3,152.0,108.0,153.0,144.0,122.85714285714286
2020-06-12,Delhi,35.0,Moderate,153,"O3, PM10",2020,6,12,4,141.0,139.0,111.0,148.66666666666666,128.85714285714286
2020-06-13,Delhi,33.0,Moderate,123,"PM10, PM2.5",2020,6,13,5,153.0,152.0,102.0,139.0,131.85714285714286
2020-06-14,Delhi,31.0,Moderate,154,"O3, PM10, PM2.5",2020,6,14,6,123.0,141.0,107.0,143.33333333333334,138.57142857142858
2020-06-15,Delhi,31.0,Moderate,115,"O3, PM10, PM2.5",2020,6,15,0,154.0,153.0,108.0,130.66666666666666,139.57142857142858
2020-06-16,Delhi,33.0,Moderate,118,O3,2020,6,16,1,115.0,123.0,139.0,129.0,136.57142857142858
2020-06-17,Delhi,35.0,Moderate,109,O3,2020,6,17,2,118.0,154.0,152.0,114.0,130.42857142857142
2020-06-18,Delhi,34.0,Satisfactory,95,"O3, PM10, PM2.5",2020,6,18,3,109.0,115.0,141.0,107.33333333333333,123.85714285714286
2020-06-19,Delhi,35.0,Moderate,148,"O3, PM10",2020,6,19,4,95.0,118.0,153.0,117.33333333333333,123.14285714285714
2020-06-20,Delhi,34.0,Moderate,149,"O3, PM10",2020,6,20,5,148.0,109.0,123.0,130.66666666666666,126.85714285714286
2020-06-21,Delhi,33.0,Satisfactory,98,"O3, PM10, PM2.5",2020,6,21,6,149.0,95.0,154.0,131.66666666666666,118.85714285714286
2020-06-22,Delhi,33.0,Satisfactory,92,"CO, O3, PM10",2020,6,22,0,98.0,148.0,115.0,113.0,115.57142857142857
2020-06-23,Delhi,33.0,Satisfactory,76,"CO, PM10",2020,6,23,1,92.0,149.0,118.0,88.66666666666667,109.57142857142857
2020-06-24,Delhi,35.0,Satisfactory,66,"CO, PM10",2020,6,24,2,76.0,98.0,109.0,78.0,103.42857142857143
2020-06-25,Delhi,34.0,Satisfactory,85,"CO, PM10, PM2.5",2020,6,25,3,66.0,92.0,95.0,75.66666666666667,102.0
2020-06-26,Delhi,33.0,Moderate,105,"PM10, PM2.5",2020,6,26,4,85.0,76.0,148.0,85.33333333333333,95.85714285714286
2020-06-27,Delhi,32.0,Moderate,108,"PM10, PM2.5",2020,6,27,5,105.0,66.0,149.0,99.33333333333333,90.0
2020-06-28,Delhi,32.0,Poor,209,PM10,2020,6,28,6,108.0,85.0,98.0,140.66666666666666,105.85714285714286
2020-06-29,Delhi,34.0,Poor,230,PM10,2020,6,29,0,209.0,105.0,92.0,182.33333333333334,125.57142857142857
2020-06-30,Delhi,25.0,Moderate,102,"O3, PM10, PM2.5",2020,6,30,1,230.0,108.0,76.0,180.33333333333334,129.28571428571428
2020-07-01,Delhi,36.0,Moderate,117,"O3, PM10, PM2.5",2020,7,1,2,102.0,209.0,66.0,149.66666666666666,136.57142857142858
2020-07-02,Delhi,33.0,Moderate,127,O3,2020,7,2,3,117.0,230.0,85.0,115.33333333333333,142.57142857142858
2020-07-03,Delhi,34.0,Moderate,156,"O3, PM10, PM2.5",2020,7,3,4,127.0,102.0,105.0,133.33333333333334,149.85714285714286
2020-07-04,Delhi,35.0,Moderate,105,"O3, PM10, PM2.5",2020,7,4,5,156.0,117.0,108.0,129.33333333333334,149.42857142857142
2020-07-05,Delhi,32.0,Satisfactory,90,"O3, PM2.5",2020,7,5,6,105.0,127.0,209.0,117.0,132.42857142857142
2020-07-06,Delhi,31.0,Satisfactory,90,"CO, PM10, PM2.5",2020,7,6,0,90.0,156.0,230.0,95.0,112.42857142857143
2020-07-07,Delhi,36.0,Satisfactory,65,"CO, PM10, PM2.5",2020,7,7,1,90.0,105.0,102.0,81.66666666666667,107.14285714285714
2020-07-08,Delhi,34.0,Satisfactory,51,"CO, PM2.5",2020,7,8,2,65.0,90.0,117.0,68.66666666666667,97.71428571428571
2020-07-09,Delhi,33.0,Satisfactory,78,"O3, PM10, PM2.5",2020,7,9,3,51.0,90.0,127.0,64.66666666666667,90.71428571428571
2020-07-10,Delhi,34.0,Satisfactory,67,"CO, PM10",2020,7,10,4,78.0,65.0,156.0,65.33333333333333,78.0
2020-07-11,Delhi,32.0,Satisfactory,68,"CO, O3, PM10",2020,7,11,5,67.0,51.0,105.0,71.0,72.71428571428571
2020-07-12,Delhi,33.0,Satisfactory,71,"CO, O3, PM10",2020,7,12,6,68.0,78.0,90.0,68.66666666666667,70.0
2020-07-13,Delhi,31.0,Satisfactory,72,"CO, O3, PM2.5",2020,7,13,0,71.0,67.0,90.0,70.33333333333333,67.42857142857143
2020-07-14,Delhi,34.0,Moderate,127,"O3, PM10, PM2.5",2020,7,14,1,72.0,68.0,65.0,90.0,76.28571428571429
2020-07-15,Delhi,34.0,Moderate,124,"O3, PM10",2020,7,15,2,127.0,71.0,51.0,107.66666666666667,86.71428571428571
2020-07-16,Delhi,34.0,Satisfactory,72,"CO, PM10, PM2.5",2020,7,16,3,124.0,72.0,78.0,107.66666666666667,85.85714285714286
2020-07-17,Delhi,33.0,Satisfactory,79,"CO, PM10, PM2.5",2020,7,17,4,72.0,127.0,67.0,91.66666666666667,87.57142857142857
2020-07-18,Delhi,34.0,Satisfactory,92,"CO, PM10, PM2.5",2020,7,18,5,79.0,124.0,68.0,81.0,91.0
2020-07-19,Delhi,28.0,Satisfactory,65,"CO, PM10",2020,7,19,6,92.0,72.0,71.0,78.66666666666667,90.14285714285714
2020-07-20,Delhi,27.0,Satisfactory,60,"CO, O3, PM2.5",2020,7,20,0,65.0,79.0,72.0,72.33333333333333,88.42857142857143
2020-07-21,Delhi,30.0,Satisfactory,61,"CO, O3, PM10",2020,7,21,1,60.0,92.0,127.0,62.0,79.0
2020-07-22,Delhi,30.0,Satisfactory,59,"CO, PM10",2020,7,22,2,61.0,65.0,124.0,60.0,69.71428571428571
2020-07-23,Delhi,33.0,Satisfactory,65,"CO, O3, PM10",2020,7,23,3,59.0,60.0,72.0,61.666666666666664,68.71428571428571
2020-07-24,Delhi,34.0,Satisfactory,100,"CO, PM10, PM2.5",2020,7,24,4,65.0,61.0,79.0,74.66666666666667,71.71428571428571
2020-07-25,Delhi,28.0,Satisfactory,67,"CO, PM10, PM2.5",2020,7,25,5,100.0,59.0,92.0,77.33333333333333,68.14285714285714
2020-07-26,Delhi,31.0,Satisfactory,78,"CO, PM10, PM2.5",2020,7,26,6,67.0,65.0,65.0,81.66666666666667,70.0
2020-07-27,Delhi,29.0,Satisfactory,100,"PM10, PM2.5",2020,7,27,0,78.0,100.0,60.0,81.66666666666667,75.71428571428571
2020-07-28,Delhi,34.0,Satisfactory,72,"CO, PM10",2020,7,28,1,100.0,67.0,61.0,83.33333333333333,77.28571428571429
2020-07-29,Delhi,33.0,Satisfactory,90,"CO, PM10",2020,7,29,2,72.0,78.0,59.0,87.33333333333333,81.71428571428571
2020-07-30,Delhi,32.0,Satisfactory,55,"CO, PM10",2020,7,30,3,90.0,100.0,65.0,72.33333333333333,80.28571428571429
2020-07-31,Delhi,34.0,Satisfactory,75,"CO, PM10, PM2.5",2020,7,31,4,55.0,72.0,100.0,73.33333333333333,76.71428571428571
2020-08-01,Delhi,34.0,Satisfactory,81,"CO, O3, PM10",2020,8,1,5,75.0,90.0,67.0,70.33333333333333,78.71428571428571
2020-08-02,Delhi,33.0,Satisfactory,61,"CO, PM10",2020,8,2,6,81.0,55.0,78.0,72.33333333333333,76.28571428571429
2020-08-03,Delhi,33.0,Satisfactory,67,"CO, PM10",2020,8,3,0,61.0,75.0,100.0,69.66666666666667,71.57142857142857
2020-08-04,Delhi,32.0,Satisfactory,62,"CO, O3, PM10",2020,8,4,1,67.0,81.0,72.0,63.333333333333336,70.14285714285714
2020-08-05,Delhi,34.0,Satisfactory,86,"CO, PM10",2020,8,5,2,62.0,61.0,90.0,71.66666666666667,69.57142857142857
2020-08-06,Delhi,33.0,Satisfactory,69,"CO, PM10",2020,8,6,3,86.0,67.0,55.0,72.33333333333333,71.57142857142857
2020-08-07,Delhi,31.0,Satisfactory,54,"CO, PM10",2020,8,7,4,69.0,62.0,75.0,69.66666666666667,68.57142857142857
2020-08-08,Delhi,33.0,Satisfactory,87,"CO, O3, PM10",2020,8,8,5,54.0,86.0,81.0,70.0,69.42857142857143
2020-08-09,Delhi,33.0,Satisfactory,74,"CO, NO2, PM10",2020,8,9,6,87.0,69.0,61.0,71.66666666666667,71.28571428571429
2020-08-10,Delhi,33.0,Satisfactory,72,"CO, O3, PM10",2020,8,10,0,74.0,54.0,67.0,77.66666666666667,72.0
2020-08-11,Delhi,33.0,Satisfactory,75,"CO, NO2, PM2.5",2020,8,11,1,72.0,87.0,62.0,73.66666666666667,73.85714285714286
2020-08-12,Delhi,33.0,Satisfactory,63,"NO2, PM10, PM2.5",2020,8,12,2,75.0,74.0,86.0,70.0,70.57142857142857
2020-08-13,Delhi,25.0,Good,50,"CO, NO2",2020,8,13,3,63.0,72.0,69.0,62.666666666666664,67.85714285714286
2020-08-14,Delhi,31.0,Satisfactory,58,"CO, O3",2020,8,14,4,50.0,75.0,54.0,57.0,68.42857142857143
2020-08-15,Delhi,32.0,Satisfactory,67,"O3, PM10, PM2.5",2020,8,15,5,58.0,63.0,87.0,58.333333333333336,65.57142857142857
2020-08-16,Delhi,30.0,Satisfactory,52,"CO, O3, PM10",2020,8,16,6,67.0,50.0,74.0,59.0,62.42857142857143
2020-08-17,Delhi,30.0,Satisfactory,66,"CO, PM10",2020,8,17,0,52.0,58.0,72.0,61.666666666666664,61.57142857142857
2020-08-18,Delhi,31.0,Satisfactory,72,"NO2, PM10, PM2.5",2020,8,18,1,66.0,67.0,75.0,63.333333333333336,61.142857142857146
2020-08-19,Delhi,32.0,Satisfactory,57,"CO, NO2",2020,8,19,2,72.0,52.0,63.0,65.0,60.285714285714285
2020-08-20,Delhi,30.0,Good,50,"CO, NO2, PM2.5",2020,8,20,3,57.0,66.0,50.0,59.666666666666664,60.285714285714285
2020-08-21,Delhi,33.0,Satisfactory,57,"CO, PM10, PM2.5",2020,8,21,4,50.0,72.0,58.0,54.666666666666664,60.142857142857146
2020-08-22,Delhi,29.0,Satisfactory,53,"CO, PM10",2020,8,22,5,57.0,57.0,67.0,53.333333333333336,58.142857142857146
2020-08-23,Delhi,26.0,Satisfactory,53,"CO, PM10",2020,8,23,6,53.0,50.0,52.0,54.333333333333336,58.285714285714285
2020-08-24,Delhi,32.0,Good,45,"CO, NO2, PM10",2020,8,24,0,53.0,57.0,66.0,50.333333333333336,55.285714285714285
2020-08-25,Delhi,31.0,Satisfactory,61,"NO2, O3, PM10",2020,8,25,1,45.0,53.0,72.0,53.0,53.714285714285715
2020-08-26,Delhi,35.0,Satisfactory,57,"CO, O3, PM10",2020,8,26,2,61.0,53.0,57.0,54.333333333333336,53.714285714285715
2020-08-27,Delhi,32.0,Satisfactory,64,"CO, PM10",2020,8,27,3,57.0,45.0,50.0,60.666666666666664,55.714285714285715
2020-08-28,Delhi,35.0,Satisfactory,79,"CO, O3, PM10",2020,8,28,4,64.0,61.0,57.0,66.66666666666667,58.857142857142854
2020-08-29,Delhi,35.0,Satisfactory,77,"PM10, PM2.5",2020,8,29,5,79.0,57.0,53.0,73.33333333333333,62.285714285714285
2020-08-30,Delhi,32.0,Satisfactory,70,PM10,2020,8,30,6,77.0,64.0,53.0,75.33333333333333,64.71428571428571
2020-08-31,Delhi,32.0,Good,41,"CO, NO2, PM10",2020,8,31,0,70.0,79.0,45.0,62.666666666666664,64.14285714285714
2020-09-01,Delhi,31.0,Satisfactory,53,"CO, NO2, PM10",2020,9,1,1,41.0,77.0,61.0,54.666666666666664,63.0
2020-09-02,Delhi,32.0,Satisfactory,69,"CO, O3, PM10",2020,9,2,2,53.0,70.0,57.0,54.333333333333336,64.71428571428571
2020-09-03,Delhi,31.0,Satisfactory,84,PM10,2020,9,3,3,69.0,41.0,64.0,68.66666666666667,67.57142857142857
2020-09-04,Delhi,33.0,Satisfactory,82,"CO, PM10",2020,9,4,4,84.0,53.0,79.0,78.33333333333333,68.0
2020-09-05,Delhi,32.0,Moderate,101,"O3, PM10",2020,9,5,5,82.0,69.0,77.0,89.0,71.42857142857143
2020-09-06,Delhi,30.0,Satisfactory,70,"CO, O3",2020,9,6,6,101.0,84.0,70.0,84.33333333333333,71.42857142857143
2020-09-07,Delhi,27.0,Satisfactory,93,"O3, PM10, PM2.5",2020,9,7,0,70.0,82.0,41.0,88.0,78.85714285714286
2020-09-08,Delhi,32.0,Satisfactory,79,"O3, PM10",2020,9,8,1,93.0,101.0,53.0,80.66666666666667,82.57142857142857
2020-09-09,Delhi,33.0,Moderate,105,"PM10, PM2.5",2020,9,9,2,79.0,70.0,69.0,92.33333333333333,87.71428571428571
2020-09-10,Delhi,33.0,Moderate,108,"O3, PM10, PM2.5",2020,9,10,3,105.0,93.0,84.0,97.33333333333333,91.14285714285714
2020-09-11,Delhi,33.0,Moderate,136,"O3, PM10, PM2.5",2020,9,11,4,108.0,79.0,82.0,116.33333333333333,98.85714285714286
2020-09-12,Delhi,35.0,Moderate,144,"O3, PM10",2020,9,12,5,136.0,105.0,101.0,129.33333333333334,105.0
2020-09-13,Delhi,33.0,Moderate,142,"O3, PM10, PM2.5",2020,9,13,6,144.0,108.0,70.0,140.66666666666666,115.28571428571429
2020-09-14,Delhi,34.0,Moderate,152,PM2.5,2020,9,14,0,142.0,136.0,93.0,146.0,123.71428571428571
2020-09-15,Delhi,33.0,Moderate,144,"O3, PM10, PM2.5",2020,9,15,1,152.0,144.0,79.0,146.0,133.0
2020-09-16,Delhi,34.0,Moderate,151,"O3, PM10, PM2.5",2020,9,16,2,144.0,142.0,105.0,149.0,139.57142857142858
2020-09-17,Delhi,35.0,Moderate,120,PM10,2020,9,17,3,151.0,152.0,108.0,138.33333333333334,141.28571428571428
2020-09-18,Delhi,34.0,Moderate,108,PM10,2020,9,18,4,120.0,144.0,136.0,126.33333333333333,137.28571428571428
2020-09-19,Delhi,31.0,Moderate,118,"O3, PM10",2020,9,19,5,108.0,151.0,144.0,115.33333333333333,133.57142857142858
2020-09-20,Delhi,36.0,Moderate,148,"O3, PM2.5",2020,9,20,6,118.0,120.0,142.0,124.66666666666667,134.42857142857142
2020-09-21,Delhi,35.0,Moderate,142,"O3, PM10",2020,9,21,0,148.0,108.0,152.0,136.0,133.0
2020-09-22,Delhi,36.0,Moderate,115,"PM10, PM2.5",2020,9,22,1,142.0,118.0,144.0,135.0,128.85714285714286
2020-09-23,Delhi,34.0,Satisfactory,76,"NO2, PM10",2020,9,23,2,115.0,148.0,151.0,111.0,118.14285714285714
2020-09-24,Delhi,36.0,Moderate,104,"NO2, O3",2020,9,24,3,76.0,142.0,120.0,98.33333333333333,115.85714285714286
2020-09-25,Delhi,35.0,Moderate,134,"O3, PM10",2020,9,25,4,104.0,115.0,108.0,104.66666666666667,119.57142857142857
2020-09-26,Delhi,34.0,Moderate,165,"PM10, PM2.5",2020,9,26,5,134.0,76.0,118.0,134.33333333333334,126.28571428571429
2020-09-27,Delhi,35.0,Moderate,117,"O3, PM10",2020,9,27,6,165.0,104.0,148.0,138.66666666666666,121.85714285714286
2020-09-28,Delhi,34.0,Moderate,159,PM10,2020,9,28,0,117.0,134.0,142.0,147.0,124.28571428571429
2020-09-29,Delhi,35.0,Moderate,177,PM10,2020,9,29,1,159.0,165.0,115.0,151.0,133.14285714285714
2020-09-30,Delhi,34.0,Moderate,156,PM10,2020,9,30,2,177.0,117.0,76.0,164.0,144.57142857142858
2020-10-01,Delhi,35.0,Moderate,152,"O3, PM10",2020,10,1,3,156.0,159.0,104.0,161.66666666666666,151.42857142857142
2020-10-02,Delhi,34.0,Moderate,180,"O3, PM10, PM2.5",2020,10,2,4,152.0,177.0,134.0,162.66666666666666,158.0
2020-10-03,Delhi,33.0,Moderate,189,"O3, PM10, PM2.5",2020,10,3,5,180.0,156.0,165.0,173.66666666666666,161.42857142857142
2020-10-04,Delhi,35.0,Moderate,184,"O3, PM10, PM2.5",2020,10,4,6,189.0,152.0,117.0,184.33333333333334,171.0
2020-10-05,Delhi,34.0,Moderate,179,"O3, PM10",2020,10,5,0,184.0,180.0,159.0,184.0,173.85714285714286
2020-10-06,Delhi,35.0,Moderate,178,PM10,2020,10,6,1,179.0,189.0,177.0,180.33333333333334,174.0
2020-10-07,Delhi,35.0,Poor,215,"PM10, PM2.5",2020,10,7,2,178.0,184.0,156.0,190.66666666666666,182.42857142857142
2020-10-08,Delhi,32.0,Poor,208,"O3, PM10, PM2.5",2020,10,8,3,215.0,179.0,152.0,200.33333333333334,190.42857142857142
2020-10-09,Delhi,33.0,Poor,202,"PM10, PM2.5",2020,10,9,4,208.0,178.0,180.0,208.33333333333334,193.57142857142858
2020-10-10,Delhi,34.0,Poor,221,"PM10, PM2.5",2020,10,10,5,202.0,215.0,189.0,210.33333333333334,198.14285714285714
2020-10-11,Delhi,35.0,Poor,216,"PM10, PM2.5",2020,10,11,6,221.0,208.0,184.0,213.0,202.71428571428572
2020-10-12,Delhi,32.0,Poor,261,"PM10, PM2.5",2020,10,12,0,216.0,202.0,179.0,232.66666666666666,214.42857142857142
2020-10-13,Delhi,34.0,Poor,300,"PM10, PM2.5",2020,10,13,1,261.0,221.0,178.0,259.0,231.85714285714286
2020-10-14,Delhi,33.0,Poor,276,"PM10, PM2.5",2020,10,14,2,300.0,216.0,215.0,279.0,240.57142857142858
2020-10-15,Delhi,34.0,Very Poor,312,"PM10, PM2.5",2020,10,15,3,276.0,261.0,208.0,296.0,255.42857142857142
2020-10-16,Delhi,34.0,Poor,239,"PM10, PM2.5",2020,10,16,4,312.0,300.0,202.0,275.6666666666667,260.7142857142857
2020-10-17,Delhi,36.0,Poor,287,PM10,2020,10,17,5,239.0,276.0,221.0,279.3333333333333,270.14285714285717
2020-10-18,Delhi,35.0,Poor,254,"PM10, PM2.5",2020,10,18,6,287.0,312.0,216.0,260.0,275.57142857142856
2020-10-19,Delhi,36.0,Poor,244,"PM10, PM2.5",2020,10,19,0,254.0,239.0,261.0,261.6666666666667,273.14285714285717
2020-10-20,Delhi,34.0,Poor,223,"PM10, PM2.5",2020,10,20,1,244.0,287.0,300.0,240.33333333333334,262.14285714285717
2020-10-21,Delhi,34.0,Poor,256,PM10,2020,10,21,2,223.0,254.0,276.0,241.0,259.2857142857143
2020-10-22,Delhi,35.0,Poor,296,"PM10, PM2.5",2020,10,22,3,256.0,244.0,312.0,258.3333333333333,257.0
2020-10-23,Delhi,36.0,Very Poor,366,"PM10, PM2.5",2020,10,23,4,296.0,223.0,239.0,306.0,275.14285714285717
2020-10-24,Delhi,34.0,Very Poor,345,"PM10, PM2.5",2020,10,24,5,366.0,256.0,287.0,335.6666666666667,283.42857142857144
2020-10-25,Delhi,35.0,Very Poor,349,"PM10, PM2.5",2020,10,25,6,345.0,296.0,254.0,353.3333333333333,297.0
2020-10-26,Delhi,36.0,Very Poor,353,"PM10, PM2.5",2020,10,26,0,349.0,366.0,244.0,349.0,312.57142857142856
2020-10-27,Delhi,36.0,Very Poor,312,"PM10, PM2.5",2020,10,27,1,353.0,345.0,223.0,338.0,325.2857142857143
2020-10-28,Delhi,36.0,Poor,297,"PM10, PM2.5",2020,10,28,2,312.0,349.0,256.0,320.6666666666667,331.14285714285717
2020-10-29,Delhi,35.0,Very Poor,395,"PM10, PM2.5",2020,10,29,3,297.0,353.0,296.0,334.6666666666667,345.2857142857143
2020-10-30,Delhi,35.0,Very Poor,374,"PM10, PM2.5",2020,10,30,4,395.0,312.0,366.0,355.3333333333333,346.42857142857144
2020-10-31,Delhi,36.0,Very Poor,367,"PM10, PM2.5",2020,10,31,5,374.0,297.0,345.0,378.6666666666667,349.57142857142856
2020-11-01,Delhi,35.0,Very Poor,364,"PM10, PM2.5",2020,11,1,6,367.0,395.0,349.0,368.3333333333333,351.7142857142857
2020-11-02,Delhi,36.0,Poor,293,PM2.5,2020,11,2,0,364.0,374.0,353.0,341.3333333333333,343.14285714285717
2020-11-03,Delhi,33.0,Very Poor,302,"PM10, PM2.5",2020,11,3,1,293.0,367.0,312.0,319.6666666666667,341.7142857142857
2020-11-04,Delhi,35.0,Very Poor,343,PM10,2020,11,4,2,302.0,364.0,297.0,312.6666666666667,348.2857142857143
2020-11-05,Delhi,35.0,Severe,450,PM2.5,2020,11,5,3,343.0,293.0,395.0,365.0,356.14285714285717
2020-11-06,Delhi,35.0,Severe,406,"PM10, PM2.5",2020,11,6,4,450.0,302.0,374.0,399.6666666666667,360.7142857142857
2020-11-07,Delhi,36.0,Severe,427,PM2.5,2020,11,7,5,406.0,343.0,367.0,427.6666666666667,369.2857142857143
2020-11-08,Delhi,35.0,Severe,416,"PM10, PM2.5",2020,11,8,6,427.0,450.0,364.0,416.3333333333333,376.7142857142857
2020-11-09,Delhi,35.0,Severe,477,PM2.5,2020,11,9,0,416.0,406.0,293.0,440.0,403.0
2020-11-10,Delhi,28.0,Severe,476,PM2.5,2020,11,10,1,477.0,427.0,302.0,456.3333333333333,427.85714285714283
2020-11-11,Delhi,34.0,Very Poor,344,"PM10, PM2.5",2020,11,11,2,476.0,416.0,343.0,432.3333333333333,428.0
2020-11-12,Delhi,35.0,Very Poor,314,"PM10, PM2.5",2020,11,12,3,344.0,477.0,450.0,378.0,408.57142857142856
2020-11-13,Delhi,36.0,Very Poor,339,"PM10, PM2.5",2020,11,13,4,314.0,476.0,406.0,332.3333333333333,399.0
2020-11-14,Delhi,37.0,Severe,414,PM2.5,2020,11,14,5,339.0,344.0,427.0,355.6666666666667,397.14285714285717
2020-11-15,Delhi,38.0,Severe,435,PM2.5,2020,11,15,6,414.0,314.0,416.0,396.0,399.85714285714283
2020-11-16,Delhi,35.0,Poor,221,PM2.5,2020,11,16,0,435.0,339.0,477.0,356.6666666666667,363.2857142857143
2020-11-17,Delhi,35.0,Moderate,171,"O3, PM2.5",2020,11,17,1,221.0,414.0,476.0,275.6666666666667,319.7142857142857
2020-11-18,Delhi,37.0,Poor,211,"O3, PM2.5",2020,11,18,2,171.0,435.0,344.0,201.0,300.7142857142857
2020-11-19,Delhi,38.0,Poor,283,PM2.5,2020,11,19,3,211.0,221.0,314.0,221.66666666666666,296.2857142857143
2020-11-20,Delhi,38.0,Poor,296,PM2.5,2020,11,20,4,283.0,171.0,339.0,263.3333333333333,290.14285714285717
2020-11-21,Delhi,34.0,Poor,251,PM2.5,2020,11,21,5,296.0,211.0,414.0,276.6666666666667,266.85714285714283
2020-11-22,Delhi,36.0,Poor,274,PM2.5,2020,11,22,6,251.0,283.0,435.0,273.6666666666667,243.85714285714286
2020-11-23,Delhi,36.0,Poor,295,"PM10, PM2.5",2020,11,23,0,274.0,296.0,221.0,273.3333333333333,254.42857142857142
2020-11-24,Delhi,38.0,Very Poor,379,"PM10, PM2.5",2020,11,24,1,295.0,251.0,171.0,316.0,284.14285714285717
2020-11-25,Delhi,37.0,Severe,413,PM2.5,2020,11,25,2,379.0,274.0,211.0,362.3333333333333,313.0
2020-11-26,Delhi,35.0,Very Poor,302,PM2.5,2020,11,26,3,413.0,295.0,283.0,364.6666666666667,315.7142857142857
2020-11-27,Delhi,35.0,Moderate,137,PM2.5,2020,11,27,4,302.0,379.0,296.0,284.0,293.0
2020-11-28,Delhi,37.0,Poor,231,PM2.5,2020,11,28,5,137.0,413.0,251.0,223.33333333333334,290.14285714285717
2020-11-29,Delhi,35.0,Poor,256,PM2.5,2020,11,29,6,231.0,302.0,274.0,208.0,287.57142857142856
2020-11-30,Delhi,34.0,Very Poor,318,PM2.5,2020,11,30,0,256.0,137.0,295.0,268.3333333333333,290.85714285714283
2020-12-01,Delhi,37.0,Very Poor,367,PM2.5,2020,12,1,1,318.0,231.0,379.0,313.6666666666667,289.14285714285717
2020-12-02,Delhi,38.0,Very Poor,373,PM2.5,2020,12,2,2,367.0,256.0,413.0,352.6666666666667,283.42857142857144
2020-12-03,Delhi,37.0,Very Poor,341,PM2.5,2020,12,3,3,373.0,318.0,302.0,360.3333333333333,289.0
2020-12-04,Delhi,38.0,Very Poor,382,PM2.5,2020,12,4,4,341.0,367.0,137.0,365.3333333333333,324.0
2020-12-05,Delhi,38.0,Severe,404,PM2.5,2020,12,5,5,382.0,373.0,231.0,375.6666666666667,348.7142857142857
2020-12-06,Delhi,38.0,Very Poor,389,PM2.5,2020,12,6,6,404.0,341.0,256.0,391.6666666666667,367.7142857142857
2020-12-07,Delhi,36.0,Very Poor,400,PM2.5,2020,12,7,0,389.0,382.0,318.0,397.6666666666667,379.42857142857144
2020-12-08,Delhi,36.0,Very Poor,383,PM2.5,2020,12,8,1,400.0,404.0,367.0,390.6666666666667,381.7142857142857
2020-12-09,Delhi,36.0,Very Poor,358,PM2.5,2020,12,9,2,383.0,389.0,373.0,380.3333333333333,379.57142857142856
2020-12-10,Delhi,36.0,Poor,284,PM2.5,2020,12,10,3,358.0,400.0,341.0,341.6666666666667,371.42857142857144
2020-12-11,Delhi,35.0,Poor,295,PM2.5,2020,12,11,4,284.0,383.0,382.0,312.3333333333333,359.0
2020-12-12,Delhi,37.0,Very Poor,356,PM2.5,2020,12,12,5,295.0,358.0,404.0,311.6666666666667,352.14285714285717
2020-12-13,Delhi,35.0,Very Poor,305,PM2.5,2020,12,13,6,356.0,284.0,389.0,318.6666666666667,340.14285714285717
2020-12-14,Delhi,38.0,Moderate,160,PM2.5,2020,12,14,0,305.0,295.0,400.0,273.6666666666667,305.85714285714283
2020-12-15,Delhi,37.0,Poor,230,PM2.5,2020,12,15,1,160.0,356.0,383.0,231.66666666666666,284.0
2020-12-16,Delhi,37.0,Poor,262,PM2.5,2020,12,16,2,230.0,305.0,358.0,217.33333333333334,270.2857142857143
2020-12-17,Delhi,35.0,Poor,256,PM2.5,2020,12,17,3,262.0,160.0,284.0,249.33333333333334,266.2857142857143
2020-12-18,Delhi,38.0,Poor,281,PM2.5,2020,12,18,4,256.0,230.0,295.0,266.3333333333333,264.2857142857143
2020-12-19,Delhi,36.0,Poor,290,PM2.5,2020,12,19,5,281.0,262.0,356.0,275.6666666666667,254.85714285714286
2020-12-20,Delhi,34.0,Very Poor,321,PM2.5,2020,12,20,6,290.0,256.0,305.0,297.3333333333333,257.14285714285717
2020-12-21,Delhi,36.0,Very Poor,332,PM2.5,2020,12,21,0,321.0,281.0,160.0,314.3333333333333,281.7142857142857
2020-12-22,Delhi,32.0,Severe,418,PM2.5,2020,12,22,1,332.0,290.0,230.0,357.0,308.57142857142856
2020-12-23,Delhi,37.0,Severe,433,PM2.5,2020,12,23,2,418.0,321.0,262.0,394.3333333333333,333.0
2020-12-24,Delhi,37.0,Severe,423,PM2.5,2020,12,24,3,433.0,332.0,256.0,424.6666666666667,356.85714285714283
2020-12-25,Delhi,38.0,Very Poor,357,PM2.5,2020,12,25,4,423.0,418.0,281.0,404.3333333333333,367.7142857142857
2020-12-26,Delhi,38.0,Very Poor,337,PM2.5,2020,12,26,5,357.0,433.0,290.0,372.3333333333333,374.42857142857144
2020-12-27,Delhi,38.0,Very Poor,396,PM2.5,2020,12,27,6,337.0,423.0,321.0,363.3333333333333,385.14285714285717
2020-12-28,Delhi,36.0,Poor,253,"PM10, PM2.5",2020,12,28,0,396.0,357.0,332.0,328.6666666666667,373.85714285714283
2020-12-29,Delhi,37.0,Poor,265,"PM10, PM2.5",2020,12,29,1,253.0,337.0,418.0,304.6666666666667,352.0
2020-12-30,Delhi,32.0,Poor,290,PM2.5,2020,12,30,2,265.0,396.0,433.0,269.3333333333333,331.57142857142856
2020-12-31,Delhi,37.0,Very Poor,347,PM2.5,2020,12,31,3,290.0,253.0,423.0,300.6666666666667,320.7142857142857
2021-01-01,Delhi,34.0,Severe,441,"PM10, PM2.5",2021,1,1,4,347.0,265.0,357.0,359.3333333333333,332.7142857142857
2021-01-02,Delhi,33.0,Severe,443,PM2.5,2021,1,2,5,441.0,290.0,337.0,410.3333333333333,347.85714285714283
2021-01-03,Delhi,31.0,Very Poor,354,PM2.5,2021,1,3,6,443.0,347.0,396.0,412.6666666666667,341.85714285714283
2021-01-04,Delhi,33.0,Moderate,151,PM2.5,2021,1,4,0,354.0,441.0,253.0,316.0,327.2857142857143
2021-01-05,Delhi,34.0,Moderate,140,"PM10, PM2.5",2021,1,5,1,151.0,443.0,265.0,215.0,309.42857142857144
2021-01-06,Delhi,32.0,Poor,226,PM2.5,2021,1,6,2,140.0,354.0,290.0,172.33333333333334,300.2857142857143
2021-01-07,Delhi,36.0,Poor,255,PM2.5,2021,1,7,3,226.0,151.0,347.0,207.0,287.14285714285717
2021-01-08,Delhi,38.0,Poor,234,PM2.5,2021,1,8,4,255.0,140.0,441.0,238.33333333333334,257.57142857142856
2021-01-09,Delhi,38.0,Very Poor,301,PM2.5,2021,1,9,5,234.0,226.0,443.0,263.3333333333333,237.28571428571428
2021-01-10,Delhi,36.0,Poor,245,PM2.5,2021,1,10,6,301.0,255.0,354.0,260.0,221.71428571428572
2021-01-11,Delhi,36.0,Poor,243,PM2.5,2021,1,11,0,245.0,234.0,151.0,263.0,234.85714285714286
2021-01-12,Delhi,36.0,Poor,293,PM2.5,2021,1,12,1,243.0,301.0,140.0,260.3333333333333,256.7142857142857
2021-01-13,Delhi,37.0,Very Poor,354,"PM10, PM2.5",2021,1,13,2,293.0,245.0,226.0,296.6666666666667,275.0
2021-01-14,Delhi,36.0,Severe,429,PM2.5,2021,1,14,3,354.0,243.0,255.0,358.6666666666667,299.85714285714283
2021-01-15,Delhi,32.0,Severe,460,PM2.5,2021,1,15,4,429.0,293.0,234.0,414.3333333333333,332.14285714285717
2021-01-16,Delhi,35.0,Severe,407,PM2.5,2021,1,16,5,460.0,354.0,301.0,432.0,347.2857142857143
2021-01-17,Delhi,37.0,Very Poor,347,"PM10, PM2.5",2021,1,17,6,407.0,429.0,245.0,404.6666666666667,361.85714285714283
2021-01-18,Delhi,37.0,Very Poor,372,"PM10, PM2.5",2021,1,18,0,347.0,460.0,243.0,375.3333333333333,380.2857142857143
2021-01-19,Delhi,37.0,Severe,404,"PM10, PM2.5",2021,1,19,1,372.0,407.0,293.0,374.3333333333333,396.14285714285717
2021-01-20,Delhi,37.0,Poor,283,"PM10, PM2.5",2021,1,20,2,404.0,347.0,354.0,353.0,386.0
2021-01-21,Delhi,35.0,Poor,296,"PM10, PM2.5",2021,1,21,3,283.0,372.0,429.0,327.6666666666667,367.0
2021-01-22,Delhi,34.0,Very Poor,364,"PM10, PM2.5",2021,1,22,4,296.0,404.0,460.0,314.3333333333333,353.2857142857143
2021-01-23,Delhi,37.0,Very Poor,326,PM2.5,2021,1,23,5,364.0,283.0,407.0,328.6666666666667,341.7142857142857
2021-01-24,Delhi,35.0,Very Poor,364,PM2.5,2021,1,24,6,326.0,296.0,347.0,351.3333333333333,344.14285714285717
2021-01-25,Delhi,35.0,Very Poor,323,PM2.5,2021,1,25,0,364.0,364.0,372.0,337.6666666666667,337.14285714285717
2021-01-26,Delhi,35.0,Very Poor,330,"PM10, PM2.5",2021,1,26,1,323.0,326.0,404.0,339.0,326.57142857142856
2021-01-27,Delhi,25.0,Very Poor,318,"PM10, PM2.5",2021,1,27,2,330.0,364.0,283.0,323.6666666666667,331.57142857142856
2021-01-28,Delhi,35.0,Very Poor,357,"PM10, PM2.5",2021,1,28,3,318.0,323.0,296.0,335.0,340.2857142857143
2021-01-29,Delhi,37.0,Very Poor,387,"PM10, PM2.5",2021,1,29,4,357.0,330.0,364.0,354.0,343.57142857142856
2021-01-30,Delhi,38.0,Very Poor,309,PM2.5,2021,1,30,5,387.0,318.0,326.0,351.0,341.14285714285717
2021-01-31,Delhi,14.0,Poor,289,"PM10, PM2.5",2021,1,31,6,309.0,357.0,364.0,328.3333333333333,330.42857142857144
2021-02-01,Delhi,34.0,Very Poor,352,"PM10, PM2.5",2021,2,1,0,289.0,387.0,323.0,316.6666666666667,334.57142857142856
2021-02-02,Delhi,34.0,Very Poor,364,"PM10, PM2.5",2021,2,2,1,352.0,309.0,330.0,335.0,339.42857142857144
2021-02-03,Delhi,36.0,Very Poor,330,PM2.5,2021,2,3,2,364.0,289.0,318.0,348.6666666666667,341.14285714285717
2021-02-04,Delhi,37.0,Very Poor,316,PM2.5,2021,2,4,3,330.0,352.0,357.0,336.6666666666667,335.2857142857143
2021-02-05,Delhi,25.0,Moderate,133,"O3, PM10, PM2.5",2021,2,5,4,316.0,364.0,387.0,259.6666666666667,299.0
2021-02-06,Delhi,38.0,Moderate,199,"O3, PM2.5",2021,2,6,5,133.0,330.0,309.0,216.0,283.2857142857143
2021-02-07,Delhi,37.0,Poor,232,PM2.5,2021,2,7,6,199.0,316.0,289.0,188.0,275.14285714285717
2021-02-08,Delhi,37.0,Very Poor,303,"PM10, PM2.5",2021,2,8,0,232.0,133.0,352.0,244.66666666666666,268.14285714285717
2021-02-09,Delhi,14.0,Very Poor,305,"PM10, PM2.5",2021,2,9,1,303.0,199.0,364.0,280.0,259.7142857142857
2021-02-10,Delhi,37.0,Poor,291,"PM10, PM2.5",2021,2,10,2,305.0,232.0,330.0,299.6666666666667,254.14285714285714
2021-02-11,Delhi,37.0,Very Poor,330,PM2.5,2021,2,11,3,291.0,303.0,316.0,308.6666666666667,256.14285714285717
2021-02-12,Delhi,38.0,Very Poor,341,PM2.5,2021,2,12,4,330.0,305.0,133.0,320.6666666666667,285.85714285714283
2021-02-13,Delhi,37.0,Very Poor,334,PM2.5,2021,2,13,5,341.0,291.0,199.0,335.0,305.14285714285717
2021-02-14,Delhi,34.0,Very Poor,351,"PM10, PM2.5",2021,2,14,6,334.0,330.0,232.0,342.0,322.14285714285717
2021-02-15,Delhi,31.0,Very Poor,313,"PM10, PM2.5",2021,2,15,0,351.0,341.0,303.0,332.6666666666667,323.57142857142856
2021-02-16,Delhi,37.0,Very Poor,327,"PM10, PM2.5",2021,2,16,1,313.0,334.0,305.0,330.3333333333333,326.7142857142857
2021-02-17,Delhi,36.0,Very Poor,324,"PM10, PM2.5",2021,2,17,2,327.0,351.0,291.0,321.3333333333333,331.42857142857144
2021-02-18,Delhi,34.0,Very Poor,302,"PM10, PM2.5",2021,2,18,3,324.0,313.0,330.0,317.6666666666667,327.42857142857144
2021-02-19,Delhi,37.0,Very Poor,311,"PM10, PM2.5",2021,2,19,4,302.0,327.0,341.0,312.3333333333333,323.14285714285717
2021-02-20,Delhi,36.0,Poor,250,"PM10, PM2.5",2021,2,20,5,311.0,324.0,334.0,287.6666666666667,311.14285714285717
2021-02-21,Delhi,36.0,Poor,296,"PM10, PM2.5",2021,2,21,6,250.0,302.0,351.0,285.6666666666667,303.2857142857143
2021-02-22,Delhi,37.0,Poor,288,"PM10, PM2.5",2021,2,22,0,296.0,311.0,313.0,278.0,299.7142857142857
2021-02-23,Delhi,34.0,Poor,250,"PM10, PM2.5",2021,2,23,1,288.0,250.0,327.0,278.0,288.7142857142857
2021-02-24,Delhi,33.0,Poor,278,PM10,2021,2,24,2,250.0,296.0,324.0,272.0,282.14285714285717
2021-02-25,Delhi,37.0,Poor,298,"PM10, PM2.5",2021,2,25,3,278.0,288.0,302.0,275.3333333333333,281.57142857142856
2021-02-26,Delhi,37.0,Poor,229,"PM10, PM2.5",2021,2,26,4,298.0,250.0,311.0,268.3333333333333,269.85714285714283
2021-02-27,Delhi,37.0,Poor,203,PM10,2021,2,27,5,229.0,278.0,250.0,243.33333333333334,263.14285714285717
2021-02-28,Delhi,38.0,Poor,208,PM10,2021,2,28,6,203.0,298.0,296.0,213.33333333333334,250.57142857142858
2021-03-01,Delhi,36.0,Moderate,177,"PM10, PM2.5",2021,3,1,0,208.0,229.0,288.0,196.0,234.71428571428572
2021-03-02,Delhi,38.0,Moderate,175,"O3, PM10, PM2.5",2021,3,2,1,177.0,203.0,250.0,186.66666666666666,224.0
2021-03-03,Delhi,35.0,Moderate,188,"O3, PM10, PM2.5",2021,3,3,2,175.0,208.0,278.0,180.0,211.14285714285714
2021-03-04,Delhi,36.0,Poor,278,PM10,2021,3,4,3,188.0,177.0,298.0,213.66666666666666,208.28571428571428
2021-03-05,Delhi,30.0,Poor,255,PM10,2021,3,5,4,278.0,175.0,229.0,240.33333333333334,212.0
2021-03-06,Delhi,36.0,Poor,204,"O3, PM10, PM2.5",2021,3,6,5,255.0,188.0,203.0,245.66666666666666,212.14285714285714
2021-03-07,Delhi,36.0,Poor,256,PM10,2021,3,7,6,204.0,278.0,208.0,238.33333333333334,219.0
2021-03-08,Delhi,37.0,Poor,207,"PM10, PM2.5",2021,3,8,0,256.0,255.0,177.0,222.33333333333334,223.28571428571428
2021-03-09,Delhi,36.0,Poor,283,"PM10, PM2.5",2021,3,9,1,207.0,204.0,175.0,248.66666666666666,238.71428571428572
2021-03-10,Delhi,29.0,Moderate,175,"O3, PM10",2021,3,10,2,283.0,256.0,188.0,221.66666666666666,236.85714285714286
2021-03-11,Delhi,31.0,Poor,242,"PM10, PM2.5",2021,3,11,3,175.0,207.0,278.0,233.33333333333334,231.71428571428572
2021-03-12,Delhi,29.0,Poor,218,"PM10, PM2.5",2021,3,12,4,242.0,283.0,255.0,211.66666666666666,226.42857142857142
2021-03-13,Delhi,30.0,Poor,209,"PM10, PM2.5",2021,3,13,5,218.0,175.0,204.0,223.0,227.14285714285714
2021-03-14,Delhi,30.0,Poor,209,"O3, PM10, PM2.5",2021,3,14,6,209.0,242.0,256.0,212.0,220.42857142857142
2021-03-15,Delhi,27.0,Poor,206,"PM10, PM2.5",2021,3,15,0,209.0,218.0,207.0,208.0,220.28571428571428
2021-03-16,Delhi,30.0,Poor,258,PM10,2021,3,16,1,206.0,209.0,283.0,224.33333333333334,216.71428571428572
2021-03-17,Delhi,29.0,Very Poor,311,PM10,2021,3,17,2,258.0,209.0,175.0,258.3333333333333,236.14285714285714
2021-03-18,Delhi,25.0,Very Poor,315,"PM10, PM2.5",2021,3,18,3,311.0,206.0,242.0,294.6666666666667,246.57142857142858
2021-03-19,Delhi,31.0,Poor,279,"PM10, PM2.5",2021,3,19,4,315.0,258.0,218.0,301.6666666666667,255.28571428571428
2021-03-20,Delhi,31.0,Poor,234,"PM10, PM2.5",2021,3,20,5,279.0,311.0,209.0,276.0,258.85714285714283
2021-03-21,Delhi,29.0,Poor,244,"PM10, PM2.5",2021,3,21,6,234.0,315.0,209.0,252.33333333333334,263.85714285714283
2021-03-22,Delhi,31.0,Moderate,196,"PM10, PM2.5",2021,3,22,0,244.0,279.0,206.0,224.66666666666666,262.42857142857144
2021-03-23,Delhi,29.0,Poor,244,PM10,2021,3,23,1,196.0,234.0,258.0,228.0,260.42857142857144
2021-03-24,Delhi,29.0,Moderate,175,PM10,2021,3,24,2,244.0,244.0,311.0,205.0,241.0
2021-03-25,Delhi,32.0,Moderate,148,PM10,2021,3,25,3,175.0,196.0,315.0,189.0,217.14285714285714
2021-03-26,Delhi,31.0,Moderate,150,"PM10, PM2.5",2021,3,26,4,148.0,244.0,279.0,157.66666666666666,198.71428571428572
2021-03-27,Delhi,31.0,Moderate,199,"PM10, PM2.5",2021,3,27,5,150.0,175.0,234.0,165.66666666666666,193.71428571428572
2021-03-28,Delhi,31.0,Poor,233,"PM10, PM2.5",2021,3,28,6,199.0,148.0,244.0,194.0,192.14285714285714
2021-03-29,Delhi,8.0,Poor,225,"PM10, PM2.5",2021,3,29,0,233.0,150.0,196.0,219.0,196.28571428571428
2021-03-30,Delhi,7.0,Poor,232,"PM10, PM2.5",2021,3,30,1,225.0,199.0,244.0,230.0,194.57142857142858
2021-03-31,Delhi,7.0,Poor,203,"PM10, PM2.5",2021,3,31,2,232.0,233.0,175.0,220.0,198.57142857142858
2021-04-01,Delhi,29.0,Moderate,182,"PM10, PM2.5",2021,4,1,3,203.0,225.0,148.0,205.66666666666666,203.42857142857142
2021-04-02,Delhi,32.0,Moderate,176,"PM10, PM2.5",2021,4,2,4,182.0,232.0,150.0,187.0,207.14285714285714
2021-04-03,Delhi,30.0,Moderate,159,"O3, PM10, PM2.5",2021,4,3,5,176.0,203.0,199.0,172.33333333333334,201.42857142857142
2021-04-04,Delhi,31.0,Moderate,171,"PM10, PM2.5",2021,4,4,6,159.0,182.0,233.0,168.66666666666666,192.57142857142858
2021-04-05,Delhi,30.0,Poor,205,"O3, PM10, PM2.5",2021,4,5,0,171.0,176.0,225.0,178.33333333333334,189.71428571428572
2021-04-06,Delhi,30.0,Poor,279,"PM10, PM2.5",2021,4,6,1,205.0,159.0,232.0,218.33333333333334,196.42857142857142
2021-04-07,Delhi,27.0,Poor,250,PM10,2021,4,7,2,279.0,171.0,203.0,244.66666666666666,203.14285714285714
2021-04-08,Delhi,30.0,Moderate,153,"O3, PM10, PM2.5",2021,4,8,3,250.0,205.0,182.0,227.33333333333334,199.0
2021-04-09,Delhi,30.0,Moderate,170,"O3, PM10, PM2.5",2021,4,9,4,153.0,279.0,176.0,191.0,198.14285714285714
2021-04-10,Delhi,29.0,Moderate,181,"PM10, PM2.5",2021,4,10,5,170.0,250.0,159.0,168.0,201.28571428571428
2021-04-11,Delhi,32.0,Moderate,186,"NO2, PM10, PM2.5",2021,4,11,6,181.0,153.0,171.0,179.0,203.42857142857142
2021-04-12,Delhi,31.0,Poor,241,"PM10, PM2.5",2021,4,12,0,186.0,170.0,205.0,202.66666666666666,208.57142857142858
2021-04-13,Delhi,32.0,Poor,231,"PM10, PM2.5",2021,4,13,1,241.0,181.0,279.0,219.33333333333334,201.71428571428572
2021-04-14,Delhi,32.0,Moderate,199,"PM10, PM2.5",2021,4,14,2,231.0,186.0,250.0,223.66666666666666,194.42857142857142
2021-04-15,Delhi,29.0,Poor,220,"PM10, PM2.5",2021,4,15,3,199.0,241.0,153.0,216.66666666666666,204.0
2021-04-16,Delhi,8.0,Poor,238,"PM10, PM2.5",2021,4,16,4,220.0,231.0,170.0,219.0,213.71428571428572
2021-04-17,Delhi,29.0,Moderate,128,"PM10, PM2.5",2021,4,17,5,238.0,199.0,181.0,195.33333333333334,206.14285714285714
2021-04-18,Delhi,26.0,Moderate,154,"O3, PM10",2021,4,18,6,128.0,220.0,186.0,173.33333333333334,201.57142857142858
2021-04-19,Delhi,20.0,Moderate,187,"PM10, PM2.5",2021,4,19,0,154.0,238.0,241.0,156.33333333333334,193.85714285714286
2021-04-20,Delhi,30.0,Moderate,191,"PM10, PM2.5",2021,4,20,1,187.0,128.0,231.0,177.33333333333334,188.14285714285714
2021-04-21,Delhi,27.0,Moderate,134,"O3, PM10",2021,4,21,2,191.0,154.0,199.0,170.66666666666666,178.85714285714286
2021-04-22,Delhi,30.0,Moderate,140,"O3, PM2.5",2021,4,22,3,134.0,187.0,220.0,155.0,167.42857142857142
2021-04-23,Delhi,29.0,Moderate,126,"O3, PM10",2021,4,23,4,140.0,191.0,238.0,133.33333333333334,151.42857142857142
2021-04-24,Delhi,31.0,Moderate,125,"O3, PM10",2021,4,24,5,126.0,134.0,128.0,130.33333333333334,151.0
2021-04-25,Delhi,31.0,Moderate,192,"O3, PM10, PM2.5",2021,4,25,6,125.0,140.0,154.0,147.66666666666666,156.42857142857142
2021-04-26,Delhi,30.0,Poor,256,"PM10, PM2.5",2021,4,26,0,192.0,126.0,187.0,191.0,166.28571428571428
2021-04-27,Delhi,32.0,Poor,284,PM10,2021,4,27,1,256.0,125.0,191.0,244.0,179.57142857142858
2021-04-28,Delhi,28.0,Very Poor,312,PM10,2021,4,28,2,284.0,192.0,134.0,284.0,205.0
2021-04-29,Delhi,25.0,Poor,296,"PM10, PM2.5",2021,4,29,3,312.0,256.0,140.0,297.3333333333333,227.28571428571428
2021-04-30,Delhi,27.0,Poor,287,PM10,2021,4,30,4,296.0,284.0,126.0,298.3333333333333,250.28571428571428
2021-05-01,Delhi,26.0,Poor,238,PM10,2021,5,1,5,287.0,312.0,125.0,273.6666666666667,266.42857142857144
2021-05-02,Delhi,27.0,Moderate,174,"PM10, PM2.5",2021,5,2,6,238.0,296.0,192.0,233.0,263.85714285714283
2021-05-03,Delhi,27.0,Poor,245,PM10,2021,5,3,0,174.0,287.0,256.0,219.0,262.2857142857143
2021-05-04,Delhi,25.0,Moderate,173,"PM10, PM2.5",2021,5,4,1,245.0,238.0,284.0,197.33333333333334,246.42857142857142
2021-05-05,Delhi,31.0,Moderate,175,"O3, PM10",2021,5,5,2,173.0,174.0,312.0,197.66666666666666,226.85714285714286
2021-05-06,Delhi,28.0,Moderate,156,"O3, PM10, PM2.5",2021,5,6,3,175.0,245.0,296.0,168.0,206.85714285714286
2021-05-07,Delhi,26.0,Moderate,142,"O3, PM10",2021,5,7,4,156.0,173.0,287.0,157.66666666666666,186.14285714285714
2021-05-08,Delhi,29.0,Moderate,173,"O3, PM10, PM2.5",2021,5,8,5,142.0,175.0,238.0,157.0,176.85714285714286
2021-05-09,Delhi,30.0,Moderate,166,O3,2021,5,9,6,173.0,156.0,174.0,160.33333333333334,175.71428571428572
2021-05-10,Delhi,24.0,Moderate,136,O3,2021,5,10,0,166.0,142.0,245.0,158.33333333333334,160.14285714285714
2021-05-11,Delhi,28.0,Moderate,151,O3,2021,5,11,1,136.0,173.0,173.0,151.0,157.0
2021-05-12,Delhi,32.0,Moderate,115,"O3, PM10",2021,5,12,2,151.0,166.0,175.0,134.0,148.42857142857142
2021-05-13,Delhi,31.0,Moderate,121,O3,2021,5,13,3,115.0,136.0,156.0,129.0,143.42857142857142
2021-05-14,Delhi,29.0,Moderate,132,"O3, PM2.5",2021,5,14,4,121.0,151.0,142.0,122.66666666666667,142.0
2021-05-15,Delhi,31.0,Moderate,140,"O3, PM10",2021,5,15,5,132.0,115.0,173.0,131.0,137.28571428571428
2021-05-16,Delhi,27.0,Moderate,166,"O3, PM2.5",2021,5,16,6,140.0,121.0,166.0,146.0,137.28571428571428
2021-05-17,Delhi,29.0,Moderate,191,"O3, PM10, PM2.5",2021,5,17,0,166.0,132.0,136.0,165.66666666666666,145.14285714285714
2021-05-18,Delhi,28.0,Satisfactory,93,"O3, PM10",2021,5,18,1,191.0,140.0,151.0,150.0,136.85714285714286
2021-05-19,Delhi,29.0,Satisfactory,78,"NO2, PM10, PM2.5",2021,5,19,2,93.0,166.0,115.0,120.66666666666667,131.57142857142858
2021-05-20,Delhi,20.0,Satisfactory,58,"CO, O3, PM10",2021,5,20,3,78.0,191.0,121.0,76.33333333333333,122.57142857142857
2021-05-21,Delhi,24.0,Satisfactory,85,"NO2, O3, PM2.5",2021,5,21,4,58.0,93.0,132.0,73.66666666666667,115.85714285714286
2021-05-22,Delhi,25.0,Satisfactory,94,"O3, PM10",2021,5,22,5,85.0,78.0,140.0,79.0,109.28571428571429
2021-05-23,Delhi,26.0,Poor,237,"PM10, PM2.5",2021,5,23,6,94.0,58.0,166.0,138.66666666666666,119.42857142857143
2021-05-24,Delhi,27.0,Moderate,169,"O3, PM10, PM2.5",2021,5,24,0,237.0,85.0,191.0,166.66666666666666,116.28571428571429
2021-05-25,Delhi,28.0,Moderate,140,"O3, PM10",2021,5,25,1,169.0,94.0,93.0,182.0,123.0
2021-05-26,Delhi,28.0,Moderate,149,"O3, PM10, PM2.5",2021,5,26,2,140.0,237.0,78.0,152.66666666666666,133.14285714285714
2021-05-27,Delhi,31.0,Moderate,150,"O3, PM10",2021,5,27,3,149.0,169.0,58.0,146.33333333333334,146.28571428571428
2021-05-28,Delhi,7.0,Moderate,106,"PM10, PM2.5",2021,5,28,4,150.0,140.0,85.0,135.0,149.28571428571428
2021-05-29,Delhi,27.0,Satisfactory,87,"O3, PM10, PM2.5",2021,5,29,5,106.0,149.0,94.0,114.33333333333333,148.28571428571428
2021-05-30,Delhi,29.0,Moderate,101,"CO, PM10",2021,5,30,6,87.0,150.0,237.0,98.0,128.85714285714286
2021-05-31,Delhi,30.0,Moderate,135,"O3, PM10",2021,5,31,0,101.0,106.0,169.0,107.66666666666667,124.0
2021-06-01,Delhi,29.0,Moderate,115,"O3, PM10, PM2.5",2021,6,1,1,135.0,87.0,140.0,117.0,120.42857142857143
2021-06-02,Delhi,30.0,Moderate,143,"O3, PM10, PM2.5",2021,6,2,2,115.0,101.0,149.0,131.0,119.57142857142857
2021-06-03,Delhi,30.0,Moderate,159,"O3, PM2.5",2021,6,3,3,143.0,135.0,150.0,139.0,120.85714285714286
2021-06-04,Delhi,29.0,Moderate,196,"O3, PM2.5",2021,6,4,4,159.0,115.0,106.0,166.0,133.71428571428572
2021-06-05,Delhi,25.0,Moderate,124,"O3, PM10, PM2.5",2021,6,5,5,196.0,143.0,87.0,159.66666666666666,139.0
2021-06-06,Delhi,30.0,Moderate,134,"O3, PM10",2021,6,6,6,124.0,159.0,101.0,151.33333333333334,143.71428571428572
2021-06-07,Delhi,30.0,Moderate,180,"O3, PM10, PM2.5",2021,6,7,0,134.0,196.0,135.0,146.0,150.14285714285714
2021-06-08,Delhi,31.0,Poor,205,"PM10, PM2.5",2021,6,8,1,180.0,124.0,115.0,173.0,163.0
2021-06-09,Delhi,31.0,Very Poor,305,PM10,2021,6,9,2,205.0,134.0,143.0,230.0,186.14285714285714
2021-06-10,Delhi,32.0,Poor,221,PM10,2021,6,10,3,305.0,180.0,159.0,243.66666666666666,195.0
2021-06-11,Delhi,29.0,Moderate,145,"O3, PM10, PM2.5",2021,6,11,4,221.0,205.0,196.0,223.66666666666666,187.71428571428572
2021-06-12,Delhi,30.0,Moderate,133,"PM10, PM2.5",2021,6,12,5,145.0,305.0,124.0,166.33333333333334,189.0
2021-06-13,Delhi,29.0,Satisfactory,83,"NO2, O3, PM10",2021,6,13,6,133.0,221.0,134.0,120.33333333333333,181.71428571428572
2021-06-14,Delhi,30.0,Moderate,124,"O3, PM10",2021,6,14,0,83.0,145.0,180.0,113.33333333333333,173.71428571428572
2021-06-15,Delhi,32.0,Moderate,113,"O3, PM10, PM2.5",2021,6,15,1,124.0,133.0,205.0,106.66666666666667,160.57142857142858
2021-06-16,Delhi,32.0,Moderate,115,"O3, PM10, PM2.5",2021,6,16,2,113.0,83.0,305.0,117.33333333333333,133.42857142857142
2021-06-17,Delhi,32.0,Moderate,108,"PM10, PM2.5",2021,6,17,3,115.0,124.0,221.0,112.0,117.28571428571429
2021-06-18,Delhi,34.0,Satisfactory,81,"O3, PM10, PM2.5",2021,6,18,4,108.0,113.0,145.0,101.33333333333333,108.14285714285714
2021-06-19,Delhi,34.0,Satisfactory,70,"NO2, O3, PM10",2021,6,19,5,81.0,115.0,133.0,86.33333333333333,99.14285714285714
2021-06-20,Delhi,33.0,Satisfactory,62,"CO, O3, PM10",2021,6,20,6,70.0,108.0,83.0,71.0,96.14285714285714
2021-06-21,Delhi,34.0,Satisfactory,84,"O3, PM10, PM2.5",2021,6,21,0,62.0,81.0,124.0,72.0,90.42857142857143
2021-06-22,Delhi,35.0,Moderate,127,"O3, PM10, PM2.5",2021,6,22,1,84.0,70.0,113.0,91.0,92.42857142857143
2021-06-23,Delhi,36.0,Poor,218,"O3, PM10",2021,6,23,2,127.0,62.0,115.0,143.0,107.14285714285714
2021-06-24,Delhi,36.0,Moderate,146,"O3, PM10, PM2.5",2021,6,24,3,218.0,84.0,108.0,163.66666666666666,112.57142857142857
2021-06-25,Delhi,33.0,Moderate,163,"O3, PM10, PM2.5",2021,6,25,4,146.0,127.0,81.0,175.66666666666666,124.28571428571429
2021-06-26,Delhi,34.0,Moderate,135,"O3, PM10, PM2.5",2021,6,26,5,163.0,218.0,70.0,148.0,133.57142857142858
2021-06-27,Delhi,35.0,Moderate,168,"O3, PM10, PM2.5",2021,6,27,6,135.0,146.0,62.0,155.33333333333334,148.71428571428572
2021-06-28,Delhi,33.0,Moderate,161,"O3, PM10, PM2.5",2021,6,28,0,168.0,163.0,84.0,154.66666666666666,159.71428571428572
2021-06-29,Delhi,33.0,Moderate,195,"PM10, PM2.5",2021,6,29,1,161.0,135.0,127.0,174.66666666666666,169.42857142857142
2021-06-30,Delhi,32.0,Poor,206,"PM10, PM2.5",2021,6,30,2,195.0,168.0,218.0,187.33333333333334,167.71428571428572
2021-07-01,Delhi,33.0,Poor,266,PM10,2021,7,1,3,206.0,161.0,146.0,222.33333333333334,184.85714285714286
2021-07-02,Delhi,35.0,Poor,245,PM10,2021,7,2,4,266.0,195.0,163.0,239.0,196.57142857142858
2021-07-03,Delhi,28.0,Moderate,139,PM10,2021,7,3,5,245.0,206.0,135.0,216.66666666666666,197.14285714285714
2021-07-04,Delhi,29.0,Moderate,140,"O3, PM10, PM2.5",2021,7,4,6,139.0,266.0,168.0,174.66666666666666,193.14285714285714
2021-07-05,Delhi,35.0,Moderate,149,"O3, PM10, PM2.5",2021,7,5,0,140.0,245.0,161.0,142.66666666666666,191.42857142857142
2021-07-06,Delhi,35.0,Moderate,144,"PM10, PM2.5",2021,7,6,1,149.0,139.0,195.0,144.33333333333334,184.14285714285714
2021-07-07,Delhi,33.0,Moderate,178,"PM10, PM2.5",2021,7,7,2,144.0,140.0,206.0,157.0,180.14285714285714
2021-07-08,Delhi,35.0,Moderate,164,PM10,2021,7,8,3,178.0,149.0,266.0,162.0,165.57142857142858
2021-07-09,Delhi,35.0,Moderate,144,"O3, PM10, PM2.5",2021,7,9,4,164.0,144.0,245.0,162.0,151.14285714285714
2021-07-10,Delhi,34.0,Satisfactory,97,"PM10, PM2.5",2021,7,10,5,144.0,178.0,139.0,135.0,145.14285714285714
2021-07-11,Delhi,30.0,Satisfactory,94,PM10,2021,7,11,6,97.0,164.0,140.0,111.66666666666667,138.57142857142858
2021-07-12,Delhi,30.0,Satisfactory,90,PM10,2021,7,12,0,94.0,144.0,149.0,93.66666666666667,130.14285714285714
2021-07-13,Delhi,11.0,Satisfactory,80,"CO, PM10, PM2.5",2021,7,13,1,90.0,97.0,144.0,88.0,121.0
2021-07-14,Delhi,28.0,Satisfactory,83,"CO, PM10",2021,7,14,2,80.0,94.0,178.0,84.33333333333333,107.42857142857143
2021-07-15,Delhi,33.0,Satisfactory,83,"CO, PM10, PM2.5",2021,7,15,3,83.0,90.0,164.0,82.0,95.85714285714286
2021-07-16,Delhi,37.0,Satisfactory,90,"PM10, PM2.5",2021,7,16,4,83.0,80.0,144.0,85.33333333333333,88.14285714285714
2021-07-17,Delhi,29.0,Moderate,117,"O3, PM10, PM2.5",2021,7,17,5,90.0,83.0,97.0,96.66666666666667,91.0
2021-07-18,Delhi,34.0,Satisfactory,94,"O3, PM10, PM2.5",2021,7,18,6,117.0,83.0,94.0,100.33333333333333,91.0
2021-07-19,Delhi,27.0,Satisfactory,62,"NO2, PM10, PM2.5",2021,7,19,0,94.0,90.0,90.0,91.0,87.0
2021-07-20,Delhi,30.0,Satisfactory,81,"NO2, O3, PM2.5",2021,7,20,1,62.0,117.0,80.0,79.0,87.14285714285714
2021-07-21,Delhi,35.0,Satisfactory,74,"NO2, PM10, PM2.5",2021,7,21,2,81.0,94.0,83.0,72.33333333333333,85.85714285714286
2021-07-22,Delhi,35.0,Satisfactory,83,"NO2, PM10, PM2.5",2021,7,22,3,74.0,62.0,83.0,79.33333333333333,85.85714285714286
2021-07-23,Delhi,35.0,Satisfactory,68,"NO2, PM10, PM2.5",2021,7,23,4,83.0,81.0,90.0,75.0,82.71428571428571
2021-07-24,Delhi,35.0,Satisfactory,99,"PM10, PM2.5",2021,7,24,5,68.0,74.0,117.0,83.33333333333333,80.14285714285714
2021-07-25,Delhi,33.0,Moderate,107,"O3, PM10, PM2.5",2021,7,25,6,99.0,83.0,94.0,91.33333333333333,82.0
2021-07-26,Delhi,34.0,Satisfactory,86,"NO2, O3, PM2.5",2021,7,26,0,107.0,68.0,62.0,97.33333333333333,85.42857142857143
2021-07-27,Delhi,35.0,Satisfactory,98,"NO2, PM10, PM2.5",2021,7,27,1,86.0,99.0,81.0,97.0,87.85714285714286
2021-07-28,Delhi,34.0,Satisfactory,61,"CO, NO2, O3",2021,7,28,2,98.0,107.0,74.0,81.66666666666667,86.0
2021-07-29,Delhi,35.0,Satisfactory,63,"CO, O3, PM10",2021,7,29,3,61.0,86.0,83.0,74.0,83.14285714285714
2021-07-30,Delhi,36.0,Satisfactory,76,"O3, PM10, PM2.5",2021,7,30,4,63.0,98.0,68.0,66.66666666666667,84.28571428571429
2021-07-31,Delhi,36.0,Satisfactory,57,"CO, PM10, PM2.5",2021,7,31,5,76.0,61.0,99.0,65.33333333333333,78.28571428571429
2021-08-01,Delhi,35.0,Satisfactory,81,"O3, PM10, PM2.5",2021,8,1,6,57.0,63.0,107.0,71.33333333333333,74.57142857142857
2021-08-02,Delhi,34.0,Satisfactory,95,"CO, PM10, PM2.5",2021,8,2,0,81.0,76.0,86.0,77.66666666666667,75.85714285714286
2021-08-03,Delhi,38.0,Satisfactory,71,"CO, PM10, PM2.5",2021,8,3,1,95.0,57.0,98.0,82.33333333333333,72.0
2021-08-04,Delhi,36.0,Satisfactory,69,"NO2, PM10, PM2.5",2021,8,4,2,71.0,81.0,61.0,78.33333333333333,73.14285714285714
2021-08-05,Delhi,36.0,Satisfactory,99,"PM10, PM2.5",2021,8,5,3,69.0,95.0,63.0,79.66666666666667,78.28571428571429
2021-08-06,Delhi,36.0,Moderate,104,"PM10, PM2.5",2021,8,6,4,99.0,71.0,76.0,90.66666666666667,82.28571428571429
2021-08-07,Delhi,33.0,Moderate,101,"O3, PM10, PM2.5",2021,8,7,5,104.0,69.0,57.0,101.33333333333333,88.57142857142857
2021-08-08,Delhi,33.0,Moderate,109,"PM10, PM2.5",2021,8,8,6,101.0,99.0,81.0,104.66666666666667,92.57142857142857
2021-08-09,Delhi,36.0,Moderate,101,"O3, PM10, PM2.5",2021,8,9,0,109.0,104.0,95.0,103.66666666666667,93.42857142857143
2021-08-10,Delhi,35.0,Moderate,101,PM10,2021,8,10,1,101.0,101.0,71.0,103.66666666666667,97.71428571428571
2021-08-11,Delhi,36.0,Moderate,122,PM10,2021,8,11,2,101.0,109.0,69.0,108.0,105.28571428571429
2021-08-12,Delhi,33.0,Moderate,114,PM10,2021,8,12,3,122.0,101.0,99.0,112.33333333333333,107.42857142857143
2021-08-13,Delhi,33.0,Moderate,118,PM10,2021,8,13,4,114.0,101.0,104.0,118.0,109.42857142857143
2021-08-14,Delhi,31.0,Moderate,116,PM10,2021,8,14,5,118.0,122.0,101.0,116.0,111.57142857142857
2021-08-15,Delhi,36.0,Moderate,114,PM10,2021,8,15,6,116.0,114.0,109.0,116.0,112.28571428571429
2021-08-16,Delhi,33.0,Moderate,121,PM10,2021,8,16,0,114.0,118.0,101.0,117.0,115.14285714285714
2021-08-17,Delhi,37.0,Moderate,150,PM10,2021,8,17,1,121.0,116.0,101.0,128.33333333333334,122.14285714285714
2021-08-18,Delhi,36.0,Moderate,152,"PM10, PM2.5",2021,8,18,2,150.0,114.0,122.0,141.0,126.42857142857143
2021-08-19,Delhi,37.0,Moderate,167,"PM10, PM2.5",2021,8,19,3,152.0,121.0,114.0,156.33333333333334,134.0
2021-08-20,Delhi,23.0,Moderate,111,"PM10, PM2.5",2021,8,20,4,167.0,150.0,118.0,143.33333333333334,133.0
2021-08-21,Delhi,29.0,Satisfactory,69,"CO, O3, PM10",2021,8,21,5,111.0,152.0,116.0,115.66666666666667,126.28571428571429
2021-08-22,Delhi,30.0,Satisfactory,59,"CO, O3, PM2.5",2021,8,22,6,69.0,167.0,114.0,79.66666666666667,118.42857142857143
2021-08-23,Delhi,34.0,Satisfactory,82,"CO, O3, PM10",2021,8,23,0,59.0,111.0,121.0,70.0,112.85714285714286
2021-08-24,Delhi,34.0,Satisfactory,100,"CO, PM10",2021,8,24,1,82.0,69.0,150.0,80.33333333333333,105.71428571428571
2021-08-25,Delhi,36.0,Moderate,115,PM10,2021,8,25,2,100.0,59.0,152.0,99.0,100.42857142857143
2021-08-26,Delhi,36.0,Moderate,114,"CO, PM10",2021,8,26,3,115.0,82.0,167.0,109.66666666666667,92.85714285714286
2021-08-27,Delhi,38.0,Moderate,134,PM10,2021,8,27,4,114.0,100.0,111.0,121.0,96.14285714285714
2021-08-28,Delhi,36.0,Moderate,147,PM10,2021,8,28,5,134.0,115.0,69.0,131.66666666666666,107.28571428571429
2021-08-29,Delhi,33.0,Moderate,119,"O3, PM10, PM2.5",2021,8,29,6,147.0,114.0,59.0,133.33333333333334,115.85714285714286
2021-08-30,Delhi,35.0,Satisfactory,81,"CO, PM10",2021,8,30,0,119.0,134.0,82.0,115.66666666666667,115.71428571428571
2021-08-31,Delhi,11.0,Satisfactory,73,"CO, PM10, PM2.5",2021,8,31,1,81.0,147.0,100.0,91.0,111.85714285714286
2021-09-01,Delhi,27.0,Satisfactory,64,"CO, PM10, PM2.5",2021,9,1,2,73.0,119.0,115.0,72.66666666666667,104.57142857142857
2021-09-02,Delhi,36.0,Satisfactory,64,"CO, PM10, PM2.5",2021,9,2,3,64.0,81.0,114.0,67.0,97.42857142857143
2021-09-03,Delhi,37.0,Satisfactory,70,"CO, O3, PM2.5",2021,9,3,4,64.0,73.0,134.0,66.0,88.28571428571429
2021-09-04,Delhi,36.0,Satisfactory,68,"CO, PM10, PM2.5",2021,9,4,5,70.0,64.0,147.0,67.33333333333333,77.0
2021-09-05,Delhi,35.0,Satisfactory,88,"CO, PM10",2021,9,5,6,68.0,64.0,119.0,75.33333333333333,72.57142857142857
2021-09-06,Delhi,32.0,Moderate,122,"PM10, PM2.5",2021,9,6,0,88.0,70.0,81.0,92.66666666666667,78.42857142857143
2021-09-07,Delhi,36.0,Satisfactory,98,"CO, PM10, PM2.5",2021,9,7,1,122.0,68.0,73.0,102.66666666666667,82.0
2021-09-08,Delhi,35.0,Satisfactory,70,"CO, O3, PM10",2021,9,8,2,98.0,88.0,64.0,96.66666666666667,82.85714285714286
2021-09-09,Delhi,34.0,Satisfactory,75,"CO, PM10",2021,9,9,3,70.0,122.0,64.0,81.0,84.42857142857143
2021-09-10,Delhi,36.0,Satisfactory,79,"CO, PM10",2021,9,10,4,75.0,98.0,70.0,74.66666666666667,85.71428571428571
2021-09-11,Delhi,37.0,Satisfactory,61,"CO, PM10",2021,9,11,5,79.0,70.0,68.0,71.66666666666667,84.71428571428571
2021-09-12,Delhi,34.0,Satisfactory,60,"CO, O3, PM10",2021,9,12,6,61.0,75.0,88.0,66.66666666666667,80.71428571428571
2021-09-13,Delhi,36.0,Satisfactory,89,"PM10, PM2.5",2021,9,13,0,60.0,79.0,122.0,70.0,76.0
2021-09-14,Delhi,37.0,Satisfactory,69,"CO, PM10",2021,9,14,1,89.0,61.0,98.0,72.66666666666667,71.85714285714286
2021-09-15,Delhi,37.0,Satisfactory,70,"CO, PM10",2021,9,15,2,69.0,60.0,70.0,76.0,71.85714285714286
2021-09-16,Delhi,37.0,Satisfactory,79,"CO, PM10",2021,9,16,3,70.0,89.0,75.0,72.66666666666667,72.42857142857143
2021-09-17,Delhi,36.0,Satisfactory,62,"CO, PM10",2021,9,17,4,79.0,69.0,79.0,70.33333333333333,70.0
2021-09-18,Delhi,37.0,Satisfactory,69,"CO, PM10",2021,9,18,5,62.0,70.0,61.0,70.0,71.14285714285714
2021-09-19,Delhi,36.0,Satisfactory,82,"CO, PM10",2021,9,19,6,69.0,79.0,60.0,71.0,74.28571428571429
2021-09-20,Delhi,36.0,Satisfactory,82,"CO, O3, PM10",2021,9,20,0,82.0,62.0,89.0,77.66666666666667,73.28571428571429
2021-09-21,Delhi,37.0,Satisfactory,83,"CO, PM10",2021,9,21,1,82.0,69.0,69.0,82.33333333333333,75.28571428571429
2021-09-22,Delhi,37.0,Satisfactory,69,"CO, PM10",2021,9,22,2,83.0,82.0,70.0,78.0,75.14285714285714
2021-09-23,Delhi,37.0,Satisfactory,68,"CO, PM10",2021,9,23,3,69.0,82.0,79.0,73.33333333333333,73.57142857142857
2021-09-24,Delhi,37.0,Satisfactory,64,"CO, PM10",2021,9,24,4,68.0,83.0,62.0,67.0,73.85714285714286
2021-09-25,Delhi,36.0,Satisfactory,80,"O3, PM10",2021,9,25,5,64.0,69.0,69.0,70.66666666666667,75.42857142857143
2021-09-26,Delhi,36.0,Satisfactory,75,"CO, PM10",2021,9,26,6,80.0,68.0,82.0,73.0,74.42857142857143
2021-09-27,Delhi,37.0,Moderate,108,"O3, PM10, PM2.5",2021,9,27,0,75.0,64.0,82.0,87.66666666666667,78.14285714285714
2021-09-28,Delhi,35.0,Moderate,120,"PM10, PM2.5",2021,9,28,1,108.0,80.0,83.0,101.0,83.42857142857143
2021-09-29,Delhi,35.0,Satisfactory,81,PM10,2021,9,29,2,120.0,75.0,69.0,103.0,85.14285714285714
2021-09-30,Delhi,38.0,Satisfactory,84,PM10,2021,9,30,3,81.0,108.0,68.0,95.0,87.42857142857143
2021-10-01,Delhi,36.0,Moderate,108,PM10,2021,10,1,4,84.0,120.0,64.0,91.0,93.71428571428571
2021-10-02,Delhi,37.0,Moderate,125,"PM10, PM2.5",2021,10,2,5,108.0,81.0,80.0,105.66666666666667,100.14285714285714
2021-10-03,Delhi,36.0,Moderate,105,PM10,2021,10,3,6,125.0,84.0,75.0,112.66666666666667,104.42857142857143
2021-10-04,Delhi,37.0,Satisfactory,91,"CO, O3, PM10",2021,10,4,0,105.0,108.0,108.0,107.0,102.0
2021-10-05,Delhi,37.0,Moderate,115,"CO, O3, PM10",2021,10,5,1,91.0,125.0,120.0,103.66666666666667,101.28571428571429
2021-10-06,Delhi,37.0,Moderate,114,"PM10, PM2.5",2021,10,6,2,115.0,105.0,81.0,106.66666666666667,106.0
2021-10-07,Delhi,38.0,Moderate,127,"O3, PM10, PM2.5",2021,10,7,3,114.0,91.0,84.0,118.66666666666667,112.14285714285714
2021-10-08,Delhi,25.0,Moderate,167,"O3, PM10, PM2.5",2021,10,8,4,127.0,115.0,108.0,136.0,120.57142857142857
2021-10-09,Delhi,36.0,Moderate,171,"PM10, PM2.5",2021,10,9,5,167.0,114.0,125.0,155.0,127.14285714285714
2021-10-10,Delhi,36.0,Moderate,168,PM10,2021,10,10,6,171.0,127.0,105.0,168.66666666666666,136.14285714285714
2021-10-11,Delhi,35.0,Moderate,166,"PM10, PM2.5",2021,10,11,0,168.0,167.0,91.0,168.33333333333334,146.85714285714286
2021-10-12,Delhi,37.0,Moderate,179,"PM10, PM2.5",2021,10,12,1,166.0,171.0,115.0,171.0,156.0
2021-10-13,Delhi,36.0,Moderate,171,"PM10, PM2.5",2021,10,13,2,179.0,168.0,114.0,172.0,164.14285714285714
2021-10-14,Delhi,36.0,Moderate,182,"PM10, PM2.5",2021,10,14,3,171.0,166.0,127.0,177.33333333333334,172.0
2021-10-15,Delhi,36.0,Moderate,198,"O3, PM10, PM2.5",2021,10,15,4,182.0,179.0,167.0,183.66666666666666,176.42857142857142
2021-10-16,Delhi,36.0,Poor,284,"PM10, PM2.5",2021,10,16,5,198.0,171.0,171.0,221.33333333333334,192.57142857142858
2021-10-17,Delhi,31.0,Poor,298,PM2.5,2021,10,17,6,284.0,182.0,168.0,260.0,211.14285714285714
2021-10-18,Delhi,30.0,Good,46,"CO, PM10",2021,10,18,0,298.0,198.0,166.0,209.33333333333334,194.0
2021-10-19,Delhi,36.0,Satisfactory,69,"CO, PM10, PM2.5",2021,10,19,1,46.0,284.0,179.0,137.66666666666666,178.28571428571428
2021-10-20,Delhi,37.0,Poor,221,"PM10, PM2.5",2021,10,20,2,69.0,298.0,171.0,112.0,185.42857142857142
2021-10-21,Delhi,37.0,Moderate,199,"PM10, PM2.5",2021,10,21,3,221.0,46.0,182.0,163.0,187.85714285714286
2021-10-22,Delhi,35.0,Moderate,170,"PM10, PM2.5",2021,10,22,4,199.0,69.0,198.0,196.66666666666666,183.85714285714286
2021-10-23,Delhi,37.0,Moderate,173,PM10,2021,10,23,5,170.0,221.0,284.0,180.66666666666666,168.0
2021-10-24,Delhi,37.0,Moderate,160,"PM10, PM2.5",2021,10,24,6,173.0,199.0,298.0,167.66666666666666,148.28571428571428
2021-10-25,Delhi,27.0,Satisfactory,82,"O3, PM10, PM2.5",2021,10,25,0,160.0,170.0,46.0,138.33333333333334,153.42857142857142
2021-10-26,Delhi,37.0,Moderate,139,"PM10, PM2.5",2021,10,26,1,82.0,173.0,69.0,127.0,163.42857142857142
2021-10-27,Delhi,37.0,Poor,232,PM10,2021,10,27,2,139.0,160.0,221.0,151.0,165.0
2021-10-28,Delhi,34.0,Poor,268,"PM10, PM2.5",2021,10,28,3,232.0,82.0,199.0,213.0,174.85714285714286
2021-10-29,Delhi,35.0,Poor,283,"PM10, PM2.5",2021,10,29,4,268.0,139.0,170.0,261.0,191.0
2021-10-30,Delhi,35.0,Poor,268,"PM10, PM2.5",2021,10,30,5,283.0,232.0,173.0,273.0,204.57142857142858
2021-10-31,Delhi,36.0,Poor,289,PM10,2021,10,31,6,268.0,268.0,160.0,280.0,223.0
2021-11-01,Delhi,37.0,Poor,281,"PM10, PM2.5",2021,11,1,0,289.0,283.0,82.0,279.3333333333333,251.42857142857142
2021-11-02,Delhi,38.0,Very Poor,303,"PM10, PM2.5",2021,11,2,1,281.0,268.0,139.0,291.0,274.85714285714283
2021-11-03,Delhi,31.0,Very Poor,314,"PM10, PM2.5",2021,11,3,2,303.0,289.0,232.0,299.3333333333333,286.57142857142856
2021-11-04,Delhi,37.0,Very Poor,382,"PM10, PM2.5",2021,11,4,3,314.0,281.0,268.0,333.0,302.85714285714283
2021-11-05,Delhi,35.0,Severe,462,PM2.5,2021,11,5,4,382.0,303.0,283.0,386.0,328.42857142857144
2021-11-06,Delhi,37.0,Severe,437,"PM10, PM2.5",2021,11,6,5,462.0,314.0,268.0,427.0,352.57142857142856
2021-11-07,Delhi,37.0,Severe,428,PM2.5,2021,11,7,6,437.0,382.0,289.0,442.3333333333333,372.42857142857144
2021-11-08,Delhi,37.0,Very Poor,390,"PM10, PM2.5",2021,11,8,0,428.0,462.0,281.0,418.3333333333333,388.0
2021-11-09,Delhi,37.0,Severe,404,"PM10, PM2.5",2021,11,9,1,390.0,437.0,303.0,407.3333333333333,402.42857142857144
2021-11-10,Delhi,35.0,Very Poor,372,"PM10, PM2.5",2021,11,10,2,404.0,428.0,314.0,388.6666666666667,410.7142857142857
2021-11-11,Delhi,36.0,Severe,411,"PM10, PM2.5",2021,11,11,3,372.0,390.0,382.0,395.6666666666667,414.85714285714283
2021-11-12,Delhi,36.0,Severe,471,"PM10, PM2.5",2021,11,12,4,411.0,404.0,462.0,418.0,416.14285714285717
2021-11-13,Delhi,32.0,Severe,437,"PM10, PM2.5",2021,11,13,5,471.0,372.0,437.0,439.6666666666667,416.14285714285717
2021-11-14,Delhi,36.0,Very Poor,330,"PM10, PM2.5",2021,11,14,6,437.0,411.0,428.0,412.6666666666667,402.14285714285717
2021-11-15,Delhi,33.0,Very Poor,353,"PM10, PM2.5",2021,11,15,0,330.0,471.0,390.0,373.3333333333333,396.85714285714283
2021-11-16,Delhi,38.0,Severe,403,"PM10, PM2.5",2021,11,16,1,353.0,437.0,404.0,362.0,396.7142857142857
2021-11-17,Delhi,36.0,Very Poor,375,"PM10, PM2.5",2021,11,17,2,403.0,330.0,372.0,377.0,397.14285714285717
2021-11-18,Delhi,37.0,Very Poor,347,"PM10, PM2.5",2021,11,18,3,375.0,353.0,411.0,375.0,388.0
2021-11-19,Delhi,35.0,Very Poor,380,"PM10, PM2.5",2021,11,19,4,347.0,403.0,471.0,367.3333333333333,375.0
2021-11-20,Delhi,36.0,Very Poor,374,PM2.5,2021,11,20,5,380.0,375.0,437.0,367.0,366.0
2021-11-21,Delhi,36.0,Very Poor,349,"PM10, PM2.5",2021,11,21,6,374.0,347.0,330.0,367.6666666666667,368.7142857142857
2021-11-22,Delhi,32.0,Very Poor,311,"PM10, PM2.5",2021,11,22,0,349.0,380.0,353.0,344.6666666666667,362.7142857142857
2021-11-23,Delhi,37.0,Poor,290,PM2.5,2021,11,23,1,311.0,374.0,403.0,316.6666666666667,346.57142857142856
2021-11-24,Delhi,37.0,Very Poor,361,"PM10, PM2.5",2021,11,24,2,290.0,349.0,375.0,320.6666666666667,344.57142857142856
2021-11-25,Delhi,37.0,Very Poor,400,"PM10, PM2.5",2021,11,25,3,361.0,311.0,347.0,350.3333333333333,352.14285714285717
2021-11-26,Delhi,36.0,Severe,406,"PM10, PM2.5",2021,11,26,4,400.0,290.0,380.0,389.0,355.85714285714283
2021-11-27,Delhi,36.0,Severe,402,"PM10, PM2.5",2021,11,27,5,406.0,361.0,374.0,402.6666666666667,359.85714285714283
2021-11-28,Delhi,33.0,Severe,405,"PM10, PM2.5",2021,11,28,6,402.0,400.0,349.0,404.3333333333333,367.85714285714283
2021-11-29,Delhi,30.0,Very Poor,389,PM2.5,2021,11,29,0,405.0,406.0,311.0,398.6666666666667,379.0
2021-11-30,Delhi,34.0,Very Poor,328,"PM10, PM2.5",2021,11,30,1,389.0,402.0,290.0,374.0,384.42857142857144
2021-12-01,Delhi,38.0,Very Poor,370,"PM10, PM2.5",2021,12,1,2,328.0,405.0,361.0,362.3333333333333,385.7142857142857
2021-12-02,Delhi,36.0,Severe,429,"PM10, PM2.5",2021,12,2,3,370.0,389.0,400.0,375.6666666666667,389.85714285714283
2021-12-03,Delhi,37.0,Very Poor,346,PM2.5,2021,12,3,4,429.0,328.0,406.0,381.6666666666667,381.2857142857143
2021-12-04,Delhi,37.0,Very Poor,362,"PM10, PM2.5",2021,12,4,5,346.0,370.0,402.0,379.0,375.57142857142856
2021-12-05,Delhi,29.0,Very Poor,305,"PM10, PM2.5",2021,12,5,6,362.0,429.0,405.0,337.6666666666667,361.2857142857143
2021-12-06,Delhi,35.0,Very Poor,322,PM2.5,2021,12,6,0,305.0,346.0,389.0,329.6666666666667,351.7142857142857
2021-12-07,Delhi,37.0,Poor,255,"PM10, PM2.5",2021,12,7,1,322.0,362.0,328.0,294.0,341.2857142857143
2021-12-08,Delhi,38.0,Poor,237,"PM10, PM2.5",2021,12,8,2,255.0,305.0,370.0,271.3333333333333,322.2857142857143
2021-12-09,Delhi,37.0,Poor,289,"PM10, PM2.5",2021,12,9,3,237.0,322.0,429.0,260.3333333333333,302.2857142857143
2021-12-10,Delhi,36.0,Very Poor,314,"PM10, PM2.5",2021,12,10,4,289.0,255.0,346.0,280.0,297.7142857142857
2021-12-11,Delhi,31.0,Poor,281,PM2.5,2021,12,11,5,314.0,237.0,362.0,294.6666666666667,286.14285714285717
2021-12-12,Delhi,35.0,Poor,254,PM2.5,2021,12,12,6,281.0,289.0,305.0,283.0,278.85714285714283
2021-12-13,Delhi,37.0,Very Poor,331,PM2.5,2021,12,13,0,254.0,314.0,322.0,288.6666666666667,280.14285714285717
2021-12-14,Delhi,37.0,Very Poor,367,PM2.5,2021,12,14,1,331.0,281.0,255.0,317.3333333333333,296.14285714285717
2021-12-15,Delhi,36.0,Very Poor,363,PM2.5,2021,12,15,2,367.0,254.0,237.0,353.6666666666667,314.14285714285717
2021-12-16,Delhi,35.0,Very Poor,368,"PM10, PM2.5",2021,12,16,3,363.0,331.0,289.0,366.0,325.42857142857144
2021-12-17,Delhi,36.0,Very Poor,329,"PM10, PM2.5",2021,12,17,4,368.0,367.0,314.0,353.3333333333333,327.57142857142856
2021-12-18,Delhi,24.0,Poor,291,PM2.5,2021,12,18,5,329.0,363.0,281.0,329.3333333333333,329.0
2021-12-19,Delhi,35.0,Poor,271,PM2.5,2021,12,19,6,291.0,368.0,254.0,297.0,331.42857142857144
2021-12-20,Delhi,33.0,Very Poor,332,PM2.5,2021,12,20,0,271.0,329.0,331.0,298.0,331.57142857142856
2021-12-21,Delhi,35.0,Severe,402,PM2.5,2021,12,21,1,332.0,291.0,367.0,335.0,336.57142857142856
2021-12-22,Delhi,36.0,Severe,407,PM2.5,2021,12,22,2,402.0,271.0,363.0,380.3333333333333,342.85714285714283
2021-12-23,Delhi,35.0,Severe,423,PM2.5,2021,12,23,3,407.0,332.0,368.0,410.6666666666667,350.7142857142857
2021-12-24,Delhi,36.0,Severe,415,PM2.5,2021,12,24,4,423.0,402.0,329.0,415.0,363.0
2021-12-25,Delhi,37.0,Severe,431,PM2.5,2021,12,25,5,415.0,407.0,291.0,423.0,383.0
2021-12-26,Delhi,35.0,Severe,459,PM2.5,2021,12,26,6,431.0,423.0,271.0,435.0,409.85714285714283
2021-12-27,Delhi,35.0,Poor,283,PM2.5,2021,12,27,0,459.0,415.0,332.0,391.0,402.85714285714283
2021-12-28,Delhi,36.0,Very Poor,305,PM2.5,2021,12,28,1,283.0,431.0,402.0,349.0,389.0
2021-12-29,Delhi,35.0,Poor,267,PM2.5,2021,12,29,2,305.0,459.0,407.0,285.0,369.0
2021-12-30,Delhi,35.0,Poor,286,PM2.5,2021,12,30,3,267.0,283.0,423.0,286.0,349.42857142857144
2021-12-31,Delhi,34.0,Very Poor,321,PM2.5,2021,12,31,4,286.0,305.0,415.0,291.3333333333333,336.0
2022-01-01,Delhi,35.0,Very Poor,362,"PM10, PM2.5",2022,1,1,5,321.0,267.0,431.0,323.0,326.14285714285717
2022-01-02,Delhi,33.0,Severe,404,PM2.5,2022,1,2,6,362.0,286.0,459.0,362.3333333333333,318.2857142857143
2022-01-03,Delhi,35.0,Very Poor,387,PM2.5,2022,1,3,0,404.0,321.0,283.0,384.3333333333333,333.14285714285717
2022-01-04,Delhi,37.0,Very Poor,378,PM2.5,2022,1,4,1,387.0,362.0,305.0,389.6666666666667,343.57142857142856
2022-01-05,Delhi,33.0,Very Poor,397,PM2.5,2022,1,5,2,378.0,404.0,267.0,387.3333333333333,362.14285714285717
2022-01-06,Delhi,29.0,Poor,258,PM2.5,2022,1,6,3,397.0,387.0,286.0,344.3333333333333,358.14285714285717
2022-01-07,Delhi,28.0,Moderate,182,PM2.5,2022,1,7,4,258.0,378.0,321.0,279.0,338.2857142857143
2022-01-08,Delhi,32.0,Satisfactory,91,"CO, PM2.5",2022,1,8,5,182.0,397.0,362.0,177.0,299.57142857142856
2022-01-09,Delhi,29.0,Satisfactory,69,"CO, PM10, PM2.5",2022,1,9,6,91.0,258.0,404.0,114.0,251.71428571428572
2022-01-10,Delhi,33.0,Moderate,151,PM2.5,2022,1,10,0,69.0,182.0,387.0,103.66666666666667,218.0
2022-01-11,Delhi,37.0,Poor,224,PM2.5,2022,1,11,1,151.0,91.0,378.0,148.0,196.0
2022-01-12,Delhi,33.0,Moderate,191,PM2.5,2022,1,12,2,224.0,69.0,397.0,188.66666666666666,166.57142857142858
2022-01-13,Delhi,34.0,Very Poor,321,"PM10, PM2.5",2022,1,13,3,191.0,151.0,258.0,245.33333333333334,175.57142857142858
2022-01-14,Delhi,36.0,Very Poor,348,PM2.5,2022,1,14,4,321.0,224.0,182.0,286.6666666666667,199.28571428571428
2022-01-15,Delhi,35.0,Poor,258,PM2.5,2022,1,15,5,348.0,191.0,91.0,309.0,223.14285714285714
2022-01-16,Delhi,31.0,Poor,264,PM2.5,2022,1,16,6,258.0,321.0,69.0,290.0,251.0
2022-01-17,Delhi,32.0,Very Poor,327,PM2.5,2022,1,17,0,264.0,348.0,151.0,283.0,276.14285714285717
2022-01-18,Delhi,31.0,Very Poor,352,"PM10, PM2.5",2022,1,18,1,327.0,258.0,224.0,314.3333333333333,294.42857142857144
2022-01-19,Delhi,34.0,Very Poor,322,"PM10, PM2.5",2022,1,19,2,352.0,264.0,191.0,333.6666666666667,313.14285714285717
2022-01-20,Delhi,32.0,Very Poor,387,"PM10, PM2.5",2022,1,20,3,322.0,327.0,321.0,353.6666666666667,322.57142857142856
2022-01-21,Delhi,35.0,Very Poor,365,PM2.5,2022,1,21,4,387.0,352.0,348.0,358.0,325.0
2022-01-22,Delhi,36.0,Very Poor,316,PM2.5,2022,1,22,5,365.0,322.0,258.0,356.0,333.2857142857143
2022-01-23,Delhi,29.0,Poor,202,PM2.5,2022,1,23,6,316.0,387.0,264.0,294.3333333333333,324.42857142857144
2022-01-24,Delhi,32.0,Poor,241,PM2.5,2022,1,24,0,202.0,365.0,327.0,253.0,312.14285714285717
2022-01-25,Delhi,36.0,Poor,234,"PM10, PM2.5",2022,1,25,1,241.0,316.0,352.0,225.66666666666666,295.2857142857143
2022-01-26,Delhi,34.0,Poor,260,"PM10, PM2.5",2022,1,26,2,234.0,202.0,322.0,245.0,286.42857142857144
2022-01-27,Delhi,36.0,Poor,262,"PM10, PM2.5",2022,1,27,3,260.0,241.0,387.0,252.0,268.57142857142856
2022-01-28,Delhi,35.0,Poor,215,"PM10, PM2.5",2022,1,28,4,262.0,234.0,365.0,245.66666666666666,247.14285714285714
2022-01-29,Delhi,35.0,Poor,251,"PM10, PM2.5",2022,1,29,5,215.0,260.0,316.0,242.66666666666666,237.85714285714286
2022-01-30,Delhi,36.0,Poor,278,"PM10, PM2.5",2022,1,30,6,251.0,262.0,202.0,248.0,248.71428571428572
2022-01-31,Delhi,32.0,Very Poor,338,"PM10, PM2.5",2022,1,31,0,278.0,215.0,241.0,289.0,262.57142857142856
2022-02-01,Delhi,9.0,Very Poor,346,"PM10, PM2.5",2022,2,1,1,338.0,251.0,234.0,320.6666666666667,278.57142857142856
2022-02-02,Delhi,38.0,Very Poor,319,"PM10, PM2.5",2022,2,2,2,346.0,278.0,260.0,334.3333333333333,287.0
2022-02-03,Delhi,36.0,Very Poor,321,PM2.5,2022,2,3,3,319.0,338.0,262.0,328.6666666666667,295.42857142857144
2022-02-04,Delhi,37.0,Moderate,152,PM2.5,2022,2,4,4,321.0,346.0,215.0,264.0,286.42857142857144
2022-02-05,Delhi,38.0,Poor,224,"PM10, PM2.5",2022,2,5,5,152.0,319.0,251.0,232.33333333333334,282.57142857142856
2022-02-06,Delhi,37.0,Poor,285,PM2.5,2022,2,6,6,224.0,321.0,278.0,220.33333333333334,283.57142857142856
2022-02-07,Delhi,36.0,Poor,250,"PM10, PM2.5",2022,2,7,0,285.0,152.0,338.0,253.0,271.0
2022-02-08,Delhi,37.0,Poor,270,"PM10, PM2.5",2022,2,8,1,250.0,224.0,346.0,268.3333333333333,260.14285714285717
2022-02-09,Delhi,37.0,Poor,227,"PM10, PM2.5",2022,2,9,2,270.0,285.0,319.0,249.0,247.0
2022-02-10,Delhi,37.0,Moderate,172,"PM10, PM2.5",2022,2,10,3,227.0,250.0,321.0,223.0,225.71428571428572
2022-02-11,Delhi,34.0,Moderate,184,"PM10, PM2.5",2022,2,11,4,172.0,270.0,152.0,194.33333333333334,230.28571428571428
2022-02-12,Delhi,37.0,Moderate,191,"PM10, PM2.5",2022,2,12,5,184.0,227.0,224.0,182.33333333333334,225.57142857142858
2022-02-13,Delhi,36.0,Poor,253,"PM10, PM2.5",2022,2,13,6,191.0,172.0,285.0,209.33333333333334,221.0
2022-02-14,Delhi,33.0,Poor,239,"PM10, PM2.5",2022,2,14,0,253.0,184.0,250.0,227.66666666666666,219.42857142857142
2022-02-15,Delhi,37.0,Poor,221,"PM10, PM2.5",2022,2,15,1,239.0,191.0,270.0,237.66666666666666,212.42857142857142
2022-02-16,Delhi,35.0,Poor,272,"PM10, PM2.5",2022,2,16,2,221.0,253.0,227.0,244.0,218.85714285714286
2022-02-17,Delhi,37.0,Poor,241,"PM10, PM2.5",2022,2,17,3,272.0,239.0,172.0,244.66666666666666,228.71428571428572
2022-02-18,Delhi,38.0,Poor,252,PM10,2022,2,18,4,241.0,221.0,184.0,255.0,238.42857142857142
2022-02-19,Delhi,35.0,Moderate,180,"PM10, PM2.5",2022,2,19,5,252.0,272.0,191.0,224.33333333333334,236.85714285714286
2022-02-20,Delhi,34.0,Moderate,173,"PM10, PM2.5",2022,2,20,6,180.0,241.0,253.0,201.66666666666666,225.42857142857142
2022-02-21,Delhi,37.0,Moderate,165,"PM10, PM2.5",2022,2,21,0,173.0,252.0,239.0,172.66666666666666,214.85714285714286
2022-02-22,Delhi,37.0,Poor,252,PM10,2022,2,22,1,165.0,180.0,221.0,196.66666666666666,219.28571428571428
2022-02-23,Delhi,39.0,Poor,211,PM2.5,2022,2,23,2,252.0,173.0,272.0,209.33333333333334,210.57142857142858
2022-02-24,Delhi,32.0,Very Poor,307,PM2.5,2022,2,24,3,211.0,165.0,241.0,256.6666666666667,220.0
2022-02-25,Delhi,35.0,Poor,286,PM2.5,2022,2,25,4,307.0,252.0,252.0,268.0,224.85714285714286
2022-02-26,Delhi,30.0,Moderate,102,"PM10, PM2.5",2022,2,26,5,286.0,211.0,180.0,231.66666666666666,213.71428571428572
2022-02-27,Delhi,33.0,Satisfactory,92,"PM10, PM2.5",2022,2,27,6,102.0,307.0,173.0,160.0,202.14285714285714
2022-02-28,Delhi,32.0,Moderate,107,"O3, PM10, PM2.5",2022,2,28,0,92.0,286.0,165.0,100.33333333333333,193.85714285714286
2022-03-01,Delhi,38.0,Moderate,170,"O3, PM2.5",2022,3,1,1,107.0,102.0,252.0,123.0,182.14285714285714
2022-03-02,Delhi,37.0,Poor,225,PM2.5,2022,3,2,2,170.0,92.0,211.0,167.33333333333334,184.14285714285714
2022-03-03,Delhi,36.0,Moderate,178,"O3, PM10, PM2.5",2022,3,3,3,225.0,107.0,307.0,191.0,165.71428571428572
2022-03-04,Delhi,36.0,Moderate,199,PM2.5,2022,3,4,4,178.0,170.0,286.0,200.66666666666666,153.28571428571428
2022-03-05,Delhi,36.0,Moderate,115,"O3, PM10, PM2.5",2022,3,5,5,199.0,225.0,102.0,164.0,155.14285714285714
2022-03-06,Delhi,34.0,Moderate,162,PM2.5,2022,3,6,6,115.0,178.0,92.0,158.66666666666666,165.14285714285714
2022-03-07,Delhi,34.0,Poor,237,"PM10, PM2.5",2022,3,7,0,162.0,199.0,107.0,171.33333333333334,183.71428571428572
2022-03-08,Delhi,37.0,Poor,283,"PM10, PM2.5",2022,3,8,1,237.0,115.0,170.0,227.33333333333334,199.85714285714286
2022-03-09,Delhi,36.0,Moderate,162,"PM10, PM2.5",2022,3,9,2,283.0,162.0,225.0,227.33333333333334,190.85714285714286
2022-03-10,Delhi,38.0,Moderate,150,"PM10, PM2.5",2022,3,10,3,162.0,237.0,178.0,198.33333333333334,186.85714285714286
2022-03-11,Delhi,38.0,Moderate,164,"PM10, PM2.5",2022,3,11,4,150.0,283.0,199.0,158.66666666666666,181.85714285714286
2022-03-12,Delhi,35.0,Moderate,160,"PM10, PM2.5",2022,3,12,5,164.0,162.0,115.0,158.0,188.28571428571428
2022-03-13,Delhi,36.0,Moderate,193,"PM10, PM2.5",2022,3,13,6,160.0,150.0,162.0,172.33333333333334,192.71428571428572
2022-03-14,Delhi,36.0,Poor,231,"PM10, PM2.5",2022,3,14,0,193.0,164.0,237.0,194.66666666666666,191.85714285714286
2022-03-15,Delhi,37.0,Poor,253,"PM10, PM2.5",2022,3,15,1,231.0,160.0,283.0,225.66666666666666,187.57142857142858
2022-03-16,Delhi,38.0,Poor,218,"PM10, PM2.5",2022,3,16,2,253.0,193.0,162.0,234.0,195.57142857142858
2022-03-17,Delhi,36.0,Poor,218,"PM10, PM2.5",2022,3,17,3,218.0,231.0,150.0,229.66666666666666,205.28571428571428
2022-03-18,Delhi,38.0,Poor,293,PM2.5,2022,3,18,4,218.0,253.0,164.0,243.0,223.71428571428572
2022-03-19,Delhi,37.0,Poor,231,PM2.5,2022,3,19,5,293.0,218.0,160.0,247.33333333333334,233.85714285714286
2022-03-20,Delhi,38.0,Poor,242,"PM10, PM2.5",2022,3,20,6,231.0,218.0,193.0,255.33333333333334,240.85714285714286
2022-03-21,Delhi,35.0,Poor,271,PM10,2022,3,21,0,242.0,293.0,231.0,248.0,246.57142857142858
2022-03-22,Delhi,38.0,Moderate,180,PM2.5,2022,3,22,1,271.0,231.0,253.0,231.0,236.14285714285714
2022-03-23,Delhi,37.0,Poor,206,"PM10, PM2.5",2022,3,23,2,180.0,242.0,218.0,219.0,234.42857142857142
2022-03-24,Delhi,37.0,Poor,280,PM10,2022,3,24,3,206.0,271.0,218.0,222.0,243.28571428571428
2022-03-25,Delhi,38.0,Poor,211,"PM10, PM2.5",2022,3,25,4,280.0,180.0,293.0,232.33333333333334,231.57142857142858
2022-03-26,Delhi,36.0,Poor,207,"PM10, PM2.5",2022,3,26,5,211.0,206.0,231.0,232.66666666666666,228.14285714285714
2022-03-27,Delhi,34.0,Moderate,195,"PM10, PM2.5",2022,3,27,6,207.0,280.0,242.0,204.33333333333334,221.42857142857142
2022-03-28,Delhi,34.0,Poor,251,PM10,2022,3,28,0,195.0,211.0,271.0,217.66666666666666,218.57142857142858
2022-03-29,Delhi,31.0,Poor,274,"PM10, PM2.5",2022,3,29,1,251.0,207.0,180.0,240.0,232.0
2022-03-30,Delhi,37.0,Poor,276,"NO2, PM10",2022,3,30,2,274.0,195.0,206.0,267.0,242.0
2022-03-31,Delhi,32.0,Poor,298,"NO2, PM10",2022,3,31,3,276.0,251.0,280.0,282.6666666666667,244.57142857142858
2022-04-01,Delhi,36.0,Poor,218,"NO2, PM10, PM2.5",2022,4,1,4,298.0,274.0,211.0,264.0,245.57142857142858
2022-04-02,Delhi,37.0,Poor,226,"NO2, PM10, PM2.5",2022,4,2,5,218.0,276.0,207.0,247.33333333333334,248.28571428571428
2022-04-03,Delhi,36.0,Poor,245,"PM10, PM2.5",2022,4,3,6,226.0,298.0,195.0,229.66666666666666,255.42857142857142
2022-04-04,Delhi,37.0,Poor,262,PM10,2022,4,4,0,245.0,218.0,251.0,244.33333333333334,257.0
2022-04-05,Delhi,38.0,Poor,233,"PM10, PM2.5",2022,4,5,1,262.0,226.0,274.0,246.66666666666666,251.14285714285714
2022-04-06,Delhi,35.0,Poor,248,"PM10, PM2.5",2022,4,6,2,233.0,245.0,276.0,247.66666666666666,247.14285714285714
2022-04-07,Delhi,34.0,Poor,264,"PM10, PM2.5",2022,4,7,3,248.0,262.0,298.0,248.33333333333334,242.28571428571428
2022-04-08,Delhi,36.0,Poor,242,PM10,2022,4,8,4,264.0,233.0,218.0,251.33333333333334,245.71428571428572
2022-04-09,Delhi,31.0,Poor,261,"PM10, PM2.5",2022,4,9,5,242.0,248.0,226.0,255.66666666666666,250.71428571428572
2022-04-10,Delhi,13.0,Poor,244,"PM10, PM2.5",2022,4,10,6,261.0,264.0,245.0,249.0,250.57142857142858
2022-04-11,Delhi,36.0,Poor,258,"PM10, PM2.5",2022,4,11,0,244.0,242.0,262.0,254.33333333333334,250.0
2022-04-12,Delhi,37.0,Poor,229,PM10,2022,4,12,1,258.0,261.0,233.0,243.66666666666666,249.42857142857142
2022-04-13,Delhi,34.0,Poor,286,PM10,2022,4,13,2,229.0,244.0,248.0,257.6666666666667,254.85714285714286
2022-04-14,Delhi,39.0,Poor,280,PM10,2022,4,14,3,286.0,258.0,264.0,265.0,257.14285714285717
2022-04-15,Delhi,36.0,Poor,201,"O3, PM10",2022,4,15,4,280.0,229.0,242.0,255.66666666666666,251.28571428571428
2022-04-16,Delhi,34.0,Poor,253,PM10,2022,4,16,5,201.0,286.0,261.0,244.66666666666666,250.14285714285714
2022-04-17,Delhi,38.0,Poor,251,PM10,2022,4,17,6,253.0,280.0,244.0,235.0,251.14285714285714
2022-04-18,Delhi,37.0,Poor,257,PM10,2022,4,18,0,251.0,201.0,258.0,253.66666666666666,251.0
2022-04-19,Delhi,35.0,Very Poor,317,PM10,2022,4,19,1,257.0,253.0,229.0,275.0,263.57142857142856
2022-04-20,Delhi,31.0,Poor,277,PM10,2022,4,20,2,317.0,251.0,286.0,283.6666666666667,262.2857142857143
2022-04-21,Delhi,35.0,Poor,296,PM10,2022,4,21,3,277.0,257.0,280.0,296.6666666666667,264.57142857142856
2022-04-22,Delhi,38.0,Poor,204,"O3, PM10, PM2.5",2022,4,22,4,296.0,317.0,201.0,259.0,265.0
2022-04-23,Delhi,35.0,Poor,245,PM10,2022,4,23,5,204.0,277.0,253.0,248.33333333333334,263.85714285714283
2022-04-24,Delhi,37.0,Poor,261,PM10,2022,4,24,6,245.0,296.0,251.0,236.66666666666666,265.2857142857143
2022-04-25,Delhi,38.0,Poor,244,"PM10, PM2.5",2022,4,25,0,261.0,204.0,257.0,250.0,263.42857142857144
2022-04-26,Delhi,37.0,Poor,209,"PM10, PM2.5",2022,4,26,1,244.0,245.0,317.0,238.0,248.0
2022-04-27,Delhi,35.0,Poor,287,"PM10, PM2.5",2022,4,27,2,209.0,261.0,277.0,246.66666666666666,249.42857142857142
2022-04-28,Delhi,36.0,Poor,295,PM10,2022,4,28,3,287.0,244.0,296.0,263.6666666666667,249.28571428571428
2022-04-29,Delhi,33.0,Poor,299,PM10,2022,4,29,4,295.0,209.0,204.0,293.6666666666667,262.85714285714283
2022-04-30,Delhi,36.0,Poor,270,PM10,2022,4,30,5,299.0,287.0,245.0,288.0,266.42857142857144
2022-05-01,Delhi,36.0,Poor,256,PM10,2022,5,1,6,270.0,295.0,261.0,275.0,265.7142857142857
2022-05-02,Delhi,36.0,Poor,218,"PM10, PM2.5",2022,5,2,0,256.0,299.0,244.0,248.0,262.0
2022-05-03,Delhi,36.0,Poor,227,"O3, PM10, PM2.5",2022,5,3,1,218.0,270.0,209.0,233.66666666666666,264.57142857142856
2022-05-04,Delhi,33.0,Poor,269,"PM10, PM2.5",2022,5,4,2,227.0,256.0,287.0,238.0,262.0
2022-05-05,Delhi,34.0,Moderate,146,"O3, PM10",2022,5,5,3,269.0,218.0,295.0,214.0,240.71428571428572
2022-05-06,Delhi,36.0,Poor,273,"PM10, PM2.5",2022,5,6,4,146.0,227.0,299.0,229.33333333333334,237.0
2022-05-07,Delhi,36.0,Poor,206,"O3, PM10",2022,5,7,5,273.0,269.0,270.0,208.33333333333334,227.85714285714286
2022-05-08,Delhi,34.0,Poor,205,"O3, PM10, PM2.5",2022,5,8,6,206.0,146.0,256.0,228.0,220.57142857142858
2022-05-09,Delhi,32.0,Moderate,171,"O3, PM10, PM2.5",2022,5,9,0,205.0,273.0,218.0,194.0,213.85714285714286
2022-05-10,Delhi,36.0,Moderate,160,"O3, PM2.5",2022,5,10,1,171.0,206.0,227.0,178.66666666666666,204.28571428571428
2022-05-11,Delhi,38.0,Moderate,156,"O3, PM2.5",2022,5,11,2,160.0,205.0,269.0,162.33333333333334,188.14285714285714
2022-05-12,Delhi,37.0,Moderate,164,"O3, PM2.5",2022,5,12,3,156.0,171.0,146.0,160.0,190.71428571428572
2022-05-13,Delhi,36.0,Moderate,176,"O3, PM10, PM2.5",2022,5,13,4,164.0,160.0,273.0,165.33333333333334,176.85714285714286
2022-05-14,Delhi,29.0,Poor,270,"PM10, PM2.5",2022,5,14,5,176.0,156.0,206.0,203.33333333333334,186.0
2022-05-15,Delhi,32.0,Poor,242,"PM10, PM2.5",2022,5,15,6,270.0,164.0,205.0,229.33333333333334,191.28571428571428
2022-05-16,Delhi,31.0,Poor,297,PM10,2022,5,16,0,242.0,176.0,171.0,269.6666666666667,209.28571428571428
2022-05-17,Delhi,33.0,Poor,239,"PM10, PM2.5",2022,5,17,1,297.0,270.0,160.0,259.3333333333333,220.57142857142858
2022-05-18,Delhi,30.0,Poor,251,"PM10, PM2.5",2022,5,18,2,239.0,242.0,156.0,262.3333333333333,234.14285714285714
2022-05-19,Delhi,38.0,Poor,202,"O3, PM10, PM2.5",2022,5,19,3,251.0,297.0,164.0,230.66666666666666,239.57142857142858
2022-05-20,Delhi,35.0,Poor,266,PM10,2022,5,20,4,202.0,239.0,176.0,239.66666666666666,252.42857142857142
2022-05-21,Delhi,37.0,Poor,285,"PM10, PM2.5",2022,5,21,5,266.0,251.0,270.0,251.0,254.57142857142858
2022-05-22,Delhi,34.0,Poor,203,"O3, PM10, PM2.5",2022,5,22,6,285.0,202.0,242.0,251.33333333333334,249.0
2022-05-23,Delhi,33.0,Moderate,136,"PM10, PM2.5",2022,5,23,0,203.0,266.0,297.0,208.0,226.0
2022-05-24,Delhi,30.0,Satisfactory,89,"CO, O3, PM2.5",2022,5,24,1,136.0,285.0,239.0,142.66666666666666,204.57142857142858
2022-05-25,Delhi,31.0,Moderate,166,"O3, PM10, PM2.5",2022,5,25,2,89.0,203.0,251.0,130.33333333333334,192.42857142857142
2022-05-26,Delhi,34.0,Moderate,199,"O3, PM10, PM2.5",2022,5,26,3,166.0,136.0,202.0,151.33333333333334,192.0
2022-05-27,Delhi,39.0,Poor,206,"PM10, PM2.5",2022,5,27,4,199.0,89.0,266.0,190.33333333333334,183.42857142857142
2022-05-28,Delhi,15.0,Poor,210,PM10,2022,5,28,5,206.0,166.0,285.0,205.0,172.71428571428572
2022-05-29,Delhi,38.0,Poor,273,"PM10, PM2.5",2022,5,29,6,210.0,199.0,203.0,229.66666666666666,182.71428571428572
2022-05-30,Delhi,37.0,Poor,201,"O3, PM10, PM2.5",2022,5,30,0,273.0,206.0,136.0,228.0,192.0
2022-05-31,Delhi,31.0,Poor,215,"PM10, PM2.5",2022,5,31,1,201.0,210.0,89.0,229.66666666666666,210.0
2022-06-01,Delhi,37.0,Very Poor,322,PM10,2022,6,1,2,215.0,273.0,166.0,246.0,232.28571428571428
2022-06-02,Delhi,35.0,Poor,202,"O3, PM10, PM2.5",2022,6,2,3,322.0,201.0,199.0,246.33333333333334,232.71428571428572
2022-06-03,Delhi,34.0,Poor,240,"PM10, PM2.5",2022,6,3,4,202.0,215.0,206.0,254.66666666666666,237.57142857142858
2022-06-04,Delhi,31.0,Poor,227,PM10,2022,6,4,5,240.0,322.0,210.0,223.0,240.0
2022-06-05,Delhi,34.0,Poor,215,PM10,2022,6,5,6,227.0,202.0,273.0,227.33333333333334,231.71428571428572
2022-06-06,Delhi,33.0,Moderate,195,"O3, PM10",2022,6,6,0,215.0,240.0,201.0,212.33333333333334,230.85714285714286
2022-06-07,Delhi,26.0,Poor,280,PM10,2022,6,7,1,195.0,227.0,215.0,230.0,240.14285714285714
2022-06-08,Delhi,34.0,Very Poor,346,PM10,2022,6,8,2,280.0,215.0,322.0,273.6666666666667,243.57142857142858
2022-06-09,Delhi,34.0,Poor,223,"PM10, PM2.5",2022,6,9,3,346.0,195.0,202.0,283.0,246.57142857142858
2022-06-10,Delhi,37.0,Very Poor,303,"PM10, PM2.5",2022,6,10,4,223.0,280.0,240.0,290.6666666666667,255.57142857142858
2022-06-11,Delhi,34.0,Poor,256,PM10,2022,6,11,5,303.0,346.0,227.0,260.6666666666667,259.7142857142857
2022-06-12,Delhi,35.0,Poor,249,PM10,2022,6,12,6,256.0,223.0,215.0,269.3333333333333,264.57142857142856
2022-06-13,Delhi,33.0,Moderate,200,PM10,2022,6,13,0,249.0,303.0,195.0,235.0,265.2857142857143
2022-06-14,Delhi,35.0,Poor,222,"PM10, PM2.5",2022,6,14,1,200.0,256.0,280.0,223.66666666666666,257.0
2022-06-15,Delhi,28.0,Moderate,153,"PM10, PM2.5",2022,6,15,2,222.0,249.0,346.0,191.66666666666666,229.42857142857142
2022-06-16,Delhi,21.0,Moderate,132,"O3, PM10, PM2.5",2022,6,16,3,153.0,200.0,223.0,169.0,216.42857142857142
2022-06-17,Delhi,33.0,Satisfactory,88,"NO2, PM10",2022,6,17,4,132.0,222.0,303.0,124.33333333333333,185.71428571428572
2022-06-18,Delhi,36.0,Satisfactory,79,"CO, PM10",2022,6,18,5,88.0,153.0,256.0,99.66666666666667,160.42857142857142
2022-06-19,Delhi,33.0,Satisfactory,99,"PM10, PM2.5",2022,6,19,6,79.0,132.0,249.0,88.66666666666667,139.0
2022-06-20,Delhi,34.0,Moderate,124,"NO2, PM10, PM2.5",2022,6,20,0,99.0,88.0,200.0,100.66666666666667,128.14285714285714
2022-06-21,Delhi,36.0,Moderate,128,"NO2, O3, PM10",2022,6,21,1,124.0,79.0,222.0,117.0,114.71428571428571
2022-06-22,Delhi,36.0,Moderate,139,"O3, PM10",2022,6,22,2,128.0,99.0,153.0,130.33333333333334,112.71428571428571
2022-06-23,Delhi,35.0,Moderate,140,"O3, PM10",2022,6,23,3,139.0,124.0,132.0,135.66666666666666,113.85714285714286
2022-06-24,Delhi,34.0,Moderate,197,"PM10, PM2.5",2022,6,24,4,140.0,128.0,88.0,158.66666666666666,129.42857142857142
2022-06-25,Delhi,32.0,Poor,230,"PM10, PM2.5",2022,6,25,5,197.0,139.0,79.0,189.0,151.0
2022-06-26,Delhi,36.0,Moderate,169,"PM10, PM2.5",2022,6,26,6,230.0,140.0,99.0,198.66666666666666,161.0
2022-06-27,Delhi,32.0,Moderate,127,"O3, PM10, PM2.5",2022,6,27,0,169.0,197.0,124.0,175.33333333333334,161.42857142857142
2022-06-28,Delhi,33.0,Moderate,137,"O3, PM10, PM2.5",2022,6,28,1,127.0,230.0,128.0,144.33333333333334,162.71428571428572
2022-06-29,Delhi,34.0,Moderate,163,"O3, PM10, PM2.5",2022,6,29,2,137.0,169.0,139.0,142.33333333333334,166.14285714285714
2022-06-30,Delhi,27.0,Moderate,116,"PM10, PM2.5",2022,6,30,3,163.0,127.0,140.0,138.66666666666666,162.71428571428572
2022-07-01,Delhi,26.0,Satisfactory,76,"CO, PM10, PM2.5",2022,7,1,4,116.0,137.0,197.0,118.33333333333333,145.42857142857142
2022-07-02,Delhi,31.0,Satisfactory,95,"O3, PM2.5",2022,7,2,5,76.0,163.0,230.0,95.66666666666667,126.14285714285714
2022-07-03,Delhi,35.0,Satisfactory,76,"CO, NO2, PM10",2022,7,3,6,95.0,116.0,169.0,82.33333333333333,112.85714285714286
2022-07-04,Delhi,32.0,Moderate,113,"PM10, PM2.5",2022,7,4,0,76.0,76.0,127.0,94.66666666666667,110.85714285714286
2022-07-05,Delhi,34.0,Moderate,161,PM2.5,2022,7,5,1,113.0,95.0,137.0,116.66666666666667,114.28571428571429
2022-07-06,Delhi,33.0,Moderate,104,"PM10, PM2.5",2022,7,6,2,161.0,76.0,163.0,126.0,105.85714285714286
2022-07-07,Delhi,11.0,Satisfactory,100,"CO, PM10",2022,7,7,3,104.0,113.0,116.0,121.66666666666667,103.57142857142857
2022-07-08,Delhi,36.0,Satisfactory,94,"CO, PM10, PM2.5",2022,7,8,4,100.0,161.0,76.0,99.33333333333333,106.14285714285714
2022-07-09,Delhi,31.0,Moderate,110,"PM10, PM2.5",2022,7,9,5,94.0,104.0,95.0,101.33333333333333,108.28571428571429
2022-07-10,Delhi,35.0,Satisfactory,71,"CO, NO2, PM10",2022,7,10,6,110.0,100.0,76.0,91.66666666666667,107.57142857142857
2022-07-11,Delhi,33.0,Satisfactory,95,"PM10, PM2.5",2022,7,11,0,71.0,94.0,113.0,92.0,105.0
2022-07-12,Delhi,35.0,Satisfactory,87,"PM10, PM2.5",2022,7,12,1,95.0,110.0,161.0,84.33333333333333,94.42857142857143
2022-07-13,Delhi,36.0,Satisfactory,89,"CO, O3, PM10",2022,7,13,2,87.0,71.0,104.0,90.33333333333333,92.28571428571429
2022-07-14,Delhi,35.0,Satisfactory,87,"PM10, PM2.5",2022,7,14,3,89.0,95.0,100.0,87.66666666666667,90.42857142857143
2022-07-15,Delhi,35.0,Satisfactory,79,"PM10, PM2.5",2022,7,15,4,87.0,87.0,94.0,85.0,88.28571428571429
2022-07-16,Delhi,34.0,Satisfactory,81,"CO, PM10, PM2.5",2022,7,16,5,79.0,89.0,110.0,82.33333333333333,84.14285714285714
2022-07-17,Delhi,35.0,Satisfactory,61,"CO, O3",2022,7,17,6,81.0,87.0,71.0,73.66666666666667,82.71428571428571
2022-07-18,Delhi,35.0,Satisfactory,92,"PM10, PM2.5",2022,7,18,0,61.0,79.0,95.0,78.0,82.28571428571429
2022-07-19,Delhi,25.0,Moderate,105,"PM10, PM2.5",2022,7,19,1,92.0,81.0,87.0,86.0,84.85714285714286
2022-07-20,Delhi,35.0,Satisfactory,98,"PM10, PM2.5",2022,7,20,2,105.0,61.0,89.0,98.33333333333333,86.14285714285714
2022-07-21,Delhi,32.0,Satisfactory,70,"CO, O3, PM10",2022,7,21,3,98.0,92.0,87.0,91.0,83.71428571428571
2022-07-22,Delhi,34.0,Moderate,140,PM2.5,2022,7,22,4,70.0,105.0,79.0,102.66666666666667,92.42857142857143
2022-07-23,Delhi,35.0,Satisfactory,72,"CO, O3, PM10",2022,7,23,5,140.0,98.0,81.0,94.0,91.14285714285714
2022-07-24,Delhi,31.0,Satisfactory,72,"CO, O3, PM10",2022,7,24,6,72.0,70.0,61.0,94.66666666666667,92.71428571428571
2022-07-25,Delhi,33.0,Satisfactory,67,"CO, O3",2022,7,25,0,72.0,140.0,92.0,70.33333333333333,89.14285714285714
2022-07-26,Delhi,33.0,Satisfactory,69,"CO, O3, PM10",2022,7,26,1,67.0,72.0,105.0,69.33333333333333,84.0
2022-07-27,Delhi,31.0,Satisfactory,74,"CO, O3, PM10",2022,7,27,2,69.0,72.0,98.0,70.0,80.57142857142857
2022-07-28,Delhi,34.0,Satisfactory,68,"CO, PM10",2022,7,28,3,74.0,67.0,70.0,70.33333333333333,80.28571428571429
2022-07-29,Delhi,35.0,Satisfactory,71,"CO, PM10",2022,7,29,4,68.0,69.0,140.0,71.0,70.42857142857143
2022-07-30,Delhi,35.0,Satisfactory,58,"CO, PM10",2022,7,30,5,71.0,74.0,72.0,65.66666666666667,68.42857142857143
2022-07-31,Delhi,35.0,Satisfactory,71,"CO, NO2, PM10",2022,7,31,6,58.0,68.0,72.0,66.66666666666667,68.28571428571429
2022-08-01,Delhi,34.0,Satisfactory,71,"CO, PM10",2022,8,1,0,71.0,71.0,67.0,66.66666666666667,68.85714285714286
2022-08-02,Delhi,35.0,Satisfactory,84,"CO, NO2, PM10",2022,8,2,1,71.0,58.0,69.0,75.33333333333333,71.0
2022-08-03,Delhi,35.0,Moderate,122,"O3, PM10",2022,8,3,2,84.0,71.0,74.0,92.33333333333333,77.85714285714286
2022-08-04,Delhi,33.0,Moderate,112,"PM10, PM2.5",2022,8,4,3,122.0,71.0,68.0,106.0,84.14285714285714
2022-08-05,Delhi,13.0,Satisfactory,72,"CO, PM10",2022,8,5,4,112.0,84.0,71.0,102.0,84.28571428571429
2022-08-06,Delhi,26.0,Satisfactory,98,"PM10, PM2.5",2022,8,6,5,72.0,122.0,58.0,94.0,90.0
2022-08-07,Delhi,17.0,Moderate,118,"PM10, PM2.5",2022,8,7,6,98.0,112.0,71.0,96.0,96.71428571428571
2022-08-08,Delhi,32.0,Satisfactory,84,"O3, PM10, PM2.5",2022,8,8,0,118.0,72.0,71.0,100.0,98.57142857142857
2022-08-09,Delhi,16.0,Moderate,112,"PM10, PM2.5",2022,8,9,1,84.0,98.0,84.0,104.66666666666667,102.57142857142857
2022-08-10,Delhi,13.0,Moderate,102,"NO2, O3, PM10",2022,8,10,2,112.0,118.0,122.0,99.33333333333333,99.71428571428571
2022-08-11,Delhi,18.0,Satisfactory,75,"CO, PM10, PM2.5",2022,8,11,3,102.0,84.0,112.0,96.33333333333333,94.42857142857143
2022-08-12,Delhi,13.0,Satisfactory,88,"CO, PM10",2022,8,12,4,75.0,112.0,72.0,88.33333333333333,96.71428571428571
2022-08-13,Delhi,32.0,Satisfactory,80,"CO, O3, PM10",2022,8,13,5,88.0,102.0,98.0,81.0,94.14285714285714
2022-08-14,Delhi,33.0,Satisfactory,84,"CO, O3, PM10",2022,8,14,6,80.0,75.0,118.0,84.0,89.28571428571429
2022-08-15,Delhi,33.0,Satisfactory,62,"CO, PM10, PM2.5",2022,8,15,0,84.0,88.0,84.0,75.33333333333333,86.14285714285714
2022-08-16,Delhi,33.0,Satisfactory,63,"CO, NO2, PM10",2022,8,16,1,62.0,80.0,112.0,69.66666666666667,79.14285714285714
2022-08-17,Delhi,32.0,Satisfactory,60,"CO, NO2, O3",2022,8,17,2,63.0,84.0,102.0,61.666666666666664,73.14285714285714
2022-08-18,Delhi,33.0,Satisfactory,72,"CO, O3, PM10",2022,8,18,3,60.0,62.0,75.0,65.0,72.71428571428571
2022-08-19,Delhi,36.0,Satisfactory,71,"CO, PM10",2022,8,19,4,72.0,63.0,88.0,67.66666666666667,70.28571428571429
2022-08-20,Delhi,34.0,Satisfactory,80,"CO, PM10",2022,8,20,5,71.0,60.0,80.0,74.33333333333333,70.28571428571429
2022-08-21,Delhi,30.0,Moderate,114,PM10,2022,8,21,6,80.0,72.0,84.0,88.33333333333333,74.57142857142857
2022-08-22,Delhi,35.0,Moderate,104,"PM10, PM2.5",2022,8,22,0,114.0,71.0,62.0,99.33333333333333,80.57142857142857
2022-08-23,Delhi,36.0,Satisfactory,83,"CO, PM10",2022,8,23,1,104.0,80.0,63.0,100.33333333333333,83.42857142857143
2022-08-24,Delhi,35.0,Satisfactory,63,"CO, NO2, PM10",2022,8,24,2,83.0,114.0,60.0,83.33333333333333,83.85714285714286
2022-08-25,Delhi,34.0,Satisfactory,96,"CO, O3, PM10",2022,8,25,3,63.0,104.0,72.0,80.66666666666667,87.28571428571429
2022-08-26,Delhi,36.0,Moderate,113,PM10,2022,8,26,4,96.0,83.0,71.0,90.66666666666667,93.28571428571429
2022-08-27,Delhi,36.0,Moderate,105,"O3, PM10",2022,8,27,5,113.0,63.0,80.0,104.66666666666667,96.85714285714286
2022-08-28,Delhi,35.0,Moderate,119,"O3, PM10, PM2.5",2022,8,28,6,105.0,96.0,114.0,112.33333333333333,97.57142857142857
2022-08-29,Delhi,34.0,Moderate,144,"O3, PM10",2022,8,29,0,119.0,113.0,104.0,122.66666666666667,103.28571428571429
2022-08-30,Delhi,36.0,Moderate,116,"O3, PM10",2022,8,30,1,144.0,105.0,83.0,126.33333333333333,108.0
2022-08-31,Delhi,33.0,Moderate,124,"O3, PM10, PM2.5",2022,8,31,2,116.0,119.0,63.0,128.0,116.71428571428571
2022-09-01,Delhi,34.0,Moderate,121,"O3, PM10, PM2.5",2022,9,1,3,124.0,144.0,96.0,120.33333333333333,120.28571428571429
2022-09-02,Delhi,36.0,Moderate,110,"PM10, PM2.5",2022,9,2,4,121.0,116.0,113.0,118.33333333333333,119.85714285714286
2022-09-03,Delhi,36.0,Moderate,119,"O3, PM10, PM2.5",2022,9,3,5,110.0,124.0,105.0,116.66666666666667,121.85714285714286
2022-09-04,Delhi,23.0,Moderate,115,"O3, PM10, PM2.5",2022,9,4,6,119.0,121.0,119.0,114.66666666666667,121.28571428571429
2022-09-05,Delhi,28.0,Moderate,102,"O3, PM10",2022,9,5,0,115.0,110.0,144.0,112.0,115.28571428571429
2022-09-06,Delhi,34.0,Moderate,119,"PM10, PM2.5",2022,9,6,1,102.0,119.0,116.0,112.0,115.71428571428571
2022-09-07,Delhi,35.0,Moderate,133,"O3, PM10, PM2.5",2022,9,7,2,119.0,115.0,124.0,118.0,117.0
2022-09-08,Delhi,34.0,Moderate,136,"O3, PM10, PM2.5",2022,9,8,3,133.0,102.0,121.0,129.33333333333334,119.14285714285714
2022-09-09,Delhi,36.0,Moderate,141,"O3, PM2.5",2022,9,9,4,136.0,119.0,110.0,136.66666666666666,123.57142857142857
2022-09-10,Delhi,35.0,Moderate,110,"CO, PM10, PM2.5",2022,9,10,5,141.0,133.0,119.0,129.0,122.28571428571429
2022-09-11,Delhi,34.0,Satisfactory,85,"CO, PM10",2022,9,11,6,110.0,136.0,115.0,112.0,118.0
2022-09-12,Delhi,34.0,Satisfactory,84,"CO, PM10",2022,9,12,0,85.0,141.0,102.0,93.0,115.42857142857143
2022-09-13,Delhi,30.0,Satisfactory,72,"O3, PM10, PM2.5",2022,9,13,1,84.0,110.0,119.0,80.33333333333333,108.71428571428571
2022-09-14,Delhi,30.0,Satisfactory,71,"CO, PM10",2022,9,14,2,72.0,85.0,133.0,75.66666666666667,99.85714285714286
2022-09-15,Delhi,32.0,Satisfactory,57,"CO, PM10",2022,9,15,3,71.0,84.0,136.0,66.66666666666667,88.57142857142857
2022-09-16,Delhi,30.0,Good,47,"CO, PM10",2022,9,16,4,57.0,72.0,141.0,58.333333333333336,75.14285714285714
2022-09-17,Delhi,32.0,Satisfactory,70,"CO, O3, PM10",2022,9,17,5,47.0,71.0,110.0,58.0,69.42857142857143
2022-09-18,Delhi,29.0,Moderate,119,"O3, PM10",2022,9,18,6,70.0,57.0,85.0,78.66666666666667,74.28571428571429
2022-09-19,Delhi,27.0,Moderate,182,"PM10, PM2.5",2022,9,19,0,119.0,47.0,84.0,123.66666666666667,88.28571428571429
2022-09-20,Delhi,31.0,Moderate,130,"PM10, PM2.5",2022,9,20,1,182.0,70.0,72.0,143.66666666666666,96.57142857142857
2022-09-21,Delhi,32.0,Moderate,109,"NO2, PM10, PM2.5",2022,9,21,2,130.0,119.0,71.0,140.33333333333334,102.0
2022-09-22,Delhi,32.0,Satisfactory,66,"O3, PM10, PM2.5",2022,9,22,3,109.0,182.0,57.0,101.66666666666667,103.28571428571429
2022-09-23,Delhi,31.0,Satisfactory,57,"CO, NO2, PM10",2022,9,23,4,66.0,130.0,47.0,77.33333333333333,104.71428571428571
2022-09-24,Delhi,29.0,Satisfactory,54,"CO, NO2",2022,9,24,5,57.0,109.0,70.0,59.0,102.42857142857143
2022-09-25,Delhi,34.0,Satisfactory,52,"CO, NO2",2022,9,25,6,54.0,66.0,119.0,54.333333333333336,92.85714285714286
2022-09-26,Delhi,34.0,Satisfactory,100,"PM10, PM2.5",2022,9,26,0,52.0,57.0,182.0,68.66666666666667,81.14285714285714
2022-09-27,Delhi,33.0,Moderate,108,PM10,2022,9,27,1,100.0,54.0,130.0,86.66666666666667,78.0
2022-09-28,Delhi,33.0,Moderate,140,"NO2, PM10, PM2.5",2022,9,28,2,108.0,52.0,109.0,116.0,82.42857142857143
2022-09-29,Delhi,31.0,Moderate,151,"PM10, PM2.5",2022,9,29,3,140.0,100.0,66.0,133.0,94.57142857142857
2022-09-30,Delhi,33.0,Moderate,173,"PM10, PM2.5",2022,9,30,4,151.0,108.0,57.0,154.66666666666666,111.14285714285714
2022-10-01,Delhi,33.0,Moderate,186,"O3, PM10, PM2.5",2022,10,1,5,173.0,140.0,54.0,170.0,130.0
2022-10-02,Delhi,32.0,Moderate,181,"O3, PM10, PM2.5",2022,10,2,6,186.0,151.0,52.0,180.0,148.42857142857142
2022-10-03,Delhi,33.0,Moderate,128,"O3, PM10",2022,10,3,0,181.0,173.0,100.0,165.0,152.42857142857142
2022-10-04,Delhi,33.0,Moderate,150,"O3, PM10, PM2.5",2022,10,4,1,128.0,186.0,108.0,153.0,158.42857142857142
2022-10-05,Delhi,34.0,Poor,211,"PM10, PM2.5",2022,10,5,2,150.0,181.0,140.0,163.0,168.57142857142858
2022-10-06,Delhi,33.0,Satisfactory,79,"CO, PM10, PM2.5",2022,10,6,3,211.0,128.0,151.0,146.66666666666666,158.28571428571428
2022-10-07,Delhi,32.0,Satisfactory,55,"CO, PM10",2022,10,7,4,79.0,150.0,173.0,115.0,141.42857142857142
2022-10-08,Delhi,25.0,Satisfactory,56,"CO, O3, PM2.5",2022,10,8,5,55.0,211.0,186.0,63.333333333333336,122.85714285714286
2022-10-09,Delhi,20.0,Good,48,CO,2022,10,9,6,56.0,79.0,181.0,53.0,103.85714285714286
2022-10-10,Delhi,28.0,Good,44,"CO, PM2.5",2022,10,10,0,48.0,55.0,128.0,49.333333333333336,91.85714285714286
2022-10-11,Delhi,32.0,Satisfactory,66,"CO, O3, PM2.5",2022,10,11,1,44.0,56.0,150.0,52.666666666666664,79.85714285714286
2022-10-12,Delhi,31.0,Moderate,143,"O3, PM10, PM2.5",2022,10,12,2,66.0,48.0,211.0,84.33333333333333,70.14285714285714
2022-10-13,Delhi,30.0,Moderate,130,"PM10, PM2.5",2022,10,13,3,143.0,44.0,79.0,113.0,77.42857142857143
2022-10-14,Delhi,34.0,Moderate,154,"O3, PM10, PM2.5",2022,10,14,4,130.0,66.0,55.0,142.33333333333334,91.57142857142857
2022-10-15,Delhi,32.0,Moderate,186,"O3, PM10, PM2.5",2022,10,15,5,154.0,143.0,56.0,156.66666666666666,110.14285714285714
2022-10-16,Delhi,34.0,Poor,232,"PM10, PM2.5",2022,10,16,6,186.0,130.0,48.0,190.66666666666666,136.42857142857142
2022-10-17,Delhi,35.0,Poor,237,"PM10, PM2.5",2022,10,17,0,232.0,154.0,44.0,218.33333333333334,164.0
2022-10-18,Delhi,33.0,Poor,241,"PM10, PM2.5",2022,10,18,1,237.0,186.0,66.0,236.66666666666666,189.0
2022-10-19,Delhi,29.0,Poor,228,"PM10, PM2.5",2022,10,19,2,241.0,232.0,143.0,235.33333333333334,201.14285714285714
2022-10-20,Delhi,33.0,Poor,232,"PM10, PM2.5",2022,10,20,3,228.0,237.0,130.0,233.66666666666666,215.71428571428572
2022-10-21,Delhi,35.0,Poor,262,"PM10, PM2.5",2022,10,21,4,232.0,241.0,154.0,240.66666666666666,231.14285714285714
2022-10-22,Delhi,35.0,Poor,265,PM10,2022,10,22,5,262.0,228.0,186.0,253.0,242.42857142857142
2022-10-23,Delhi,31.0,Poor,259,"PM10, PM2.5",2022,10,23,6,265.0,232.0,232.0,262.0,246.28571428571428
2022-10-24,Delhi,35.0,Very Poor,312,"PM10, PM2.5",2022,10,24,0,259.0,262.0,237.0,278.6666666666667,257.0
2022-10-25,Delhi,35.0,Very Poor,302,"PM10, PM2.5",2022,10,25,1,312.0,265.0,241.0,291.0,265.7142857142857
2022-10-26,Delhi,33.0,Poor,271,"PM10, PM2.5",2022,10,26,2,302.0,259.0,228.0,295.0,271.85714285714283
2022-10-27,Delhi,27.0,Very Poor,354,"PM10, PM2.5",2022,10,27,3,271.0,312.0,232.0,309.0,289.2857142857143
2022-10-28,Delhi,36.0,Very Poor,357,"PM10, PM2.5",2022,10,28,4,354.0,302.0,262.0,327.3333333333333,302.85714285714283
2022-10-29,Delhi,36.0,Very Poor,397,"PM10, PM2.5",2022,10,29,5,357.0,271.0,265.0,369.3333333333333,321.7142857142857
2022-10-30,Delhi,36.0,Very Poor,352,"PM10, PM2.5",2022,10,30,6,397.0,354.0,259.0,368.6666666666667,335.0
2022-10-31,Delhi,35.0,Very Poor,392,"PM10, PM2.5",2022,10,31,0,352.0,357.0,312.0,380.3333333333333,346.42857142857144
2022-11-01,Delhi,35.0,Severe,424,PM2.5,2022,11,1,1,392.0,397.0,302.0,389.3333333333333,363.85714285714283
2022-11-02,Delhi,34.0,Very Poor,376,"PM10, PM2.5",2022,11,2,2,424.0,352.0,271.0,397.3333333333333,378.85714285714283
2022-11-03,Delhi,37.0,Severe,450,"PM10, PM2.5",2022,11,3,3,376.0,392.0,354.0,416.6666666666667,392.57142857142856
2022-11-04,Delhi,37.0,Severe,447,PM2.5,2022,11,4,4,450.0,424.0,357.0,424.3333333333333,405.42857142857144
2022-11-05,Delhi,37.0,Very Poor,381,PM2.5,2022,11,5,5,447.0,376.0,397.0,426.0,403.14285714285717
2022-11-06,Delhi,36.0,Very Poor,339,PM2.5,2022,11,6,6,381.0,450.0,352.0,389.0,401.2857142857143
2022-11-07,Delhi,35.0,Very Poor,354,PM2.5,2022,11,7,0,339.0,447.0,392.0,358.0,395.85714285714283
2022-11-08,Delhi,36.0,Very Poor,372,PM2.5,2022,11,8,1,354.0,381.0,424.0,355.0,388.42857142857144
2022-11-09,Delhi,37.0,Poor,260,PM2.5,2022,11,9,2,372.0,339.0,376.0,328.6666666666667,371.85714285714283
2022-11-10,Delhi,37.0,Poor,295,"PM10, PM2.5",2022,11,10,3,260.0,354.0,450.0,309.0,349.7142857142857
2022-11-11,Delhi,37.0,Very Poor,346,"PM10, PM2.5",2022,11,11,4,295.0,372.0,447.0,300.3333333333333,335.2857142857143
2022-11-12,Delhi,37.0,Very Poor,303,PM2.5,2022,11,12,5,346.0,260.0,381.0,314.6666666666667,324.14285714285717
2022-11-13,Delhi,36.0,Very Poor,303,PM2.5,2022,11,13,6,303.0,295.0,339.0,317.3333333333333,319.0
2022-11-14,Delhi,37.0,Poor,294,"PM10, PM2.5",2022,11,14,0,303.0,346.0,354.0,300.0,310.42857142857144
2022-11-15,Delhi,37.0,Poor,227,"O3, PM2.5",2022,11,15,1,294.0,303.0,372.0,274.6666666666667,289.7142857142857
2022-11-16,Delhi,36.0,Poor,264,PM2.5,2022,11,16,2,227.0,303.0,260.0,261.6666666666667,290.2857142857143
2022-11-17,Delhi,36.0,Poor,260,PM2.5,2022,11,17,3,264.0,294.0,295.0,250.33333333333334,285.2857142857143
2022-11-18,Delhi,35.0,Poor,289,PM2.5,2022,11,18,4,260.0,227.0,346.0,271.0,277.14285714285717
2022-11-19,Delhi,35.0,Poor,280,"PM10, PM2.5",2022,11,19,5,289.0,264.0,303.0,276.3333333333333,273.85714285714283
2022-11-20,Delhi,36.0,Very Poor,314,"PM10, PM2.5",2022,11,20,6,280.0,260.0,303.0,294.3333333333333,275.42857142857144
2022-11-21,Delhi,36.0,Very Poor,310,PM2.5,2022,11,21,0,314.0,289.0,294.0,301.3333333333333,277.7142857142857
2022-11-22,Delhi,35.0,Poor,255,"O3, PM2.5",2022,11,22,1,310.0,280.0,227.0,293.0,281.7142857142857
2022-11-23,Delhi,36.0,Poor,237,"PM10, PM2.5",2022,11,23,2,255.0,314.0,264.0,267.3333333333333,277.85714285714283
2022-11-24,Delhi,36.0,Poor,213,"PM10, PM2.5",2022,11,24,3,237.0,310.0,260.0,235.0,271.14285714285717
2022-11-25,Delhi,36.0,Poor,294,PM10,2022,11,25,4,213.0,255.0,289.0,248.0,271.85714285714283
2022-11-26,Delhi,36.0,Very Poor,336,PM2.5,2022,11,26,5,294.0,237.0,280.0,281.0,279.85714285714283
2022-11-27,Delhi,36.0,Very Poor,328,PM2.5,2022,11,27,6,336.0,213.0,314.0,319.3333333333333,281.85714285714283
2022-11-28,Delhi,35.0,Very Poor,333,"PM10, PM2.5",2022,11,28,0,328.0,294.0,310.0,332.3333333333333,285.14285714285717
2022-11-29,Delhi,36.0,Very Poor,369,"PM10, PM2.5",2022,11,29,1,333.0,336.0,255.0,343.3333333333333,301.42857142857144
2022-11-30,Delhi,36.0,Very Poor,365,"PM10, PM2.5",2022,11,30,2,369.0,328.0,237.0,355.6666666666667,319.7142857142857
2022-12-01,Delhi,37.0,Very Poor,368,PM2.5,2022,12,1,3,365.0,333.0,213.0,367.3333333333333,341.85714285714283
2022-12-02,Delhi,37.0,Very Poor,352,PM2.5,2022,12,2,4,368.0,369.0,294.0,361.6666666666667,350.14285714285717
2022-12-03,Delhi,36.0,Very Poor,370,PM2.5,2022,12,3,5,352.0,365.0,336.0,363.3333333333333,355.0
2022-12-04,Delhi,35.0,Severe,407,"PM10, PM2.5",2022,12,4,6,370.0,368.0,328.0,376.3333333333333,366.2857142857143
2022-12-05,Delhi,36.0,Very Poor,347,PM2.5,2022,12,5,0,407.0,352.0,333.0,374.6666666666667,368.2857142857143
2022-12-06,Delhi,36.0,Very Poor,353,"PM10, PM2.5",2022,12,6,1,347.0,370.0,369.0,369.0,366.0
2022-12-07,Delhi,36.0,Very Poor,304,PM2.5,2022,12,7,2,353.0,407.0,365.0,334.6666666666667,357.2857142857143
2022-12-08,Delhi,36.0,Poor,281,PM2.5,2022,12,8,3,304.0,347.0,368.0,312.6666666666667,344.85714285714283
2022-12-09,Delhi,36.0,Very Poor,314,PM2.5,2022,12,9,4,281.0,353.0,352.0,299.6666666666667,339.42857142857144
2022-12-10,Delhi,36.0,Very Poor,360,"PM10, PM2.5",2022,12,10,5,314.0,304.0,370.0,318.3333333333333,338.0
2022-12-11,Delhi,36.0,Very Poor,306,PM2.5,2022,12,11,6,360.0,281.0,407.0,326.6666666666667,323.57142857142856
2022-12-12,Delhi,36.0,Poor,218,PM2.5,2022,12,12,0,306.0,314.0,347.0,294.6666666666667,305.14285714285717
2022-12-13,Delhi,36.0,Moderate,177,"PM10, PM2.5",2022,12,13,1,218.0,360.0,353.0,233.66666666666666,280.0
2022-12-14,Delhi,37.0,Moderate,163,PM2.5,2022,12,14,2,177.0,306.0,304.0,186.0,259.85714285714283
2022-12-15,Delhi,37.0,Moderate,189,PM2.5,2022,12,15,3,163.0,218.0,281.0,176.33333333333334,246.71428571428572
2022-12-16,Delhi,36.0,Poor,223,PM2.5,2022,12,16,4,189.0,177.0,314.0,191.66666666666666,233.71428571428572
2022-12-17,Delhi,36.0,Very Poor,304,PM2.5,2022,12,17,5,223.0,163.0,360.0,238.66666666666666,225.71428571428572
2022-12-18,Delhi,35.0,Very Poor,353,"PM10, PM2.5",2022,12,18,6,304.0,189.0,306.0,293.3333333333333,232.42857142857142
2022-12-19,Delhi,34.0,Severe,410,PM2.5,2022,12,19,0,353.0,223.0,218.0,355.6666666666667,259.85714285714283
2022-12-20,Delhi,37.0,Very Poor,366,PM2.5,2022,12,20,1,410.0,304.0,177.0,376.3333333333333,286.85714285714283
2022-12-21,Delhi,38.0,Very Poor,328,PM2.5,2022,12,21,2,366.0,353.0,163.0,368.0,310.42857142857144
2022-12-22,Delhi,38.0,Very Poor,342,PM2.5,2022,12,22,3,328.0,410.0,189.0,345.3333333333333,332.2857142857143
2022-12-23,Delhi,35.0,Very Poor,359,"PM10, PM2.5",2022,12,23,4,342.0,366.0,223.0,343.0,351.7142857142857
2022-12-24,Delhi,37.0,Very Poor,349,PM2.5,2022,12,24,5,359.0,328.0,304.0,350.0,358.14285714285717
2022-12-25,Delhi,38.0,Very Poor,308,"PM10, PM2.5",2022,12,25,6,349.0,342.0,353.0,338.6666666666667,351.7142857142857
2022-12-26,Delhi,37.0,Very Poor,331,PM2.5,2022,12,26,0,308.0,359.0,410.0,329.3333333333333,340.42857142857144
2022-12-27,Delhi,39.0,Very Poor,339,PM2.5,2022,12,27,1,331.0,349.0,366.0,326.0,336.57142857142856
2022-12-28,Delhi,39.0,Very Poor,321,PM2.5,2022,12,28,2,339.0,308.0,328.0,330.3333333333333,335.57142857142856
2022-12-29,Delhi,38.0,Very Poor,306,PM2.5,2022,12,29,3,321.0,331.0,342.0,322.0,330.42857142857144
2022-12-30,Delhi,39.0,Very Poor,399,PM2.5,2022,12,30,4,306.0,339.0,359.0,342.0,336.14285714285717
2022-12-31,Delhi,38.0,Very Poor,349,PM2.5,2022,12,31,5,399.0,321.0,349.0,351.3333333333333,336.14285714285717
2023-01-01,Delhi,38.0,Poor,259,PM2.5,2023,1,1,6,349.0,306.0,308.0,335.6666666666667,329.14285714285717
2023-01-02,Delhi,38.0,Very Poor,357,PM2.5,2023,1,2,0,259.0,399.0,331.0,321.6666666666667,332.85714285714283
2023-01-03,Delhi,38.0,Very Poor,385,PM2.5,2023,1,3,1,357.0,349.0,339.0,333.6666666666667,339.42857142857144
2023-01-04,Delhi,38.0,Very Poor,343,PM2.5,2023,1,4,2,385.0,259.0,321.0,361.6666666666667,342.57142857142856
2023-01-05,Delhi,38.0,Very Poor,340,PM2.5,2023,1,5,3,343.0,357.0,306.0,356.0,347.42857142857144
2023-01-06,Delhi,38.0,Very Poor,400,PM2.5,2023,1,6,4,340.0,385.0,399.0,361.0,347.57142857142856
2023-01-07,Delhi,38.0,Very Poor,377,"PM10, PM2.5",2023,1,7,5,400.0,343.0,349.0,372.3333333333333,351.57142857142856
2023-01-08,Delhi,38.0,Very Poor,371,"PM10, PM2.5",2023,1,8,6,377.0,340.0,259.0,382.6666666666667,367.57142857142856
2023-01-09,Delhi,37.0,Severe,434,PM2.5,2023,1,9,0,371.0,400.0,357.0,394.0,378.57142857142856
2023-01-10,Delhi,38.0,Severe,407,PM2.5,2023,1,10,1,434.0,377.0,385.0,404.0,381.7142857142857
2023-01-11,Delhi,38.0,Very Poor,308,PM2.5,2023,1,11,2,407.0,371.0,343.0,383.0,376.7142857142857
2023-01-12,Delhi,38.0,Very Poor,371,PM2.5,2023,1,12,3,308.0,434.0,340.0,362.0,381.14285714285717
2023-01-13,Delhi,37.0,Very Poor,378,PM2.5,2023,1,13,4,371.0,407.0,400.0,352.3333333333333,378.0
2023-01-14,Delhi,30.0,Very Poor,353,PM2.5,2023,1,14,5,378.0,308.0,377.0,367.3333333333333,374.57142857142856
2023-01-15,Delhi,37.0,Poor,213,PM2.5,2023,1,15,6,353.0,371.0,371.0,314.6666666666667,352.0
2023-01-16,Delhi,36.0,Poor,270,"PM10, PM2.5",2023,1,16,0,213.0,378.0,434.0,278.6666666666667,328.57142857142856
2023-01-17,Delhi,37.0,Poor,288,"PM10, PM2.5",2023,1,17,1,270.0,353.0,407.0,257.0,311.57142857142856
2023-01-18,Delhi,36.0,Very Poor,306,"PM10, PM2.5",2023,1,18,2,288.0,213.0,308.0,288.0,311.2857142857143
2023-01-19,Delhi,37.0,Very Poor,338,"PM10, PM2.5",2023,1,19,3,306.0,270.0,371.0,310.6666666666667,306.57142857142856
2023-01-20,Delhi,36.0,Poor,226,PM2.5,2023,1,20,4,338.0,288.0,378.0,290.0,284.85714285714283
2023-01-21,Delhi,36.0,Poor,294,PM2.5,2023,1,21,5,226.0,306.0,353.0,286.0,276.42857142857144
2023-01-22,Delhi,38.0,Severe,407,"PM10, PM2.5",2023,1,22,6,294.0,338.0,213.0,309.0,304.14285714285717
2023-01-23,Delhi,38.0,Very Poor,335,PM2.5,2023,1,23,0,407.0,226.0,270.0,345.3333333333333,313.42857142857144
2023-01-24,Delhi,38.0,Poor,237,PM2.5,2023,1,24,1,335.0,294.0,288.0,326.3333333333333,306.14285714285717
2023-01-25,Delhi,39.0,Moderate,160,PM2.5,2023,1,25,2,237.0,407.0,306.0,244.0,285.2857142857143
2023-01-26,Delhi,39.0,Poor,298,PM2.5,2023,1,26,3,160.0,335.0,338.0,231.66666666666666,279.57142857142856
2023-01-27,Delhi,38.0,Poor,229,PM2.5,2023,1,27,4,298.0,237.0,226.0,229.0,280.0
2023-01-28,Delhi,37.0,Poor,236,PM2.5,2023,1,28,5,229.0,160.0,294.0,254.33333333333334,271.7142857142857
2023-01-29,Delhi,37.0,Very Poor,331,PM2.5,2023,1,29,6,236.0,298.0,407.0,265.3333333333333,260.85714285714283
2023-01-30,Delhi,36.0,Poor,207,PM2.5,2023,1,30,0,331.0,229.0,335.0,258.0,242.57142857142858
2023-01-31,Delhi,38.0,Moderate,192,PM2.5,2023,1,31,1,207.0,236.0,237.0,243.33333333333334,236.14285714285714
2023-02-01,Delhi,39.0,Moderate,164,PM2.5,2023,2,1,2,192.0,331.0,160.0,187.66666666666666,236.71428571428572
2023-02-02,Delhi,39.0,Moderate,194,"PM10, PM2.5",2023,2,2,3,164.0,207.0,298.0,183.33333333333334,221.85714285714286
2023-02-03,Delhi,39.0,Moderate,199,"PM10, PM2.5",2023,2,3,4,194.0,192.0,229.0,185.66666666666666,217.57142857142858
2023-02-04,Delhi,38.0,Poor,242,"PM10, PM2.5",2023,2,4,5,199.0,164.0,236.0,211.66666666666666,218.42857142857142
2023-02-05,Delhi,36.0,Poor,244,PM2.5,2023,2,5,6,242.0,194.0,331.0,228.33333333333334,206.0
2023-02-06,Delhi,37.0,Poor,265,"PM10, PM2.5",2023,2,6,0,244.0,199.0,207.0,250.33333333333334,214.28571428571428
2023-02-07,Delhi,38.0,Poor,285,PM2.5,2023,2,7,1,265.0,242.0,192.0,264.6666666666667,227.57142857142858
2023-02-08,Delhi,39.0,Moderate,144,"PM10, PM2.5",2023,2,8,2,285.0,244.0,164.0,231.33333333333334,224.71428571428572
2023-02-09,Delhi,39.0,Poor,212,"PM10, PM2.5",2023,2,9,3,144.0,265.0,194.0,213.66666666666666,227.28571428571428
2023-02-10,Delhi,37.0,Moderate,187,PM2.5,2023,2,10,4,212.0,285.0,199.0,181.0,225.57142857142858
2023-02-11,Delhi,38.0,Poor,275,"PM10, PM2.5",2023,2,11,5,187.0,144.0,242.0,224.66666666666666,230.28571428571428
2023-02-12,Delhi,37.0,Moderate,175,PM2.5,2023,2,12,6,275.0,212.0,244.0,212.33333333333334,220.42857142857142
2023-02-13,Delhi,36.0,Moderate,135,"PM10, PM2.5",2023,2,13,0,175.0,187.0,265.0,195.0,201.85714285714286
2023-02-14,Delhi,38.0,Moderate,132,"PM10, PM2.5",2023,2,14,1,135.0,275.0,285.0,147.33333333333334,180.0
2023-02-15,Delhi,39.0,Moderate,190,PM2.5,2023,2,15,2,132.0,175.0,144.0,152.33333333333334,186.57142857142858
2023-02-16,Delhi,38.0,Poor,270,PM2.5,2023,2,16,3,190.0,135.0,212.0,197.33333333333334,194.85714285714286
2023-02-17,Delhi,39.0,Very Poor,367,PM2.5,2023,2,17,4,270.0,132.0,187.0,275.6666666666667,220.57142857142858
2023-02-18,Delhi,39.0,Very Poor,371,PM2.5,2023,2,18,5,367.0,190.0,275.0,336.0,234.28571428571428
2023-02-19,Delhi,37.0,Very Poor,331,PM2.5,2023,2,19,6,371.0,270.0,175.0,356.3333333333333,256.57142857142856
2023-02-20,Delhi,37.0,Very Poor,324,PM2.5,2023,2,20,0,331.0,367.0,135.0,342.0,283.57142857142856
2023-02-21,Delhi,38.0,Poor,245,PM2.5,2023,2,21,1,324.0,371.0,132.0,300.0,299.7142857142857
2023-02-22,Delhi,38.0,Very Poor,302,PM2.5,2023,2,22,2,245.0,331.0,190.0,290.3333333333333,315.7142857142857
2023-02-23,Delhi,36.0,Poor,227,PM2.5,2023,2,23,3,302.0,324.0,270.0,258.0,309.57142857142856
2023-02-24,Delhi,36.0,Moderate,171,PM2.5,2023,2,24,4,227.0,245.0,367.0,233.33333333333334,281.57142857142856
2023-02-25,Delhi,38.0,Poor,225,PM2.5,2023,2,25,5,171.0,302.0,371.0,207.66666666666666,260.7142857142857
2023-02-26,Delhi,38.0,Poor,291,PM2.5,2023,2,26,6,225.0,227.0,331.0,229.0,255.0
2023-02-27,Delhi,36.0,Poor,260,PM2.5,2023,2,27,0,291.0,171.0,324.0,258.6666666666667,245.85714285714286
2023-02-28,Delhi,37.0,Poor,218,PM2.5,2023,2,28,1,260.0,225.0,245.0,256.3333333333333,242.0
2023-03-01,Delhi,37.0,Moderate,178,PM10,2023,3,1,2,218.0,291.0,302.0,218.66666666666666,224.28571428571428
2023-03-02,Delhi,39.0,Poor,226,PM2.5,2023,3,2,3,178.0,260.0,227.0,207.33333333333334,224.14285714285714
2023-03-03,Delhi,38.0,Moderate,152,PM2.5,2023,3,3,4,226.0,218.0,171.0,185.33333333333334,221.42857142857142
2023-03-04,Delhi,38.0,Moderate,129,"PM10, PM2.5",2023,3,4,5,152.0,178.0,225.0,169.0,207.71428571428572
2023-03-05,Delhi,35.0,Moderate,142,PM2.5,2023,3,5,6,129.0,226.0,291.0,141.0,186.42857142857142
2023-03-06,Delhi,35.0,Moderate,142,PM2.5,2023,3,6,0,142.0,152.0,260.0,137.66666666666666,169.57142857142858
2023-03-07,Delhi,37.0,Moderate,173,PM2.5,2023,3,7,1,142.0,129.0,218.0,152.33333333333334,163.14285714285714
2023-03-08,Delhi,38.0,Poor,213,PM2.5,2023,3,8,2,173.0,142.0,178.0,176.0,168.14285714285714
2023-03-09,Delhi,37.0,Moderate,119,"O3, PM2.5",2023,3,9,3,213.0,142.0,226.0,168.33333333333334,152.85714285714286
2023-03-10,Delhi,37.0,Moderate,187,PM2.5,2023,3,10,4,119.0,173.0,152.0,173.0,157.85714285714286
2023-03-11,Delhi,37.0,Moderate,200,PM2.5,2023,3,11,5,187.0,213.0,129.0,168.66666666666666,168.0
2023-03-12,Delhi,38.0,Poor,216,"PM10, PM2.5",2023,3,12,6,200.0,119.0,142.0,201.0,178.57142857142858
2023-03-13,Delhi,38.0,Poor,231,PM2.5,2023,3,13,0,216.0,187.0,142.0,215.66666666666666,191.28571428571428
2023-03-14,Delhi,38.0,Poor,219,PM2.5,2023,3,14,1,231.0,200.0,173.0,222.0,197.85714285714286
2023-03-15,Delhi,37.0,Poor,213,"PM10, PM2.5",2023,3,15,2,219.0,216.0,213.0,221.0,197.85714285714286
2023-03-16,Delhi,34.0,Poor,259,PM2.5,2023,3,16,3,213.0,231.0,119.0,230.33333333333334,217.85714285714286
2023-03-17,Delhi,35.0,Moderate,188,"PM10, PM2.5",2023,3,17,4,259.0,219.0,187.0,220.0,218.0
2023-03-18,Delhi,35.0,Moderate,184,PM2.5,2023,3,18,5,188.0,213.0,200.0,210.33333333333334,215.71428571428572
2023-03-19,Delhi,35.0,Moderate,162,PM2.5,2023,3,19,6,184.0,259.0,216.0,178.0,208.0
2023-03-20,Delhi,34.0,Moderate,154,"PM10, PM2.5",2023,3,20,0,162.0,188.0,231.0,166.66666666666666,197.0
2023-03-21,Delhi,34.0,Satisfactory,75,"O3, PM2.5",2023,3,21,1,154.0,184.0,219.0,130.33333333333334,176.42857142857142
2023-03-22,Delhi,35.0,Moderate,164,"O3, PM2.5",2023,3,22,2,75.0,162.0,213.0,131.0,169.42857142857142
2023-03-23,Delhi,36.0,Moderate,151,"O3, PM2.5",2023,3,23,3,164.0,154.0,259.0,130.0,154.0
2023-03-24,Delhi,38.0,Poor,205,"PM10, PM2.5",2023,3,24,4,151.0,75.0,188.0,173.33333333333334,156.42857142857142
2023-03-25,Delhi,37.0,Satisfactory,78,PM2.5,2023,3,25,5,205.0,164.0,184.0,144.66666666666666,141.28571428571428
2023-03-26,Delhi,37.0,Moderate,164,"O3, PM2.5",2023,3,26,6,78.0,151.0,162.0,149.0,141.57142857142858
2023-03-27,Delhi,37.0,Moderate,146,"PM10, PM2.5",2023,3,27,0,164.0,205.0,154.0,129.33333333333334,140.42857142857142
2023-03-28,Delhi,39.0,Moderate,147,"PM10, PM2.5",2023,3,28,1,146.0,78.0,75.0,152.33333333333334,150.71428571428572
2023-03-29,Delhi,38.0,Moderate,198,PM2.5,2023,3,29,2,147.0,164.0,164.0,163.66666666666666,155.57142857142858
2023-03-30,Delhi,37.0,Moderate,170,"O3, PM2.5",2023,3,30,3,198.0,146.0,151.0,171.66666666666666,158.28571428571428
2023-03-31,Delhi,37.0,Satisfactory,73,"CO, O3",2023,3,31,4,170.0,147.0,205.0,147.0,139.42857142857142
2023-04-01,Delhi,38.0,Moderate,106,O3,2023,4,1,5,73.0,198.0,78.0,116.33333333333333,143.42857142857142
2023-04-02,Delhi,38.0,Moderate,128,PM2.5,2023,4,2,6,106.0,170.0,164.0,102.33333333333333,138.28571428571428
2023-04-03,Delhi,38.0,Moderate,179,"PM10, PM2.5",2023,4,3,0,128.0,73.0,146.0,137.66666666666666,143.0
2023-04-04,Delhi,38.0,Moderate,109,"O3, PM2.5",2023,4,4,1,179.0,106.0,147.0,138.66666666666666,137.57142857142858
2023-04-05,Delhi,38.0,Moderate,135,"PM10, PM2.5",2023,4,5,2,109.0,128.0,198.0,141.0,128.57142857142858
2023-04-06,Delhi,37.0,Moderate,142,PM10,2023,4,6,3,135.0,179.0,170.0,128.66666666666666,124.57142857142857
2023-04-07,Delhi,37.0,Moderate,142,"PM10, PM2.5",2023,4,7,4,142.0,109.0,73.0,139.66666666666666,134.42857142857142
2023-04-08,Delhi,37.0,Moderate,172,"PM10, PM2.5",2023,4,8,5,142.0,135.0,106.0,152.0,143.85714285714286
2023-04-09,Delhi,36.0,Poor,217,"PM10, PM2.5",2023,4,9,6,172.0,142.0,128.0,177.0,156.57142857142858
2023-04-10,Delhi,35.0,Moderate,195,"PM10, PM2.5",2023,4,10,0,217.0,142.0,179.0,194.66666666666666,158.85714285714286
2023-04-11,Delhi,36.0,Poor,260,"PM10, PM2.5",2023,4,11,1,195.0,172.0,109.0,224.0,180.42857142857142
2023-04-12,Delhi,36.0,Poor,213,"PM10, PM2.5",2023,4,12,2,260.0,217.0,135.0,222.66666666666666,191.57142857142858
2023-04-13,Delhi,36.0,Poor,211,"PM10, PM2.5",2023,4,13,3,213.0,195.0,142.0,228.0,201.42857142857142
2023-04-14,Delhi,36.0,Poor,246,PM10,2023,4,14,4,211.0,260.0,142.0,223.33333333333334,216.28571428571428
2023-04-15,Delhi,35.0,Poor,235,PM10,2023,4,15,5,246.0,213.0,172.0,230.66666666666666,225.28571428571428
2023-04-16,Delhi,37.0,Poor,229,"PM10, PM2.5",2023,4,16,6,235.0,211.0,217.0,236.66666666666666,227.0
2023-04-17,Delhi,38.0,Poor,206,"PM10, PM2.5",2023,4,17,0,229.0,246.0,195.0,223.33333333333334,228.57142857142858
2023-04-18,Delhi,38.0,Poor,235,PM10,2023,4,18,1,206.0,235.0,260.0,223.33333333333334,225.0
2023-04-19,Delhi,38.0,Poor,236,"PM10, PM2.5",2023,4,19,2,235.0,229.0,213.0,225.66666666666666,228.28571428571428
2023-04-20,Delhi,38.0,Moderate,159,"CO, PM10",2023,4,20,3,236.0,206.0,211.0,210.0,220.85714285714286
2023-04-21,Delhi,39.0,Moderate,129,"NO2, O3",2023,4,21,4,159.0,235.0,246.0,174.66666666666666,204.14285714285714
2023-04-22,Delhi,38.0,Moderate,141,PM10,2023,4,22,5,129.0,236.0,235.0,143.0,190.71428571428572
2023-04-23,Delhi,39.0,Moderate,118,"NO2, PM10",2023,4,23,6,141.0,159.0,229.0,129.33333333333334,174.85714285714286
2023-04-24,Delhi,39.0,Moderate,160,"PM10, PM2.5",2023,4,24,0,118.0,129.0,206.0,139.66666666666666,168.28571428571428
2023-04-25,Delhi,39.0,Moderate,156,O3,2023,4,25,1,160.0,141.0,235.0,144.66666666666666,157.0
2023-04-26,Delhi,38.0,Poor,210,"NO2, PM10",2023,4,26,2,156.0,118.0,236.0,175.33333333333334,153.28571428571428
2023-04-27,Delhi,39.0,Poor,219,PM10,2023,4,27,3,210.0,160.0,159.0,195.0,161.85714285714286
2023-04-28,Delhi,39.0,Moderate,150,"O3, PM2.5",2023,4,28,4,219.0,156.0,129.0,193.0,164.85714285714286
2023-04-29,Delhi,37.0,Poor,216,"PM10, PM2.5",2023,4,29,5,150.0,210.0,141.0,195.0,175.57142857142858
2023-04-30,Delhi,39.0,Moderate,132,"CO, PM2.5",2023,4,30,6,216.0,219.0,118.0,166.0,177.57142857142858
2023-05-01,Delhi,38.0,Satisfactory,86,"NO2, PM10",2023,5,1,0,132.0,150.0,160.0,144.66666666666666,167.0
2023-05-02,Delhi,38.0,Satisfactory,76,"PM10, PM2.5",2023,5,2,1,86.0,216.0,156.0,98.0,155.57142857142858
2023-05-03,Delhi,38.0,Moderate,107,"PM10, PM2.5",2023,5,3,2,76.0,132.0,210.0,89.66666666666667,140.85714285714286
2023-05-04,Delhi,37.0,Moderate,113,O3,2023,5,4,3,107.0,86.0,219.0,98.66666666666667,125.71428571428571
2023-05-05,Delhi,37.0,Moderate,183,"O3, PM2.5",2023,5,5,4,113.0,76.0,150.0,134.33333333333334,130.42857142857142
2023-05-06,Delhi,38.0,Poor,234,"PM10, PM2.5",2023,5,6,5,183.0,107.0,216.0,176.66666666666666,133.0
2023-05-07,Delhi,39.0,Moderate,173,"O3, PM2.5",2023,5,7,6,234.0,113.0,132.0,196.66666666666666,138.85714285714286
2023-05-08,Delhi,38.0,Moderate,131,"O3, PM2.5",2023,5,8,0,173.0,183.0,86.0,179.33333333333334,145.28571428571428
2023-05-09,Delhi,39.0,Moderate,197,"PM10, PM2.5",2023,5,9,1,131.0,234.0,76.0,167.0,162.57142857142858
2023-05-10,Delhi,38.0,Poor,203,PM2.5,2023,5,10,2,197.0,173.0,107.0,177.0,176.28571428571428
2023-05-11,Delhi,39.0,Poor,274,"PM10, PM2.5",2023,5,11,3,203.0,131.0,113.0,224.66666666666666,199.28571428571428
2023-05-12,Delhi,39.0,Poor,227,PM10,2023,5,12,4,274.0,197.0,183.0,234.66666666666666,205.57142857142858
2023-05-13,Delhi,39.0,Poor,235,PM2.5,2023,5,13,5,227.0,203.0,234.0,245.33333333333334,205.71428571428572
2023-05-14,Delhi,39.0,Poor,259,"PM10, PM2.5",2023,5,14,6,235.0,274.0,173.0,240.33333333333334,218.0
2023-05-15,Delhi,38.0,Moderate,162,"O3, PM2.5",2023,5,15,0,259.0,227.0,131.0,218.66666666666666,222.42857142857142
2023-05-16,Delhi,39.0,Poor,254,PM10,2023,5,16,1,162.0,235.0,197.0,225.0,230.57142857142858
2023-05-17,Delhi,37.0,Very Poor,336,"PM10, PM2.5",2023,5,17,2,254.0,259.0,203.0,250.66666666666666,249.57142857142858
2023-05-18,Delhi,37.0,Moderate,149,"O3, PM10",2023,5,18,3,336.0,162.0,274.0,246.33333333333334,231.71428571428572
2023-05-19,Delhi,36.0,Moderate,152,"O3, PM2.5",2023,5,19,4,149.0,254.0,227.0,212.33333333333334,221.0
2023-05-20,Delhi,34.0,Moderate,186,"PM10, PM2.5",2023,5,20,5,152.0,336.0,235.0,162.33333333333334,214.0
2023-05-21,Delhi,37.0,Poor,215,PM10,2023,5,21,6,186.0,149.0,259.0,184.33333333333334,207.71428571428572
2023-05-22,Delhi,37.0,Moderate,199,"PM10, PM2.5",2023,5,22,0,215.0,152.0,162.0,200.0,213.0
2023-05-23,Delhi,37.0,Moderate,198,"PM10, PM2.5",2023,5,23,1,199.0,186.0,254.0,204.0,205.0
2023-05-24,Delhi,37.0,Moderate,158,PM2.5,2023,5,24,2,198.0,215.0,336.0,185.0,179.57142857142858
2023-05-25,Delhi,35.0,Moderate,106,O3,2023,5,25,3,158.0,199.0,149.0,154.0,173.42857142857142
2023-05-26,Delhi,36.0,Satisfactory,98,"NO2, O3",2023,5,26,4,106.0,198.0,152.0,120.66666666666667,165.71428571428572
2023-05-27,Delhi,36.0,Moderate,110,"O3, PM10",2023,5,27,5,98.0,158.0,186.0,104.66666666666667,154.85714285714286
2023-05-28,Delhi,35.0,Moderate,134,"O3, PM10",2023,5,28,6,110.0,106.0,215.0,114.0,143.28571428571428
2023-05-29,Delhi,35.0,Moderate,136,PM10,2023,5,29,0,134.0,98.0,199.0,126.66666666666667,134.28571428571428
2023-05-30,Delhi,35.0,Moderate,115,O3,2023,5,30,1,136.0,110.0,198.0,128.33333333333334,122.42857142857143
2023-05-31,Delhi,36.0,Satisfactory,85,"NO2, PM2.5",2023,5,31,2,115.0,134.0,158.0,112.0,112.0
2023-06-01,Delhi,38.0,Satisfactory,96,"PM10, PM2.5",2023,6,1,3,85.0,136.0,106.0,98.66666666666667,110.57142857142857
2023-06-02,Delhi,38.0,Moderate,120,"PM10, PM2.5",2023,6,2,4,96.0,115.0,98.0,100.33333333333333,113.71428571428571
2023-06-03,Delhi,37.0,Moderate,121,"O3, PM10",2023,6,3,5,120.0,85.0,110.0,112.33333333333333,115.28571428571429
2023-06-04,Delhi,37.0,Moderate,171,"PM10, PM2.5",2023,6,4,6,121.0,96.0,134.0,137.33333333333334,120.57142857142857
2023-06-05,Delhi,35.0,Moderate,166,"PM10, PM2.5",2023,6,5,0,171.0,120.0,136.0,152.66666666666666,124.85714285714286
2023-06-06,Delhi,36.0,Moderate,139,PM2.5,2023,6,6,1,166.0,121.0,115.0,158.66666666666666,128.28571428571428
2023-06-07,Delhi,38.0,Poor,239,"PM10, PM2.5",2023,6,7,2,139.0,171.0,85.0,181.33333333333334,150.28571428571428
2023-06-08,Delhi,38.0,Moderate,161,"PM10, PM2.5",2023,6,8,3,239.0,166.0,96.0,179.66666666666666,159.57142857142858
2023-06-09,Delhi,37.0,Moderate,152,"PM10, PM2.5",2023,6,9,4,161.0,139.0,120.0,184.0,164.14285714285714
2023-06-10,Delhi,37.0,Moderate,134,"PM10, PM2.5",2023,6,10,5,152.0,239.0,121.0,149.0,166.0
2023-06-11,Delhi,37.0,Moderate,130,"PM10, PM2.5",2023,6,11,6,134.0,161.0,171.0,138.66666666666666,160.14285714285714
2023-06-12,Delhi,29.0,Moderate,169,"PM10, PM2.5",2023,6,12,0,130.0,152.0,166.0,144.33333333333334,160.57142857142858
2023-06-13,Delhi,33.0,Poor,205,PM10,2023,6,13,1,169.0,134.0,139.0,168.0,170.0
2023-06-14,Delhi,37.0,Poor,213,"PM10, PM2.5",2023,6,14,2,205.0,130.0,239.0,195.66666666666666,166.28571428571428
2023-06-15,Delhi,37.0,Moderate,154,"PM10, PM2.5",2023,6,15,3,213.0,169.0,161.0,190.66666666666666,165.28571428571428
2023-06-16,Delhi,37.0,Moderate,119,"PM10, PM2.5",2023,6,16,4,154.0,205.0,152.0,162.0,160.57142857142858
2023-06-17,Delhi,37.0,Moderate,119,"O3, PM10",2023,6,17,5,119.0,213.0,134.0,130.66666666666666,158.42857142857142
2023-06-18,Delhi,37.0,Satisfactory,90,PM10,2023,6,18,6,119.0,154.0,130.0,109.33333333333333,152.71428571428572
2023-06-19,Delhi,29.0,Satisfactory,75,"CO, PM10",2023,6,19,0,90.0,119.0,169.0,94.66666666666667,139.28571428571428
2023-06-20,Delhi,37.0,Moderate,104,"CO, O3",2023,6,20,1,75.0,119.0,205.0,89.66666666666667,124.85714285714286
2023-06-21,Delhi,37.0,Satisfactory,91,"CO, O3",2023,6,21,2,104.0,90.0,213.0,90.0,107.42857142857143
2023-06-22,Delhi,37.0,Moderate,110,"PM10, PM2.5",2023,6,22,3,91.0,75.0,154.0,101.66666666666667,101.14285714285714
2023-06-23,Delhi,28.0,Moderate,132,"PM10, PM2.5",2023,6,23,4,110.0,104.0,119.0,111.0,103.0
2023-06-24,Delhi,30.0,Moderate,169,PM2.5,2023,6,24,5,132.0,91.0,119.0,137.0,110.14285714285714
2023-06-25,Delhi,36.0,Satisfactory,71,"CO, PM10",2023,6,25,6,169.0,110.0,90.0,124.0,107.42857142857143
2023-06-26,Delhi,36.0,Satisfactory,93,"CO, PM2.5",2023,6,26,0,71.0,132.0,75.0,111.0,110.0
2023-06-27,Delhi,34.0,Satisfactory,86,"PM10, PM2.5",2023,6,27,1,93.0,169.0,104.0,83.33333333333333,107.42857142857143
2023-06-28,Delhi,35.0,Satisfactory,93,"CO, PM10",2023,6,28,2,86.0,71.0,91.0,90.66666666666667,107.71428571428571
2023-06-29,Delhi,36.0,Moderate,101,"NO2, PM2.5",2023,6,29,3,93.0,93.0,110.0,93.33333333333333,106.42857142857143
2023-06-30,Delhi,36.0,Satisfactory,70,"NO2, PM10",2023,6,30,4,101.0,86.0,132.0,88.0,97.57142857142857
2023-07-01,Delhi,36.0,Satisfactory,69,"CO, NO2",2023,7,1,5,70.0,93.0,169.0,80.0,83.28571428571429
2023-07-02,Delhi,36.0,Satisfactory,71,"CO, NO2",2023,7,2,6,69.0,101.0,71.0,70.0,83.28571428571429
2023-07-03,Delhi,36.0,Moderate,118,"NO2, O3",2023,7,3,0,71.0,70.0,93.0,86.0,86.85714285714286
2023-07-04,Delhi,36.0,Moderate,144,"NO2, PM2.5",2023,7,4,1,118.0,69.0,86.0,111.0,95.14285714285714
2023-07-05,Delhi,36.0,Satisfactory,96,"NO2, PM10",2023,7,5,2,144.0,71.0,93.0,119.33333333333333,95.57142857142857
2023-07-06,Delhi,36.0,Satisfactory,72,"CO, NO2",2023,7,6,3,96.0,118.0,101.0,104.0,91.42857142857143
2023-07-07,Delhi,35.0,Satisfactory,77,"O3, PM10",2023,7,7,4,72.0,144.0,70.0,81.66666666666667,92.42857142857143
2023-07-08,Delhi,36.0,Satisfactory,71,"NO2, PM10",2023,7,8,5,77.0,96.0,69.0,73.33333333333333,92.71428571428571
2023-07-09,Delhi,36.0,Satisfactory,64,"CO, NO2",2023,7,9,6,71.0,72.0,71.0,70.66666666666667,91.71428571428571
2023-07-10,Delhi,24.0,Satisfactory,65,"CO, PM10",2023,7,10,0,64.0,77.0,118.0,66.66666666666667,84.14285714285714
2023-07-11,Delhi,33.0,Satisfactory,69,"CO, NO2",2023,7,11,1,65.0,71.0,144.0,66.0,73.42857142857143
2023-07-12,Delhi,35.0,Satisfactory,77,"CO, PM10",2023,7,12,2,69.0,64.0,96.0,70.33333333333333,70.71428571428571
2023-07-13,Delhi,35.0,Satisfactory,77,"CO, PM10",2023,7,13,3,77.0,65.0,72.0,74.33333333333333,71.42857142857143
2023-07-14,Delhi,33.0,Satisfactory,73,"CO, PM10",2023,7,14,4,77.0,69.0,77.0,75.66666666666667,70.85714285714286
2023-07-15,Delhi,11.0,Satisfactory,100,PM10,2023,7,15,5,73.0,77.0,71.0,83.33333333333333,75.0
2023-07-16,Delhi,12.0,Satisfactory,69,"CO, PM10",2023,7,16,6,100.0,77.0,64.0,80.66666666666667,75.71428571428571
2023-07-17,Delhi,12.0,Satisfactory,85,"CO, PM10",2023,7,17,0,69.0,73.0,65.0,84.66666666666667,78.57142857142857
2023-07-18,Delhi,8.0,Moderate,113,"O3, PM10",2023,7,18,1,85.0,100.0,69.0,89.0,84.85714285714286
2023-07-19,Delhi,11.0,Satisfactory,77,"O3, PM10",2023,7,19,2,113.0,69.0,77.0,91.66666666666667,84.85714285714286
2023-07-20,Delhi,11.0,Satisfactory,93,"O3, PM10",2023,7,20,3,77.0,85.0,77.0,94.33333333333333,87.14285714285714
2023-07-21,Delhi,12.0,Moderate,109,"PM10, PM2.5",2023,7,21,4,93.0,113.0,73.0,93.0,92.28571428571429
2023-07-22,Delhi,33.0,Satisfactory,95,"PM10, PM2.5",2023,7,22,5,109.0,77.0,100.0,99.0,91.57142857142857
2023-07-23,Delhi,35.0,Satisfactory,73,"O3, PM10",2023,7,23,6,95.0,93.0,69.0,92.33333333333333,92.14285714285714
2023-07-24,Delhi,34.0,Satisfactory,77,"CO, PM2.5",2023,7,24,0,73.0,109.0,85.0,81.66666666666667,91.0
2023-07-25,Delhi,29.0,Moderate,102,"O3, PM2.5",2023,7,25,1,77.0,95.0,113.0,84.0,89.42857142857143
2023-07-26,Delhi,31.0,Satisfactory,73,"PM10, PM2.5",2023,7,26,2,102.0,73.0,77.0,84.0,88.85714285714286
2023-07-27,Delhi,34.0,Satisfactory,92,"O3, PM10",2023,7,27,3,73.0,77.0,93.0,89.0,88.71428571428571
2023-07-28,Delhi,36.0,Satisfactory,81,"CO, PM2.5",2023,7,28,4,92.0,102.0,109.0,82.0,84.71428571428571
2023-07-29,Delhi,35.0,Satisfactory,59,CO,2023,7,29,5,81.0,73.0,95.0,77.33333333333333,79.57142857142857
2023-07-30,Delhi,36.0,Satisfactory,65,CO,2023,7,30,6,59.0,92.0,73.0,68.33333333333333,78.42857142857143
2023-07-31,Delhi,35.0,Satisfactory,89,"CO, PM10",2023,7,31,0,65.0,81.0,77.0,71.0,80.14285714285714
2023-08-01,Delhi,29.0,Satisfactory,92,"CO, PM10",2023,8,1,1,89.0,59.0,102.0,82.0,78.71428571428571
2023-08-02,Delhi,28.0,Satisfactory,91,"CO, PM10",2023,8,2,2,92.0,65.0,73.0,90.66666666666667,81.28571428571429
2023-08-03,Delhi,29.0,Satisfactory,75,"PM10, PM2.5",2023,8,3,3,91.0,89.0,92.0,86.0,78.85714285714286
2023-08-04,Delhi,34.0,Moderate,105,"O3, PM10",2023,8,4,4,75.0,92.0,81.0,90.33333333333333,82.28571428571429
2023-08-05,Delhi,28.0,Satisfactory,85,"O3, PM10",2023,8,5,5,105.0,91.0,59.0,88.33333333333333,86.0
2023-08-06,Delhi,33.0,Moderate,101,PM10,2023,8,6,6,85.0,75.0,65.0,97.0,91.14285714285714
2023-08-07,Delhi,34.0,Moderate,102,PM10,2023,8,7,0,101.0,105.0,89.0,96.0,93.0
2023-08-08,Delhi,32.0,Moderate,110,PM10,2023,8,8,1,102.0,85.0,92.0,104.33333333333333,95.57142857142857
2023-08-09,Delhi,32.0,Moderate,118,PM10,2023,8,9,2,110.0,101.0,91.0,110.0,99.42857142857143
2023-08-10,Delhi,34.0,Moderate,133,"PM10, PM2.5",2023,8,10,3,118.0,102.0,75.0,120.33333333333333,107.71428571428571
2023-08-11,Delhi,34.0,Moderate,123,PM10,2023,8,11,4,133.0,110.0,105.0,124.66666666666667,110.28571428571429
2023-08-12,Delhi,29.0,Moderate,126,"PM10, PM2.5",2023,8,12,5,123.0,118.0,85.0,127.33333333333333,116.14285714285714
2023-08-13,Delhi,32.0,Moderate,105,PM10,2023,8,13,6,126.0,133.0,101.0,118.0,116.71428571428571
2023-08-14,Delhi,33.0,Moderate,114,PM10,2023,8,14,0,105.0,123.0,102.0,115.0,118.42857142857143
2023-08-15,Delhi,33.0,Moderate,108,PM10,2023,8,15,1,114.0,126.0,110.0,109.0,118.14285714285714
2023-08-16,Delhi,28.0,Moderate,109,PM10,2023,8,16,2,108.0,105.0,118.0,110.33333333333333,116.85714285714286
2023-08-17,Delhi,33.0,Moderate,131,PM10,2023,8,17,3,109.0,114.0,133.0,116.0,116.57142857142857
2023-08-18,Delhi,34.0,Moderate,153,PM10,2023,8,18,4,131.0,108.0,123.0,131.0,120.85714285714286
2023-08-19,Delhi,28.0,Moderate,125,"PM10, PM2.5",2023,8,19,5,153.0,109.0,126.0,136.33333333333334,120.71428571428571
2023-08-20,Delhi,23.0,Satisfactory,91,PM10,2023,8,20,6,125.0,131.0,105.0,123.0,118.71428571428571
2023-08-21,Delhi,29.0,Satisfactory,91,"O3, PM10",2023,8,21,0,91.0,153.0,114.0,102.33333333333333,115.42857142857143
2023-08-22,Delhi,34.0,Moderate,106,"CO, NO2",2023,8,22,1,91.0,125.0,108.0,96.0,115.14285714285714
2023-08-23,Delhi,33.0,Satisfactory,71,"CO, NO2",2023,8,23,2,106.0,91.0,109.0,89.33333333333333,109.71428571428571
2023-08-24,Delhi,36.0,Satisfactory,85,PM10,2023,8,24,3,71.0,91.0,131.0,87.33333333333333,103.14285714285714
2023-08-25,Delhi,27.0,Moderate,117,"PM10, PM2.5",2023,8,25,4,85.0,106.0,153.0,91.0,98.0
2023-08-26,Delhi,32.0,Moderate,152,PM10,2023,8,26,5,117.0,71.0,125.0,118.0,101.85714285714286
2023-08-27,Delhi,33.0,Moderate,186,PM10,2023,8,27,6,152.0,85.0,91.0,151.66666666666666,115.42857142857143
2023-08-28,Delhi,28.0,Moderate,144,PM10,2023,8,28,0,186.0,117.0,91.0,160.66666666666666,123.0
2023-08-29,Delhi,34.0,Moderate,162,"PM10, PM2.5",2023,8,29,1,144.0,152.0,106.0,164.0,131.0
2023-08-30,Delhi,29.0,Moderate,154,PM10,2023,8,30,2,162.0,186.0,71.0,153.33333333333334,142.85714285714286
2023-08-31,Delhi,32.0,Moderate,146,"PM10, PM2.5",2023,8,31,3,154.0,144.0,85.0,154.0,151.57142857142858
2023-09-01,Delhi,36.0,Moderate,140,PM10,2023,9,1,4,146.0,162.0,117.0,146.66666666666666,154.85714285714286
2023-09-02,Delhi,35.0,Moderate,136,PM10,2023,9,2,5,140.0,154.0,152.0,140.66666666666666,152.57142857142858
2023-09-03,Delhi,36.0,Moderate,136,PM10,2023,9,3,6,136.0,146.0,186.0,137.33333333333334,145.42857142857142
2023-09-04,Delhi,35.0,Moderate,136,PM10,2023,9,4,0,136.0,140.0,144.0,136.0,144.28571428571428
2023-09-05,Delhi,34.0,Moderate,121,"O3, PM10",2023,9,5,1,136.0,136.0,162.0,131.0,138.42857142857142
2023-09-06,Delhi,35.0,Moderate,106,PM10,2023,9,6,2,121.0,136.0,154.0,121.0,131.57142857142858
2023-09-07,Delhi,36.0,Moderate,104,O3,2023,9,7,3,106.0,136.0,146.0,110.33333333333333,125.57142857142857
2023-09-08,Delhi,36.0,Satisfactory,83,"CO, PM10",2023,9,8,4,104.0,121.0,140.0,97.66666666666667,117.42857142857143
2023-09-09,Delhi,37.0,Satisfactory,54,"CO, PM10",2023,9,9,5,83.0,106.0,136.0,80.33333333333333,105.71428571428571
2023-09-10,Delhi,31.0,Good,45,"NO2, PM2.5",2023,9,10,6,54.0,104.0,136.0,60.666666666666664,92.71428571428571
2023-09-11,Delhi,31.0,Satisfactory,53,"CO, PM10",2023,9,11,0,45.0,83.0,136.0,50.666666666666664,80.85714285714286
2023-09-12,Delhi,34.0,Satisfactory,89,"NO2, PM10",2023,9,12,1,53.0,54.0,121.0,62.333333333333336,76.28571428571429
2023-09-13,Delhi,34.0,Moderate,106,"O3, PM10",2023,9,13,2,89.0,45.0,106.0,82.66666666666667,76.28571428571429
2023-09-14,Delhi,35.0,Moderate,123,"PM10, PM2.5",2023,9,14,3,106.0,53.0,104.0,106.0,79.0
2023-09-15,Delhi,34.0,Moderate,101,"PM10, PM2.5",2023,9,15,4,123.0,89.0,83.0,110.0,81.57142857142857
2023-09-16,Delhi,27.0,Satisfactory,85,"O3, PM10",2023,9,16,5,101.0,106.0,54.0,103.0,86.0
2023-09-17,Delhi,29.0,Satisfactory,65,"CO, O3",2023,9,17,6,85.0,123.0,45.0,83.66666666666667,88.85714285714286
2023-09-18,Delhi,33.0,Satisfactory,63,"CO, PM10",2023,9,18,0,65.0,101.0,53.0,71.0,90.28571428571429
2023-09-19,Delhi,34.0,Satisfactory,73,"CO, PM10",2023,9,19,1,63.0,85.0,89.0,67.0,88.0
2023-09-20,Delhi,35.0,Satisfactory,97,"CO, O3",2023,9,20,2,73.0,65.0,106.0,77.66666666666667,86.71428571428571
2023-09-21,Delhi,35.0,Moderate,114,"CO, PM10",2023,9,21,3,97.0,63.0,123.0,94.66666666666667,85.42857142857143
2023-09-22,Delhi,36.0,Moderate,103,"CO, PM10",2023,9,22,4,114.0,73.0,101.0,104.66666666666667,85.71428571428571
2023-09-23,Delhi,34.0,Moderate,110,"PM10, PM2.5",2023,9,23,5,103.0,97.0,85.0,109.0,89.28571428571429
2023-09-24,Delhi,36.0,Moderate,134,"PM10, PM2.5",2023,9,24,6,110.0,114.0,65.0,115.66666666666667,99.14285714285714
2023-09-25,Delhi,33.0,Moderate,118,"PM10, PM2.5",2023,9,25,0,134.0,103.0,63.0,120.66666666666667,107.0
2023-09-26,Delhi,31.0,Moderate,152,"PM10, PM2.5",2023,9,26,1,118.0,110.0,73.0,134.66666666666666,118.28571428571429
2023-09-27,Delhi,35.0,Moderate,129,"PM10, PM2.5",2023,9,27,2,152.0,134.0,97.0,133.0,122.85714285714286
2023-09-28,Delhi,32.0,Moderate,137,"PM10, PM2.5",2023,9,28,3,129.0,118.0,114.0,139.33333333333334,126.14285714285714
2023-09-29,Delhi,33.0,Moderate,156,"O3, PM2.5",2023,9,29,4,137.0,152.0,103.0,140.66666666666666,133.71428571428572
2023-09-30,Delhi,36.0,Moderate,166,"PM10, PM2.5",2023,9,30,5,156.0,129.0,110.0,153.0,141.71428571428572
2023-10-01,Delhi,35.0,Moderate,147,"PM10, PM2.5",2023,10,1,6,166.0,137.0,134.0,156.33333333333334,143.57142857142858
2023-10-02,Delhi,36.0,Moderate,146,"PM10, PM2.5",2023,10,2,0,147.0,156.0,118.0,153.0,147.57142857142858
2023-10-03,Delhi,37.0,Moderate,155,"PM10, PM2.5",2023,10,3,1,146.0,166.0,152.0,149.33333333333334,148.0
2023-10-04,Delhi,35.0,Moderate,176,"PM10, PM2.5",2023,10,4,2,155.0,147.0,129.0,159.0,154.71428571428572
2023-10-05,Delhi,34.0,Moderate,177,"PM10, PM2.5",2023,10,5,3,176.0,146.0,137.0,169.33333333333334,160.42857142857142
2023-10-06,Delhi,32.0,Poor,212,PM2.5,2023,10,6,4,177.0,155.0,156.0,188.33333333333334,168.42857142857142
2023-10-07,Delhi,36.0,Poor,216,"PM10, PM2.5",2023,10,7,5,212.0,176.0,166.0,201.66666666666666,175.57142857142858
2023-10-08,Delhi,35.0,Moderate,164,"PM10, PM2.5",2023,10,8,6,216.0,177.0,147.0,197.33333333333334,178.0
2023-10-09,Delhi,32.0,Moderate,175,"PM10, PM2.5",2023,10,9,0,164.0,212.0,146.0,185.0,182.14285714285714
2023-10-10,Delhi,12.0,Moderate,180,PM2.5,2023,10,10,1,175.0,216.0,155.0,173.0,185.71428571428572
2023-10-11,Delhi,35.0,Moderate,193,"PM10, PM2.5",2023,10,11,2,180.0,164.0,176.0,182.66666666666666,188.14285714285714
2023-10-12,Delhi,32.0,Poor,220,"PM10, PM2.5",2023,10,12,3,193.0,175.0,177.0,197.66666666666666,194.28571428571428
2023-10-13,Delhi,35.0,Poor,256,"PM10, PM2.5",2023,10,13,4,220.0,180.0,212.0,223.0,200.57142857142858
2023-10-14,Delhi,30.0,Poor,257,"NO2, PM10",2023,10,14,5,256.0,193.0,216.0,244.33333333333334,206.42857142857142
2023-10-15,Delhi,33.0,Poor,233,"NO2, PM10",2023,10,15,6,257.0,220.0,164.0,248.66666666666666,216.28571428571428
2023-10-16,Delhi,32.0,Poor,207,"NO2, PM10",2023,10,16,0,233.0,256.0,175.0,232.33333333333334,220.85714285714286
2023-10-17,Delhi,27.0,Satisfactory,89,"PM10, PM2.5",2023,10,17,1,207.0,257.0,180.0,176.33333333333334,207.85714285714286
2023-10-18,Delhi,33.0,Moderate,129,"PM10, PM2.5",2023,10,18,2,89.0,233.0,193.0,141.66666666666666,198.71428571428572
2023-10-19,Delhi,34.0,Moderate,121,"PM10, PM2.5",2023,10,19,3,129.0,207.0,220.0,113.0,184.57142857142858
2023-10-20,Delhi,35.0,Moderate,195,"O3, PM2.5",2023,10,20,4,121.0,89.0,256.0,148.33333333333334,175.85714285714286
2023-10-21,Delhi,34.0,Poor,248,PM2.5,2023,10,21,5,195.0,129.0,257.0,188.0,174.57142857142858
2023-10-22,Delhi,34.0,Very Poor,313,PM2.5,2023,10,22,6,248.0,121.0,233.0,252.0,186.0
2023-10-23,Delhi,32.0,Poor,263,PM2.5,2023,10,23,0,313.0,195.0,207.0,274.6666666666667,194.0
2023-10-24,Delhi,34.0,Poor,220,"CO, PM2.5",2023,10,24,1,263.0,248.0,89.0,265.3333333333333,212.71428571428572
2023-10-25,Delhi,34.0,Poor,243,PM2.5,2023,10,25,2,220.0,313.0,129.0,242.0,229.0
2023-10-26,Delhi,34.0,Poor,256,"PM10, PM2.5",2023,10,26,3,243.0,263.0,121.0,239.66666666666666,248.28571428571428
2023-10-27,Delhi,36.0,Poor,261,"PM10, PM2.5",2023,10,27,4,256.0,220.0,195.0,253.33333333333334,257.7142857142857
2023-10-28,Delhi,37.0,Very Poor,304,"PM10, PM2.5",2023,10,28,5,261.0,243.0,248.0,273.6666666666667,265.7142857142857
2023-10-29,Delhi,34.0,Very Poor,325,"PM10, PM2.5",2023,10,29,6,304.0,256.0,313.0,296.6666666666667,267.42857142857144
2023-10-30,Delhi,38.0,Very Poor,347,"PM10, PM2.5",2023,10,30,0,325.0,261.0,263.0,325.3333333333333,279.42857142857144
2023-10-31,Delhi,37.0,Very Poor,359,"PM10, PM2.5",2023,10,31,1,347.0,304.0,220.0,343.6666666666667,299.2857142857143
2023-11-01,Delhi,35.0,Very Poor,364,"PM10, PM2.5",2023,11,1,2,359.0,325.0,243.0,356.6666666666667,316.57142857142856
2023-11-02,Delhi,34.0,Very Poor,392,PM2.5,2023,11,2,3,364.0,347.0,256.0,371.6666666666667,336.0
2023-11-03,Delhi,35.0,Severe,468,"PM10, PM2.5",2023,11,3,4,392.0,359.0,261.0,408.0,365.57142857142856
2023-11-04,Delhi,35.0,Severe,415,PM10,2023,11,4,5,468.0,364.0,304.0,425.0,381.42857142857144
2023-11-05,Delhi,32.0,Severe,454,"PM10, PM2.5",2023,11,5,6,415.0,392.0,325.0,445.6666666666667,399.85714285714283
2023-11-06,Delhi,32.0,Severe,421,PM2.5,2023,11,6,0,454.0,468.0,347.0,430.0,410.42857142857144
2023-11-07,Delhi,31.0,Very Poor,395,"PM10, PM2.5",2023,11,7,1,421.0,415.0,359.0,423.3333333333333,415.57142857142856
2023-11-08,Delhi,33.0,Severe,426,"PM10, PM2.5",2023,11,8,2,395.0,454.0,364.0,414.0,424.42857142857144
2023-11-09,Delhi,35.0,Severe,437,"PM10, PM2.5",2023,11,9,3,426.0,421.0,392.0,419.3333333333333,430.85714285714283
2023-11-10,Delhi,35.0,Poor,279,PM2.5,2023,11,10,4,437.0,395.0,468.0,380.6666666666667,403.85714285714283
2023-11-11,Delhi,34.0,Poor,220,PM2.5,2023,11,11,5,279.0,426.0,415.0,312.0,376.0
2023-11-12,Delhi,36.0,Poor,218,"PM10, PM2.5",2023,11,12,6,220.0,437.0,454.0,239.0,342.2857142857143
2023-11-13,Delhi,35.0,Very Poor,358,PM2.5,2023,11,13,0,218.0,279.0,421.0,265.3333333333333,333.2857142857143
2023-11-14,Delhi,35.0,Very Poor,397,"PM10, PM2.5",2023,11,14,1,358.0,220.0,395.0,324.3333333333333,333.57142857142856
2023-11-15,Delhi,35.0,Severe,398,PM2.5,2023,11,15,2,397.0,218.0,426.0,384.3333333333333,329.57142857142856
2023-11-16,Delhi,35.0,Severe,419,PM2.5,2023,11,16,3,398.0,358.0,437.0,404.6666666666667,327.0
2023-11-17,Delhi,37.0,Severe,405,PM2.5,2023,11,17,4,419.0,397.0,279.0,407.3333333333333,345.0
2023-11-18,Delhi,35.0,Very Poor,319,PM2.5,2023,11,18,5,405.0,398.0,220.0,381.0,359.14285714285717
2023-11-19,Delhi,37.0,Very Poor,301,PM2.5,2023,11,19,6,319.0,419.0,218.0,341.6666666666667,371.0
2023-11-20,Delhi,38.0,Very Poor,348,PM2.5,2023,11,20,0,301.0,405.0,358.0,322.6666666666667,369.57142857142856
2023-11-21,Delhi,36.0,Very Poor,372,PM2.5,2023,11,21,1,348.0,319.0,397.0,340.3333333333333,366.0
2023-11-22,Delhi,37.0,Very Poor,395,PM2.5,2023,11,22,2,372.0,301.0,398.0,371.6666666666667,365.57142857142856
2023-11-23,Delhi,38.0,Very Poor,390,PM2.5,2023,11,23,3,395.0,348.0,419.0,385.6666666666667,361.42857142857144
2023-11-24,Delhi,38.0,Severe,415,"PM10, PM2.5",2023,11,24,4,390.0,372.0,405.0,400.0,362.85714285714283
2023-11-25,Delhi,19.0,Very Poor,389,PM2.5,2023,11,25,5,415.0,395.0,319.0,398.0,372.85714285714283
2023-11-26,Delhi,38.0,Very Poor,396,PM2.5,2023,11,26,6,389.0,390.0,301.0,400.0,386.42857142857144
2023-11-27,Delhi,38.0,Very Poor,395,"PM10, PM2.5",2023,11,27,0,396.0,415.0,348.0,393.3333333333333,393.14285714285717
2023-11-28,Delhi,36.0,Very Poor,312,PM2.5,2023,11,28,1,395.0,389.0,372.0,367.6666666666667,384.57142857142856
2023-11-29,Delhi,37.0,Poor,290,PM2.5,2023,11,29,2,312.0,396.0,395.0,332.3333333333333,369.57142857142856
2023-11-30,Delhi,38.0,Very Poor,398,PM2.5,2023,11,30,3,290.0,395.0,390.0,333.3333333333333,370.7142857142857
2023-12-01,Delhi,36.0,Very Poor,372,PM2.5,2023,12,1,4,398.0,312.0,415.0,353.3333333333333,364.57142857142856
2023-12-02,Delhi,35.0,Very Poor,353,PM2.5,2023,12,2,5,372.0,290.0,389.0,374.3333333333333,359.42857142857144
2023-12-03,Delhi,35.0,Very Poor,314,PM2.5,2023,12,3,6,353.0,398.0,396.0,346.3333333333333,347.7142857142857
2023-12-04,Delhi,35.0,Very Poor,310,PM2.5,2023,12,4,0,314.0,372.0,395.0,325.6666666666667,335.57142857142856
2023-12-05,Delhi,35.0,Poor,297,PM2.5,2023,12,5,1,310.0,353.0,312.0,307.0,333.42857142857144
2023-12-06,Delhi,37.0,Poor,286,PM2.5,2023,12,6,2,297.0,314.0,290.0,297.6666666666667,332.85714285714283
2023-12-07,Delhi,33.0,Very Poor,320,PM2.5,2023,12,7,3,286.0,310.0,398.0,301.0,321.7142857142857
2023-12-08,Delhi,36.0,Very Poor,324,PM2.5,2023,12,8,4,320.0,297.0,372.0,310.0,314.85714285714283
2023-12-09,Delhi,34.0,Very Poor,321,PM2.5,2023,12,9,5,324.0,286.0,353.0,321.6666666666667,310.2857142857143
2023-12-10,Delhi,34.0,Very Poor,314,PM2.5,2023,12,10,6,321.0,320.0,314.0,319.6666666666667,310.2857142857143
2023-12-11,Delhi,37.0,Very Poor,317,PM2.5,2023,12,11,0,314.0,324.0,310.0,317.3333333333333,311.2857142857143
2023-12-12,Delhi,37.0,Very Poor,355,"PM10, PM2.5",2023,12,12,1,317.0,321.0,297.0,328.6666666666667,319.57142857142856
2023-12-13,Delhi,35.0,Very Poor,378,PM2.5,2023,12,13,2,355.0,314.0,286.0,350.0,332.7142857142857
2023-12-14,Delhi,37.0,Very Poor,326,PM2.5,2023,12,14,3,378.0,317.0,320.0,353.0,333.57142857142856
2023-12-15,Delhi,35.0,Very Poor,323,"PM10, PM2.5",2023,12,15,4,326.0,355.0,324.0,342.3333333333333,333.42857142857144
2023-12-16,Delhi,37.0,Very Poor,354,"PM10, PM2.5",2023,12,16,5,323.0,378.0,321.0,334.3333333333333,338.14285714285717
2023-12-17,Delhi,36.0,Very Poor,331,PM2.5,2023,12,17,6,354.0,326.0,314.0,336.0,340.57142857142856
2023-12-18,Delhi,33.0,Very Poor,330,PM2.5,2023,12,18,0,331.0,323.0,317.0,338.3333333333333,342.42857142857144
2023-12-19,Delhi,37.0,Poor,286,PM2.5,2023,12,19,1,330.0,354.0,355.0,315.6666666666667,332.57142857142856
2023-12-20,Delhi,36.0,Poor,285,PM2.5,2023,12,20,2,286.0,331.0,378.0,300.3333333333333,319.2857142857143
2023-12-21,Delhi,37.0,Very Poor,361,PM2.5,2023,12,21,3,285.0,330.0,326.0,310.6666666666667,324.2857142857143
2023-12-22,Delhi,35.0,Severe,409,"PM10, PM2.5",2023,12,22,4,361.0,286.0,323.0,351.6666666666667,336.57142857142856
2023-12-23,Delhi,36.0,Severe,450,PM2.5,2023,12,23,5,409.0,285.0,354.0,406.6666666666667,350.2857142857143
2023-12-24,Delhi,35.0,Severe,411,"PM10, PM2.5",2023,12,24,6,450.0,361.0,331.0,423.3333333333333,361.7142857142857
2023-12-25,Delhi,34.0,Very Poor,383,PM2.5,2023,12,25,0,411.0,409.0,330.0,414.6666666666667,369.2857142857143
2023-12-26,Delhi,35.0,Very Poor,377,PM2.5,2023,12,26,1,383.0,450.0,286.0,390.3333333333333,382.2857142857143
2023-12-27,Delhi,38.0,Very Poor,380,PM2.5,2023,12,27,2,377.0,411.0,285.0,380.0,395.85714285714283
2023-12-28,Delhi,38.0,Very Poor,358,PM2.5,2023,12,28,3,380.0,383.0,361.0,371.6666666666667,395.42857142857144
2023-12-29,Delhi,36.0,Very Poor,382,PM2.5,2023,12,29,4,358.0,377.0,409.0,373.3333333333333,391.57142857142856
2023-12-30,Delhi,37.0,Very Poor,400,PM2.5,2023,12,30,5,382.0,380.0,450.0,380.0,384.42857142857144
2023-12-31,Delhi,37.0,Very Poor,382,PM2.5,2023,12,31,6,400.0,358.0,411.0,388.0,380.2857142857143
